,DENV1_IV,DENV1_II,DENV2_ASIANII,DENV3_V,DENV2_COSMOPOLITAN,DENV4_II,DENV1_I,DENV2_AMERICAN,DENV1_V,DENV2_ASIANAMERICAN,DENV3_III,DENV4_I,DENV2_ASIANI,DENV3_I,DENV4_III,DENV3_II
1972.1666670000002,-0.3800432646500522,-0.38004326705796787,0.6573404882022222,-1.3268719613390174,0.7247180794158565,-0.08422869838628888,-0.3800432646500522,0.7538911611761796,-0.612015085670679,0.6573405027527816,-1.376480293970567,-0.08055493059310498,0.6573404745632363,-1.3268719613390174,-0.08055493059310498,-1.376480293970567
1972.4166670000002,-0.28675723270744724,-0.28675723516018614,0.7147429312110729,-1.4580675995257386,0.7708334044357082,-0.08664589012124124,-0.28675723270744724,0.7951194011874945,-0.5562811151881384,0.7147429433241174,-1.5097756542337484,-0.08265915374700632,0.7147429198568948,-1.4580675995257386,-0.08265915374700632,-1.5097756542337484
1972.6666670000002,-0.045156562148899404,-0.045156564417851985,0.7433293785061093,-1.7339627048837825,0.7937988609402373,-0.09601831558831603,-0.045156562148899404,0.8156510867460489,-0.3138782000704192,0.74332938940527,-1.7902862225605456,-0.09135663568960607,0.7433293682897666,-1.7339627048837825,-0.09135663568960607,-1.7902862225605456
1972.9166670000002,0.30478650974263566,0.3047865078311356,0.7506399000514641,-2.116981785283093,0.7996719050034784,-0.11082401071538728,0.30478650974263566,0.8209017332530852,0.06773184104895424,0.7506399106401938,-2.1788914613169466,-0.10518003023443244,0.7506398901261044,-2.116981785283093,-0.10518003023443244,-2.1788914613169466
1973.1666670000002,0.7244297717975967,0.7244297703484275,0.7429580597396668,-2.566767437809298,0.793500555072004,-0.13077133995266707,0.7244297717975967,0.8153843939291381,0.5390834848215142,0.7429580706545952,-2.633782075527053,-0.12383086902024995,0.7429580495085444,-2.566767437809298,-0.12383086902024995,-2.633782075527053
1973.4166670000002,1.1052388336797132,1.1052388326667322,0.7001459985254048,-2.9207348636874024,0.759106685853562,-0.1708098667182364,1.1052388336797132,0.7846354250246518,0.9728837768810477,0.7001460112582878,-2.997395240859337,-0.16137296819496938,0.7001459865902204,-2.9207348636874024,-0.16137296819496938,-2.997395240859337
1973.6666670000002,1.4026852019780596,1.4026852013143567,0.6165214898000534,-3.109879443620509,0.6877584395971144,-0.23959651976587426,1.4026852019780596,0.7252247370194245,1.3146495760859807,0.6165215052465864,-3.200734596977214,-0.22585988091226758,0.6165214757087651,-3.109879443620509,-0.22585988091226758,-3.200734596977214
1973.9166670000002,1.6123372031321352,1.6123372027114307,0.496358067084958,-3.1319219271952297,0.5861803807789161,-0.33974719612949567,1.6123372031321352,0.6397074591761573,1.5556295644519653,0.4963580866207645,-3.23860112336526,-0.31962563142633943,0.4963580496300153,-3.1319219271952297,-0.31962563142633943,-3.23860112336526
1974.1666670000002,1.7495507125774532,1.7495507123123544,0.34547950565959074,-3.008064477351179,0.4589252342603891,-0.47442563245879044,1.7495507125774532,0.5322860835280407,1.7131934511065001,0.34547953038769263,-3.129941144790963,-0.4455153752294175,0.34547948387811556,-3.008064477351179,-0.4455153752294175,-3.129941144790963
1974.4166670000002,1.8178519198111416,1.8178519196229705,-0.011987256296405402,-2.666404152088898,0.15864030030490495,-0.5520271590512696,1.8178519198111416,0.27759017215849724,1.7914963689045103,-0.011987219022901563,-2.789511265648154,-0.5181203124672658,-0.011987288773192217,-2.666404152088898,-0.5181203124672658,-2.789511265648154
1974.6666670000002,1.8419199853393216,1.841919985179921,-0.532272490864381,-2.1573686779579586,-0.28464994963456425,-0.5900895197252094,1.8419199853393216,-0.09214057253995223,1.8191725443708378,-0.532272436583626,-2.2681484149866677,-0.5540007458349393,-0.5322725374067863,-2.1573686779579586,-0.5540007458349393,-2.2681484149866677
1974.9166670000002,1.8570885437837839,1.8570885436432398,-1.1958932484492677,-1.5312440682538022,-0.8592375076069163,-0.5940219058680112,1.8570885437837839,-0.5622966541068837,1.8367602170045954,-1.195893174319274,-1.6196396932984354,-0.5581361230766694,-1.1958933107403755,-1.5312440682538022,-0.5581361230766694,-1.6196396932984354
1975.1666670000002,1.8777923449004212,1.877792344782283,-1.8639390771664135,-0.8945711201239016,-1.4622913738145984,-0.5990474087007974,1.8777923449004212,-1.031738678073285,1.8605246770596036,-1.8639389880052275,-0.957237543129159,-0.5636568210233992,-1.8639391494393363,-0.8945711201239016,-0.5636568210233992,-0.957237543129159
1975.4166670000002,1.8901657548481627,1.8901657547442223,-2.3626412119834916,-0.3885854354454471,-1.9759670648415444,-0.5976141193995812,1.8901657548481627,-1.372261192620754,1.8748320439304516,-2.3626411243598704,-0.4291298425916795,-0.5633913426648924,-2.3626412769816305,-0.3885854354454471,-0.5633913426648924,-0.4291298425916795
1975.6666670000002,1.8907482640491158,1.890748263947494,-2.6750493663103807,-0.030826002602288072,-2.3942816068712225,-0.5744671509137521,1.8907482640491158,-1.5772578468005434,1.8755936834148839,-2.675049300167052,-0.054777192854627565,-0.5427391011626646,-2.6750494044982176,-0.030826002602288072,-0.5427391011626646,-0.054777192854627565
1975.9166670000002,1.8762528142654893,1.8762528141480974,-2.788620022029022,0.18220157564069667,-2.6476421586083263,-0.5784420547949043,1.8762528142654893,-1.6395526478683937,1.8584639523863957,-2.78861998464472,0.16844372994097934,-0.5478218407446472,-2.788620026765982,0.18220157564069667,-0.5478218407446472,0.16844372994097934
1976.1666670000002,1.8446862580968981,1.8446862579358623,-2.75327650075403,0.2880823410921689,-2.7715478943382466,-0.5997435584633166,1.8446862580968981,-1.5954980874405096,1.8198179265907202,-2.7532764963245526,0.2798010820087105,-0.5694407852615027,-2.7532764694314293,0.2880823410921689,-0.5694407852615027,0.2798010820087105
1976.4166670000002,1.822573749599723,1.8225737494047958,-2.676979826221489,0.32927542514361297,-2.8206871822715653,-0.6234615674357884,1.822573749599723,-1.533271428723598,1.7921663868057616,-2.6769798488515923,0.3237166616282719,-0.5943792824489801,-2.6769797667977135,0.32927542514361297,-0.5943792824489801,0.3237166616282719
1976.6666670000002,1.8238208225155803,1.8238208223169958,-2.6371781145832394,0.3507439066112078,-2.847553029209502,-0.6402911815023331,1.8238208225155803,-1.5147104467294112,1.7926887225426331,-2.6371781539118375,0.34679982367397455,-0.6141847896040096,-2.6371780397612508,0.3507439066112078,-0.6141847896040096,0.34679982367397455
1976.9166670000002,1.84173298954626,1.8417329893648782,-2.6428580794393506,0.3752137208862297,-2.8637032611322635,-0.6529234851612111,1.84173298954626,-1.5485123211620158,1.8131970357556317,-2.6428581260793527,0.3726278552954933,-0.6313143833289494,-2.642858000855532,0.3752137208862297,-0.6313143833289494,0.3726278552954933
1977.1666670000002,1.8674245256548299,1.8674245255004158,-2.6638662089250276,0.3985377230927028,-2.8297341747247318,-0.6810713150671891,1.8674245256548299,-1.6197292651895752,1.8430528453188675,-2.6638662524381256,0.39716273284853143,-0.6651893019197183,-2.663866138829828,0.3985377230927028,-0.6651893019197183,0.39716273284853143
1977.4166670000002,1.8815515952466662,1.881551595108059,-2.636045004618995,0.36822148340746075,-2.7004673619349826,-0.7268402940903421,1.8815515952466662,-1.6522755854471578,1.8596010336353284,-2.6360450337635903,0.36830047006514827,-0.7151120587007798,-2.6360449542367266,0.36822148340746075,-0.7151120587007798,0.36830047006514827
1977.6666670000002,1.8807589827200109,1.8807589825825508,-2.534033482502665,0.2528495724417234,-2.483245645738127,-0.7790252813595849,1.8807589827200109,-1.6019089396655333,1.858926604355246,-2.5340334890892726,0.25544181617418055,-0.7680924042605837,-2.534033459236465,0.2528495724417234,-0.7680924042605837,0.25544181617418055
1977.9166670000002,1.8662396441437972,1.8662396439945135,-2.3197986088667366,0.026864942817295567,-2.1611592076672097,-0.8366234534918274,1.8662396441437972,-1.4492797886134992,1.8424847752498301,-2.319798590735934,0.03422898270102026,-0.8232192723018184,-2.3197986139509466,0.026864942817295567,-0.8232192723018184,0.03422898270102026
1978.1666670000002,1.8476224317834498,1.8476224316202376,-1.989373046083816,-0.3122917666134031,-1.7479803893661394,-0.8970548621687895,1.8476224317834498,-1.1992891090606856,1.821626025853738,-1.9893730063757427,-0.29672238597304557,-0.87833104312181,-1.9893730756311,-0.3122917666134031,-0.87833104312181,-0.29672238597304557
1978.4166670000002,1.815338972336556,1.815338972149354,-1.6867005265265052,-0.675196973848102,-1.3831175524761345,-0.8801342225230145,1.815338972336556,-0.9642044619708727,1.7855037000875824,-1.686700469132108,-0.6439766923501643,-0.8586732615181437,-1.6867005756865732,-0.675196973848102,-0.8586732615181437,-0.6439766923501643
1978.6666670000002,1.765148423076963,1.7651484228536916,-1.496657431297062,-1.0067354463575042,-1.1431984229285144,-0.7460441279737176,1.765148423076963,-0.8106557559966041,1.729544311068692,-1.496657359356996,-0.9512131614162783,-0.7263867132322576,-1.4966574960153203,-1.0067354463575042,-0.7263867132322576,-0.9512131614162783
1978.9166670000002,1.6964522302260034,1.6964522299590052,-1.4204292003740284,-1.276061496362391,-1.024257155926398,-0.5235789971370719,1.6964522302260034,-0.7448736623401475,1.653851668640879,-1.4204291167541885,-1.190500226064533,-0.5089159650234147,-1.4204292772334997,-1.276061496362391,-0.5089159650234147,-1.190500226064533
1979.1666670000002,1.6495498653896623,1.6495498651056653,-1.7229219348727924,-1.1482407129831964,-1.2310675055258624,-0.33399804728792865,1.6495498653896623,-0.9569026863275112,1.6042184965913013,-1.7229218293292954,-1.061544591924453,-0.32420435823064936,-1.7229220329991808,-1.1482407129831964,-0.32420435823064936,-1.061544591924453
1979.4166670000002,1.5968540196960523,1.5968540193951404,-2.1063381794845997,-0.8793745046493541,-1.5194648538850735,-0.18528558359701572,1.5968540196960523,-1.2306180595052103,1.5487912128907986,-2.106338052931638,-0.802706316763505,-0.1797432576335707,-2.1063382976809133,-0.8793745046493541,-0.1797432576335707,-0.802706316763505
1979.6666670000002,1.482476461345749,1.482476460999821,-2.3766076540023398,-0.5964730816132461,-1.7272686968741477,-0.08094723924192061,1.482476461345749,-1.4245492011845133,1.4271730587690343,-2.3766075138275173,-0.5339350468919141,-0.07861230281497236,-2.3766077851345324,-0.5964730816132461,-0.07861230281497236,-0.5339350468919141
1979.9166670000002,1.302079686263997,1.3020796858640558,-2.5240302473507388,-0.30840689289226564,-1.8407998185332564,-0.02353042950583191,1.302079686263997,-1.5305247669198985,1.2380847288830474,-2.5240300998187575,-0.2629670269805151,-0.02291862130833054,-2.524030385460794,-0.30840689289226564,-0.02291862130833054,-0.2629670269805151
1980.1666670000002,1.051022669476547,1.0510226690282056,-2.5467274143386325,-0.026143481176756134,-1.8559104263424095,-0.003025177211412816,1.051022669476547,-1.546913164512989,0.9792173677758618,-2.546727265148649,0.0020150391377137256,-0.0029711459466653396,-2.546727554053768,-0.026143481176756134,-0.0029711459466653396,0.0020150391377137256
1980.4166670000002,0.7503406726459656,0.7503406722265873,-2.405388952348784,0.16442674271221241,-1.7408258391110643,-0.0012565448808574415,0.7503406726459656,-1.4454376467375396,0.6831802992131142,-2.4053888088180666,0.17925194951342144,-0.0012442358534759345,-2.405389086785095,0.16442674271221241,-0.0012442358534759345,0.17925194951342144
1980.6666670000002,0.40829402605050635,0.4082940258019414,-2.10165929967823,0.23233545429057173,-1.4962197970102298,-0.0008831882357496776,0.40829402605050635,-1.2273718617321379,0.36863300352520745,-2.1016591742616035,0.2395130908839661,-0.000880209414041471,-2.101659417145624,0.23233545429057173,-0.000880209414041471,0.2395130908839661
1980.9166670000002,0.04083071264701488,0.040830712752500276,-1.7091626777193243,0.22711169362954725,-1.1805212572662,-0.0007260692167022423,0.04083071264701488,-0.9455182409525231,0.058175787225130504,-1.709162572243014,0.2281648077620606,-0.0007281309916057202,-1.709162776493672,0.22711169362954725,-0.0007281309916057202,0.2281648077620606
1981.1666670000002,-0.33568779304106133,-0.33568779239127444,-1.2672338653279196,0.16853478573752445,-0.8249905217085098,-0.0006061826989152053,-0.33568779304106133,-0.6281587285434915,-0.23071127389265333,-1.2672337800631661,0.16291474483506163,-0.0006112295154849874,-1.2672339451424914,0.16853478573752445,-0.0006112295154849874,0.16291474483506163
1981.4166670000002,-0.5719036317807564,-0.5719036305935141,-0.9901137886614639,0.11487889045758315,-0.6021727565243684,-0.0005629966269742303,-0.5719036317807564,-0.4291396498707307,-0.38038940393076137,-0.9901137171645495,0.10543124252944747,-0.0005705954727084207,-0.9901138554952005,0.11487889045758315,-0.0005705954727084207,0.10543124252944747
1981.6666670000002,-0.629905277296928,-0.6299052756978596,-0.941259182033847,0.09551670555367298,-0.5630779816223161,-0.0006030206240148279,-0.629905277296928,-0.39404636448658836,-0.3720847220158481,-0.9412591163791142,0.0858227120930688,-0.00061413001268669,-0.9412592431891689,0.09551670555367298,-0.00061413001268669,0.0858227120930688
1981.9166670000002,-0.5326816078129974,-0.5326816059630679,-1.0961236516533663,0.11534739343474576,-0.6876086964733525,-0.0006309353005269787,-0.5326816078129974,-0.5053153728778683,-0.23448197686718197,-1.0961235852590199,0.1075889620314493,-0.0006455910365316799,-1.0961237130853654,0.11534739343474576,-0.0006455910365316799,0.1075889620314493
1982.1666670000002,-0.3084364722924664,-0.3084364703548865,-1.4159318310812314,0.16832997507142716,-0.9443465520573593,-0.0005948196452341169,-0.3084364722924664,-0.7350083060868657,0.0038529187008085053,-1.4159317592488834,0.16369409447615202,-0.0006109341000284771,-1.4159318968826202,0.16832997507142716,-0.0006109341000284771,0.16369409447615202
1982.4166670000002,-0.0379767808776994,-0.037976779024532004,-1.7499627341570445,0.19951020950263343,-1.212637531743482,-0.00056466012439268,-0.0379767808776994,-0.974878900423892,0.26069014521550304,-1.7499626537763016,0.19916101555065135,-0.0005822512717052631,-1.749962806550633,0.19951020950263343,-0.0005822512717052631,0.19916101555065135
1982.6666670000002,0.2306968649197323,0.2306968665625848,-2.021473532462176,0.1834861688661315,-1.4308265893521352,-0.0005751195366300683,0.2306968649197323,-1.1698339852048965,0.4954658275476045,-2.0214734402730317,0.18913233609008956,-0.0005956367433704472,-2.0214736134052322,0.1834861688661315,-0.0005956367433704472,0.18913233609008956
1982.9166670000002,0.4744924882058763,0.47449248957079027,-2.203516960788909,0.11412798155239567,-1.5769337383237656,-0.0005674896526184727,0.4744924882058763,-1.3005667628652788,0.6944713868275596,-2.2035168557423916,0.12771010597778087,-0.0005902006484247187,-2.2035170498308156,0.11412798155239567,-0.0005902006484247187,0.12771010597778087
1983.1666670000002,0.6952885169828522,0.6952885180465957,-2.3086514010403882,-0.0029668737468773188,-1.6607630593233358,-0.000539568343178119,0.6952885169828522,-1.376143518493377,0.8667363401341257,-2.3086512823603145,0.021087474036964093,-0.0005634090228430091,-2.3086514970428187,-0.0029668737468773188,-0.0005634090228430091,0.021087474036964093
1983.4166670000002,0.8891342460967886,0.8891342469079251,-2.3389698967662764,-0.16433839990337495,-1.6847890144274245,-0.0008470742609434876,0.8891342460967886,-1.3979479352224544,1.0198762462836992,-2.3389697687611335,-0.13260546601243905,-0.0008900225409006624,-2.3389699973842046,-0.16433839990337495,-0.0008900225409006624,-0.13260546601243905
1983.6666670000002,1.0617230845731742,1.0617230852013795,-2.2969120850733584,-0.3725697235218165,-1.65096488920986,-0.0023817745786856924,1.0617230845731742,-1.3677391432937998,1.1629853138832922,-2.2969119524802863,-0.34023567482429784,-0.0025164644440950814,-2.296912189893372,-0.3725697235218165,-0.0025164644440950814,-0.34023567482429784
1983.9166670000002,1.2323097812196138,1.2323097817138886,-2.214703859179981,-0.6130005183022796,-1.5849718540942868,-0.006614350426995338,1.2323097812196138,-1.3087170103223733,1.311986102742098,-2.2147037259854887,-0.5903486998736523,-0.007013628197352914,-2.214703967271649,-0.6130005183022796,-0.007013628197352914,-0.5903486998736523
1984.1666670000002,1.4076490246885975,1.4076490250755254,-2.109995619192155,-0.8714826358260733,-1.5007535371131167,-0.014985963059646876,1.4076490246885975,-1.233724448196837,1.4700209760191898,-2.109995488430206,-0.8713946251129171,-0.015935960216101535,-2.1099957297907954,-0.8714826358260733,-0.015935960216101535,-0.8713946251129171
1984.4166670000002,1.5143595830860608,1.514359583438418,-1.898748815982536,-1.1435294582964257,-1.3310273464069975,-0.03617192909683562,1.5143595830860608,-1.0822106558463775,1.5711552578440844,-1.8987486935383369,-1.1797665613572001,-0.03857767254120889,-1.8987489231734194,-1.1435294582964257,-0.03857767254120889,-1.1797665613572001
1984.6666670000002,1.533159021032575,1.5331590214412572,-1.6574441090819652,-1.3314627754319321,-1.1373109944215618,-0.08341355366022785,1.533159021032575,-0.9090059997775073,1.599027398756322,-1.6574439969270758,-1.4027597666423328,-0.08919987529086097,-1.6574442102035611,-1.3314627754319321,-0.08919987529086097,-1.4027597666423328
1984.9166670000002,1.4774547750385105,1.4774547755894667,-1.4489004028319528,-1.3809551617872513,-0.969964681933172,-0.1699786314329525,1.4774547750385105,-0.7592503254407981,1.5662458822491354,-1.448900299594737,-1.4763890017984584,-0.18219541816424634,-1.4489004979130056,-1.3809551617872513,-0.18219541816424634,-1.4763890017984584
1985.1666670000002,1.3632024425921954,1.3632024433660934,-1.264010030735463,-1.306835349427367,-0.8216103626795204,-0.30648985614507623,1.3632024425921954,-0.6262407240531405,1.4879151314060997,-1.2640099353898808,-1.4148106765212956,-0.32919646395079744,-1.2640101195469877,-1.306835349427367,-0.32919646395079744,-1.4148106765212956
1985.4166670000002,1.2459822940462788,1.2459822950365824,-1.2093084346635514,-1.1626719407941692,-0.7781582615250406,-0.39293114250346467,1.2459822940462788,-0.5866950717895763,1.4055636814496157,-1.2093083417949324,-1.2709008949090626,-0.4224404699887628,-1.2093085215437678,-1.1626719407941692,-0.4224404699887628,-1.2709008949090626
1985.6666670000002,1.0930940906833457,1.0930940919282213,-1.1494641147574454,-1.075981488087411,-0.7308088788617493,-0.39604913707560596,1.0930940906833457,-0.5434316067327487,1.293694995579462,-1.14946402469312,-1.179484097862756,-0.4259874312984894,-1.1494641990284826,-1.075981488087411,-0.4259874312984894,-1.179484097862756
1985.9166670000002,0.915645055895254,0.9156450574244153,-1.0599034393238544,-1.0537347300699738,-0.6595241001480201,-0.3421705232277532,0.915645055895254,-0.4788751527328108,1.1620536174669565,-1.0599033533633273,-1.1490110754892426,-0.36815523480971546,-1.059903519735002,-1.0537347300699738,-0.36815523480971546,-1.1490110754892426
1986.1666670000002,0.6884039779993185,0.6884039798801869,-0.9854161637026067,-1.014586166259202,-0.6002144927121631,-0.2421055997632057,0.6884039779993185,-0.42521412465812336,0.9914849387840188,-0.9854160812585644,-1.1061845469628255,-0.2605541059927717,-0.9854162407909302,-1.014586166259202,-0.2605541059927717,-1.1061845469628255
1986.4166670000002,0.2313271123591183,0.2313271149187499,-0.734704751772894,-0.9135450356702804,-0.3989220291778781,-0.15090244261970334,0.2313271123591183,-0.24508976818891526,0.6437813715780336,-0.7347046802394885,-1.0044345226448281,-0.16244233581457876,-0.7347048186199014,-0.9135450356702804,-0.16244233581457876,-1.0044345226448281
1986.6666670000002,-0.20110953610319537,-0.20110953290882616,-0.4107989163797221,-0.8844782302515818,-0.13855262246324096,-0.07652980043110326,-0.20110953610319537,-0.012473780526018885,0.31370280442045506,-0.4107988587837559,-0.9807569767847303,-0.08239661824008283,-0.41079897016561584,-0.8844782302515818,-0.08239661824008283,-0.9807569767847303
1986.9166670000002,-0.594878901744671,-0.5948788979756934,-0.04434948847252951,-0.9015873896760606,0.1565020240714894,-0.030054881908744908,-0.594878901744671,0.250618500349607,0.01274831611949212,-0.0443494463545655,-1.0078685821372737,-0.032361551075038866,-0.04434952777759804,-0.9015873896760606,-0.032361551075038866,-1.0078685821372737
1987.1666670000002,-0.930281243797046,-0.9302812395397959,0.3302660667198217,-0.9553122415237568,0.4587738359472042,-0.00801875176261926,-0.930281243797046,0.519473336203375,-0.24352280546203353,0.33026609349227964,-1.0752442981653854,-0.008634862423298445,0.33026604174835217,-0.9553122415237568,-0.008634862423298445,-1.0752442981653854
1987.4166670000002,-1.0809456638494601,-1.0809456593757174,0.6110964893909858,-1.078905415011846,0.6854942937924438,-0.000623218752599494,-1.0809456638494601,0.7210011322236831,-0.35852279321400893,0.6110965047480021,-1.2150077168171785,-0.0006712568230991952,0.6110964750758522,-1.078905415011846,-0.0006712568230991952,-1.2150077168171785
1987.6666670000002,-1.251829461137131,-1.2518294564218042,0.7996433164495802,-1.0964429182066264,0.8377622014998503,-0.0004963132536683761,-1.251829461137131,0.8562971332199459,-0.48899560577253487,0.7996433241617243,-1.232293080229562,-0.000534593948015031,0.7996433092675456,-1.0964429182066264,-0.000534593948015031,-1.232293080229562
1987.9166670000002,-1.4666319783643842,-1.4666319733544548,0.8959952412939883,-0.9931424988630434,0.9156191585060311,-0.0004946734229815069,-1.4666319783643842,0.9254296748227709,-0.653079964294732,0.8959952450587034,-1.1116893246638155,-0.0005328192271663652,0.8959952377933923,-0.9931424988630434,-0.0005328192271663652,-1.1116893246638155
1988.1666670000002,-1.6759452134116755,-1.6759452081319948,0.9267839439445046,-0.8374307758956129,0.9404560607847403,-0.0004930337563711184,-1.6759452134116755,0.9475271173774543,-0.8129665253950695,0.926783946211832,-0.9292239148154265,-0.0005310446830409431,0.9267839418424276,-0.8374307758956129,-0.0005310446830409431,-0.9292239148154265
1988.4166670000002,-1.9382330750564196,-1.9382330694740024,0.895480112262103,-0.5727432560968638,0.914949340792465,-0.0004898686114968102,-1.9382330750564196,0.9250996873950206,-1.0135159899501525,0.8954801149503863,-0.6369160202352119,-0.0005278607562019575,0.8954801097758521,-0.5727432560968638,-0.0005278607562019575,-0.6369160202352119
1988.6666670000002,-2.2388499773168373,-2.238849971461022,0.7968681667383068,-0.2062181130213142,0.8348666695447897,-0.0004885699007649055,-2.2388499773168373,0.8544079994532237,-1.2435906141356123,0.7968681713343493,-0.24538854863758153,-0.0005266566401232562,0.7968681624929623,-0.2062181130213142,-0.0005266566401232562,-0.24538854863758153
1988.9166670000002,-2.397515754280465,-2.3975157484868266,0.6010661131440238,0.12114550341208108,0.6762266531059774,-0.0005074148219892915,-2.397515754280465,0.7139859789143679,-1.365226651338678,0.6010661209438334,0.1011083231276022,-0.0005469713648895095,0.6010661059526056,0.12114550341208108,-0.0005469713648895095,0.1011083231276022
1989.1666670000002,-2.30624589449026,-2.30624588924832,0.26039739912209536,0.35290476086257755,0.40101115718462754,-0.0005401356000059073,-2.30624589449026,0.46954649481786903,-1.2956653867491648,0.26039741127793825,0.3441723431632455,-0.0005823033273010578,0.26039738792941436,0.35290476086257755,-0.0005823033273010578,0.3441723431632455
1989.4166670000002,-2.136064365793052,-2.136064361124763,-0.07088900671347642,0.5040478261457,0.13354541257515096,-0.0008141718810867745,-2.136064365793052,0.2318125097217798,-1.1658352229454971,-0.07088898975158076,0.5007991958593507,-0.0008780756591843395,-0.07088902234485728,0.5040478261457,-0.0008780756591843395,0.5007991958593507
1989.6666670000002,-2.0218935152129403,-2.021893510803821,-0.27926841272383407,0.594034466714744,-0.0345975308453228,-0.001957968099206752,-2.0218935152129403,0.08226308574578389,-1.0789526958950488,-0.2792683911853062,0.5930282064356938,-0.002112372465471729,-0.27926843261296574,0.594034466714744,-0.002112372465471729,0.5930282064356938
1989.9166670000002,-1.9604947946855114,-1.9604947902576049,-0.37769157499752404,0.6321278084408987,-0.11370447889733493,-0.005090469789194259,-1.9604947946855114,0.011578234220839478,-1.0323034117321872,-0.3776915495029747,0.631925661527452,-0.0054927953928942015,-0.3776915985977831,0.6321278084408987,-0.0054927953928942015,0.631925661527452
1990.1666670000002,-1.9586229551140857,-1.9586229504208261,-0.3811623547134899,0.6391619439464065,-0.11586973151079705,-0.0109704496283111,-1.9586229551140857,0.008988063313866146,-1.0306975952072492,-0.381162326161371,0.6391301497865023,-0.011839277784211313,-0.3811623812113485,0.6391619439464065,-0.011839277784211313,0.6391301497865023
1990.4166670000002,-1.9778680344724782,-1.9778680293922069,-0.3482592273891705,0.6394387762104907,-0.08865704703390898,-0.02440561934518743,-1.9778680344724782,0.032498359237668195,-1.0451781200767685,-0.34825919666745686,0.6394138117845741,-0.026342022038497975,-0.3482592559600768,0.6394387762104907,-0.026342022038497975,0.6394138117845741
1990.6666670000002,-1.98560033513622,-1.9856003297442353,-0.3124713954802132,0.6395368381304297,-0.059167136777467544,-0.05095634941392781,-1.98560033513622,0.05808682983705149,-1.0508655056255023,-0.3124713633069769,0.6395140355615431,-0.055006470677885375,-0.31247142544913453,0.6395368381304297,-0.055006470677885375,0.6395140355615431
1990.9166670000002,-1.928545249637617,-1.9285452441165192,-0.32042412107537044,0.6395982864504336,-0.06487832438289787,-0.09696739567490376,-1.928545249637617,0.052269032771169344,-1.0068883376300297,-0.32042408742877315,0.6395766845063202,-0.1046892077520997,-0.32042415245608824,0.6395982864504336,-0.1046892077520997,0.6395766845063202
1991.1666670000002,-1.6862780414233662,-1.686278036131124,-0.47603788563825633,0.6396514642334269,-0.1892557818618812,-0.17773306488508575,-1.6862780414233662,-0.05959731847564598,-0.8211591977916397,-0.4760378479308591,0.6396312430311532,-0.19191629576927666,-0.4760379208523504,0.6396514642334269,-0.19191629576927666,0.6396312430311532
1991.4166670000002,-1.4430224781066405,-1.4430224731097532,-0.640968757134392,0.6396839575573399,-0.3214400230021244,-0.2505203157757162,-1.4430224781066405,-0.17810524194836597,-0.6348603921388487,-0.6409687140663427,0.6396644569249708,-0.2705084061131676,-0.6409687973881215,0.6396839575573399,-0.2705084061131676,0.6396644569249708
1991.6666670000002,-1.358129000726362,-1.3581289958351443,-0.7087782917850722,0.6395338362466997,-0.37578576710783795,-0.2662574565987175,-1.358129000726362,-0.2268285415980289,-0.5699194869496753,-0.7087782443019981,0.6395021739582041,-0.2874780380790818,-0.7087783361847946,0.6395338362466997,-0.2874780380790818,0.6395021739582041
1991.9166670000002,-1.4188456765570407,-1.4188456715772704,-0.6781191577767349,0.6387920389455296,-0.35101214093627386,-0.2377500382485729,-1.4188456765570407,-0.2048305321752628,-0.6164163634772244,-0.6781191077347599,0.6387028370296332,-0.25667767074150505,-0.6781192045832467,0.6387920389455296,-0.25667767074150505,0.6387028370296332
1992.1666670000002,-1.6056184098791388,-1.6056184046270507,-0.560527558498074,0.6368383426758296,-0.25625794541832203,-0.17188551260209106,-1.6056184098791388,-0.12041703829171646,-0.7593084506992018,-0.5605275083131138,0.6365920780285445,-0.18556567700071278,-0.5605276054508519,0.6368383426758296,-0.18556567700071278,0.6365920780285445
1992.4166670000002,-1.6731094012690764,-1.6731093959238286,-0.5542618357567353,0.633089697261141,-0.2511443251909016,-0.11102103607067096,-1.6731094012690764,-0.11592928354624332,-0.8117877316956101,-0.5542617811240471,0.6325286727438839,-0.11985160038656928,-0.5542618868839044,0.633089697261141,-0.11985160038656928,0.6325286727438839
1992.6666670000002,-1.5407742645436002,-1.5407742594020308,-0.7354578098732885,0.6276742704944077,-0.39685227428950576,-0.05933975036776972,-1.5407742645436002,-0.2460479310617274,-0.712272867009125,-0.7354577436550278,0.6266373926010451,-0.06405303728294542,-0.7354578718577112,0.6276742704944077,-0.06405303728294542,0.6266373926010451
1992.9166670000002,-1.3107423394669535,-1.3107423346836446,-0.9933553602389686,0.6202774618691699,-0.6041348627135184,-0.024059005169709213,-1.3107423394669535,-0.4312630961806605,-0.5399689248414359,-0.993355280361639,0.6185618183064999,-0.025965798728358937,-0.9933554350266776,0.6202774618691699,-0.025965798728358937,0.6185618183064999
1993.1666670000002,-1.0725578042530572,-1.072557799858072,-1.235076657673274,0.6097838972009072,-0.7982887697714263,-0.006639973048286253,-1.0725578042530572,-0.6048807786389434,-0.36435599754129866,-1.2350765659338379,0.6070661648693748,-0.007164738819919795,-1.2350767435870629,0.6097838972009072,-0.007164738819919795,0.6070661648693748
1993.4166670000002,-0.8284849699704488,-0.8284849660087175,-1.457528851089557,0.5908453552381354,-0.977067136194411,-0.0007144117637300703,-0.8284849699704488,-0.7646424337690765,-0.1900933026434335,-1.4575287492156912,0.5862672691695525,-0.0007702774425348809,-1.4575289465078294,0.5908453552381354,-0.0007702774425348809,0.5862672691695525
1993.6666670000002,-0.5891606578657962,-0.589160654379894,-1.6506503394094958,0.5595767461649888,-1.1323754317038213,-0.0006405831116245062,-0.5891606578657962,-0.9033232770802504,-0.02743725184048973,-1.650650229261717,0.5518443486919693,-0.0006902471724484243,-1.6506504425847504,0.5595767461649888,-0.0006902471724484243,0.5518443486919693
1993.9166670000002,-0.37654979710900793,-0.37654979410999134,-1.7969118234566293,0.5143484548823962,-1.2499051987312613,-0.0006785881239447601,-0.37654979710900793,-1.008368520683622,0.1067261909232391,-1.7969117073353247,0.5019328714998703,-0.0007309761865210614,-1.7969119322279306,0.5143484548823962,-0.0007309761865210614,0.5019328714998703
1994.1666670000002,-0.18477821592984744,-0.18477821343013412,-1.9016536793422474,0.45387029496751674,-1.3338318470404267,-0.0006289226854882935,-0.18477821592984744,-1.0836317402337254,0.21805128316758582,-1.9016535592173103,0.43503344751584283,-0.0006773860497571275,-1.9016537918717216,0.45387029496751674,-0.0006773860497571275,0.43503344751584283
1994.4166670000002,-0.0030299769031287838,-0.0030299748086664025,-1.951174452518147,0.3463056355549206,-1.3734566506261503,-0.0005909346244177171,-0.0030299769031287838,-1.1192239041951377,0.3345047629232445,-1.9511743313530476,0.3158633062092459,-0.0006364338228379746,-1.9511745660255757,0.3463056355549206,-0.0006364338228379746,0.3158633062092459
1994.6666670000002,0.13215806628192572,0.13215806814899111,-1.8619346970925599,0.1469616686675605,-1.3017229941797344,-0.0005751716786659676,0.13215806628192572,-1.055135549218574,0.4330519543395779,-1.8619345814871875,0.09480044574521762,-0.0006192932953497588,-1.8619348053974676,0.1469616686675605,-0.0006192932953497588,0.09480044574521762
1994.9166670000002,0.21728877914664713,0.21728878093932003,-1.752295681678536,-0.03221995638842323,-1.2138344886648076,-0.0005625968307479703,0.21728877914664713,-0.9763593567573967,0.5061932775474611,-1.7522955736527082,-0.10377459668737254,-0.0006056432467398189,-1.7522957828831571,-0.03221995638842323,-0.0006056432467398189,-0.10377459668737254
1995.1666670000002,0.259142737353214,0.2591427391960579,-1.627531532481298,-0.19093962666790665,-1.1143281350864158,-0.00052936052617179,0.259142737353214,-0.8866365070091262,0.5561050190671497,-1.6275314339408715,-0.279517737179132,-0.0005699139207357005,-1.6275316247906408,-0.19093962666790665,-0.0005699139207357005,-0.279517737179132
1995.4166670000002,0.2263879059003493,0.22638790788633711,-1.5325645825571548,-0.25395499562638135,-1.0401463089132301,-0.0006605017756360622,0.2263879059003493,-0.8180983300002453,0.546391492788971,-1.532564496421243,-0.3484525087517325,-0.0007110380342324577,-1.532564663214318,-0.25395499562638135,-0.0007110380342324577,-0.3484525087517325
1995.6666670000002,0.04511761376740897,0.0451176160406741,-1.3643762378528304,-0.24198874067127096,-0.9085352455262421,-0.0017715551267502277,0.04511761376740897,-0.6967523502780042,0.41138933347182793,-1.364376163963275,-0.3335585736654787,-0.0019069604817519418,-1.3643763069843073,-0.24198874067127096,-0.0019069604817519418,-0.3335585736654787
1995.9166670000002,-0.1428103871042965,-0.1428103846170754,-1.2199153788795987,-0.19336894598686905,-0.7981865107919499,-0.004696676512260862,-0.1428103871042965,-0.5921043891573687,0.2579225758838002,-1.219915312906641,-0.2773107863459734,-0.005056420575357238,-1.2199154405116008,-0.19336894598686905,-0.005056420575357238,-0.2773107863459734
1996.1666670000002,-0.5051870713417235,-0.5051870685347319,-0.863289731564183,-0.16406371346217963,-0.5154152553131135,-0.011845886153720073,-0.5051870713417235,-0.3353817367259644,-0.05293809789584314,-0.863289678280083,-0.24093442885453276,-0.012755472893511774,-0.8632897812498239,-0.16406371346217963,-0.012755472893511774,-0.24093442885453276
1996.4166670000002,-1.0803968349600281,-1.0803968314807557,-0.2739164478234801,-0.15180062782483317,-0.03784144575555737,-0.02856258259616016,-1.0803968349600281,0.08728569182864498,-0.5198386347057489,-0.2739164123209785,-0.22114754164942074,-0.030762869101184837,-0.2739164808990353,-0.15180062782483317,-0.030762869101184837,-0.22114754164942074
1996.6666670000002,-1.5304860174853494,-1.5304860132432156,0.19658900189620032,-0.15105482861366348,0.3440239187707522,-0.06348470878432928,-1.5304860174853494,0.4246119000048886,-0.8470297816800949,0.196589023937905,-0.21148597680084913,-0.06839313554507134,0.19658898138362768,-0.15105482861366348,-0.06839313554507134,-0.21148597680084913
1996.9166670000002,-1.8210838542359964,-1.8210838493443213,0.5501178784261642,-0.1741780271033876,0.6313611821440179,-0.12459556367928339,-1.8210838542359964,0.6780082232689008,-1.032989471521446,0.5501178908641939,-0.22502577756986053,-0.13426863201490571,0.5501178668688707,-0.1741780271033876,-0.13426863201490571,-0.22502577756986053
1997.1666670000002,-1.7703104872529218,-1.7703104822205153,0.7801594701002933,-0.336276375106874,0.8179570993229415,-0.2498447291857742,-1.7703104872529218,0.8429520119421153,-0.959549551412612,0.7801594760468695,-0.3778955219252641,-0.26934099210545964,0.7801594646026294,-0.336276375106874,-0.26934099210545964,-0.3778955219252641
1997.4166670000002,-1.4969957975932808,-1.4969957927713655,0.8957380879304776,-0.47899062188725783,0.9091448382405973,-0.49212218765800364,-1.4969957975932808,0.926224282887312,-0.7201513686170973,0.8957380899921328,-0.5071410807773334,-0.5306605052857469,0.8957380860977595,-0.47899062188725783,-0.5306605052857469,-0.5071410807773334
1997.6666670000002,-1.142116159141633,-1.142116154688153,0.8932997490541023,-0.5451388592358969,0.899077492976713,-0.7701038030073372,-1.142116159141633,0.9257399010207966,-0.4246328596053903,0.8932997497803516,-0.5574020072847553,-0.830281217387063,0.8932997485871675,-0.5451388592358969,-0.830281217387063,-0.5574020072847553
1997.9166670000002,-0.8932080110016916,-0.8932080068249846,0.7906649789425495,-0.6186472704802738,0.7943128730948426,-0.8385710400105593,-0.8932080110016916,0.8555103809107478,-0.22031675144731455,0.7906649790107022,-0.6129276773521116,-0.9037157351408261,0.7906649794062696,-0.6186472704802738,-0.9037157351408261,-0.6129276773521116
1998.1666670000002,-0.8110437901844225,-0.8110437861016346,0.6090038062633459,-0.7070807052289444,0.6005322520631055,-0.647717245722037,-0.8110437901844225,0.7325103490336593,-0.15328410741697818,0.6090038036903256,-0.6808537939097427,-0.6980091371469065,0.6090038098755999,-0.7070807052289444,-0.6980091371469065,-0.6808537939097427
1998.4166670000002,-0.6746220650255701,-0.6746220611383111,0.3109688279927655,-0.7037888814757934,0.27912531049237643,-0.46405732608123385,-0.6746220650255701,0.5312604650701496,-0.04836323101629647,0.31096882048065455,-0.6682367220375341,-0.5000482965195884,0.31096883738759407,-0.7037888814757934,-0.5000482965195884,-0.6682367220375341
1998.6666670000002,-0.5618654199526971,-0.5618654162295038,0.010142841217438137,-0.6631673874336045,-0.030033229217391044,-0.294207499502503,-0.5618654199526971,0.3257418993918464,0.03796156583490862,0.010142831458812451,-0.6292282412341442,-0.3169527795065903,0.010142853667153284,-0.6631673874336045,-0.3169527795065903,-0.6292282412341442
1998.9166670000002,-0.4602123162577465,-0.4602123126832902,-0.2637563668167926,-0.6185522983212467,-0.29264532413870126,-0.1511614715800472,-0.4602123162577465,0.1356702458655692,0.11565226262985662,-0.26375637523373974,-0.5953986581646978,-0.16272051063266574,-0.26375635502598893,-0.6185522983212467,-0.16272051063266574,-0.5953986581646978
1999.1666670000002,-0.34356205778485416,-0.34356205438090015,-0.5079999534955932,-0.5728390404128495,-0.5060781384242947,-0.06024925084004648,-0.34356205778485416,-0.03706339179917739,0.20483372802700384,-0.5079999569927918,-0.5673137950801,-0.06462491327524268,-0.5079999460742044,-0.5728390404128495,-0.06462491327524268,-0.5673137950801
1999.4166670000002,-0.13858617206289336,-0.13858616895927245,-0.6504764931732936,-0.6427580099051989,-0.6085701071215015,-0.045343935909131564,-0.13858617206289336,-0.14126466257203596,0.3614244011366885,-0.6504764909964611,-0.6592134779548328,-0.04815730397089568,-0.6504764912388024,-0.6427580099051989,-0.04815730397089568,-0.6592134779548328
1999.6666670000002,0.0768757263686215,0.07687572915542118,-0.7434830582814114,-0.7156192785281844,-0.6555853539993504,-0.09684806063581687,0.0768757263686215,-0.2123934232807414,0.5258446646778232,-0.7434830511262185,-0.7429849414597317,-0.10247680627354155,-0.7434830614030175,-0.7156192785281844,-0.10247680627354155,-0.7429849414597317
1999.9166670000002,0.2788968481172205,0.27889685060673464,-0.8016298541312474,-0.7778403392035375,-0.6660924071381824,-0.18959760746272222,0.2788968481172205,-0.2598133498245674,0.6799715679968898,-0.8016298438279741,-0.8037618166720676,-0.1999473207157511,-0.8016298607129226,-0.7778403392035375,-0.1999473207157511,-0.8037618166720676
2000.1666670000002,0.4793449152799498,0.479344917475492,-0.8394758098655217,-0.8116693054718301,-0.65987110114618,-0.3334870069306313,0.4793449152799498,-0.2927180904496389,0.8330592537175574,-0.8394757993084245,-0.8263038999339617,-0.35054342406071076,-0.8394758172002279,-0.8116693054718301,-0.35054342406071076,-0.8263038999339617
2000.4166670000002,0.6445349178407773,0.6445349197937948,-0.7944000719114739,-0.8979865375924211,-0.5972952301690762,-0.46629227274945506,0.6445349178407773,-0.2644624496805619,0.959177235771272,-0.794400064082381,-0.8999757305543418,-0.4878324612869891,-0.7944000770598623,-0.8979865375924211,-0.4878324612869891,-0.8999757305543418
2000.6666670000002,0.7733388305426541,0.773338832306518,-0.6589898607595497,-1.081841697777718,-0.47243268257255133,-0.5467802741208753,0.7733388305426541,-0.16971872756446515,1.057507602709114,-0.6589898571867627,-1.074771838281873,-0.5687209083604636,-0.6589898621444119,-1.081841697777718,-0.5687209083604636,-1.074771838281873
2000.9166670000002,0.8819163684386522,0.8819163700443597,-0.45448200092510715,-1.3549554501604621,-0.29649336756955624,-0.5800278290228918,0.8819163684386522,-0.024654085949781468,1.1406052006634249,-0.45448200157656515,-1.344852295709647,-0.5991465962808792,-0.45448199851413196,-1.3549554501604621,-0.5991465962808792,-1.344852295709647
2001.1666670000002,0.9530561604809757,0.9530561619843603,-0.26002752469597734,-1.5900447399668436,-0.13702982917358097,-0.6077529043480092,0.9530561604809757,0.11450223776001633,1.1952601504212652,-0.2600275293778962,-1.5672791356228735,-0.6219067948601401,-0.2600275185526817,-1.5900447399668436,-0.6219067948601401,-1.5672791356228735
2001.4166670000002,0.8969510206641425,0.8969510222494859,-0.08892649897618643,-1.677298273795755,0.013519070867928695,-0.6382073708188943,0.8969510206641425,0.23534686200749555,1.152359094850711,-0.0889265054328563,-1.6560684502560754,-0.6480472574062222,-0.08892649135344954,-1.677298273795755,-0.6480472574062222,-1.6560684502560754
2001.6666670000002,0.74184610832897,0.7418461101400793,-0.03926311245461922,-1.587524529600607,0.06745895816716052,-0.6301316262140253,0.74184610832897,0.26882268796358977,1.033626255721348,-0.03926311954754014,-1.5787499861643668,-0.6376682039873496,-0.0392631044329792,-1.587524529600607,-0.6376682039873496,-1.5787499861643668
2001.9166670000002,0.5178546779593471,0.5178546800980115,-0.10777334527158322,-1.341815766168835,0.03165247790218073,-0.6005764903563614,0.5178546779593471,0.2166114880979939,0.8624057591374328,-0.10777335205515359,-1.348727577937093,-0.6077986107472585,-0.10777333781040288,-1.341815766168835,-0.6077986107472585,-1.348727577937093
2002.1666670000002,0.41060619761771666,0.4106061999156003,-0.34541336015264257,-1.028005232592144,-0.1346200234390913,-0.5917873757465993,0.41060619761771666,0.04208104589335471,0.7808082779731242,-0.34541336641521103,-1.0502898617652412,-0.6010340569795484,-0.34541335352636615,-1.028005232592144,-0.6010340569795484,-1.0502898617652412
2002.4166670000002,0.4351848011939081,0.4351848034586674,-0.7149654520861435,-0.7564917911656245,-0.411440239513595,-0.5392508615934103,0.4351848011939081,-0.2264781968281846,0.800050251003525,-0.7149654669129899,-0.7921350251014826,-0.5491978516253117,-0.7149654377143484,-0.7564917911656245,-0.5491978516253117,-0.7921350251014826
2002.6666670000002,0.480888153273624,0.48088815547376007,-1.2264893484518287,-0.48204125810975473,-0.8080442159168542,-0.37665576097350867,0.480888153273624,-0.5961110943244572,0.8353424074320723,-1.226489387751958,-0.521498134538143,-0.38433013692007684,-1.2264893113416266,-0.48204125810975473,-0.38433013692007684,-0.521498134538143
2002.9166670000002,0.5364865661302505,0.5364865682511912,-1.6997234656814415,-0.22510112042098585,-1.1814791137822716,-0.24303071853949237,0.5364865661302505,-0.9370568993370989,0.8781819573161678,-1.6997235365384,-0.25950818071852955,-0.24853581956488488,-1.6997233990862908,-0.22510112042098585,-0.24853581956488488,-0.25950818071852955
2003.1666670000002,0.4098785691113893,0.4098785714169664,-1.8825332462283857,-0.03718838448435835,-1.3278457523310245,-0.1416684622305898,0.4098785691113893,-1.0684343196427877,0.7813198455575057,-1.8825333371208215,-0.06301932668107968,-0.14513294074807312,-1.8825331608599436,-0.03718838448435835,-0.14513294074807312,-0.06301932668107968
2003.4166670000002,0.2226284734986177,0.22262847607023883,-1.8855730963562767,0.07019360283126186,-1.3369765371581335,-0.06907757523617836,0.2226284734986177,-1.0695725732874442,0.636931111358384,-1.8855731984458375,0.05394366965688524,-0.07083127433059479,-1.8855730003981233,0.07019360283126186,-0.07083127433059479,0.05394366965688524
2003.6666670000002,0.10355517126959968,0.10355517400180192,-1.8424167838507692,0.0993640825397506,-1.3184746458297574,-0.02164622475658772,0.10355517126959968,-1.0360500944245872,0.5437286215071773,-1.8424168928130458,0.09331005369821521,-0.0221666100273045,-1.8424166812230705,0.0993640825397506,-0.0221666100273045,0.09331005369821521
2003.9166670000002,0.00745219750506898,0.0074522003553298966,-1.6951718743716588,0.03985607066162855,-1.225368675202748,-0.0013813561496200835,0.00745219750506898,-0.9263589628340911,0.46664616645674273,-1.6951719824040872,0.045735294692888395,-0.0013935681350325778,-1.6951717722613342,0.03985607066162855,-0.0013935681350325778,0.045735294692888395
2004.1666670000002,-0.18037498926304218,-0.1803749861817443,-1.2602734638101483,-0.19027270091920034,-0.8958066058209229,-0.0007748260105327573,-0.18037498926304218,-0.6109041561608257,0.31604148344706595,-1.2602735559741571,-0.16550513521908294,-0.0007718794533300243,-1.2602733762953302,-0.19027270091920034,-0.0007718794533300243,-0.16550513521908294
2004.4166670000002,-0.24123212310908793,-0.2412321200128611,-0.9061647462065956,-0.4507969238896884,-0.6455025840867952,-0.0006254712940274897,-0.24123212310908793,-0.351232282265165,0.257591681936999,-0.9061648241616,-0.4125882626357077,-0.0006177264366969003,-0.9061646715299516,-0.4507969238896884,-0.0006177264366969003,-0.4125882626357077
2004.6666670000002,-0.11750548811723771,-0.1175054852963795,-0.7730786880649736,-0.646454220239394,-0.6154093872130468,-0.000626152614550625,-0.11750548811723771,-0.24364226862111504,0.33695749869863256,-0.7730787608224108,-0.6067057658864988,-0.0006134071887164065,-0.7730786171798079,-0.646454220239394,-0.0006134071887164065,-0.6067057658864988
2004.9166670000002,0.04565238151481443,0.04565238396041038,-0.6687537484315174,-0.8452686197864484,-0.6038626355539471,-0.0011642259255031974,0.04565238151481443,-0.15742177378326172,0.43966248572615707,-0.6687538171195397,-0.814325024069077,-0.0011282840664973374,-0.6687536803444789,-0.8452686197864484,-0.0011282840664973374,-0.814325024069077
2005.1666670000002,0.16874683160887316,0.16874683367056798,-0.6253066785739132,-0.9338559546698643,-0.6412593583617807,-0.0030248791829274907,0.16874683160887316,-0.11492004467226624,0.5009141588809254,-0.625306745666941,-0.9265720619844316,-0.002907999665262326,-0.6253066109650931,-0.9338559546698643,-0.002907999665262326,-0.9265720619844316
2005.4166670000002,0.14536835936369852,0.14536836120076213,-0.6004900608561821,-0.8627193087098236,-0.6844413402454543,-0.008596719076234952,0.14536835936369852,-0.08723391968563043,0.44135368795641083,-0.6004901270836309,-0.8785696416141163,-0.008214114841661287,-0.6004899931709975,-0.8627193087098236,-0.008214114841661287,-0.8785696416141163
2005.6666670000002,-0.0578001938611048,-0.05780019196157182,-0.4891509160424048,-0.7230617854178633,-0.614839805307376,-0.021301967070495278,-0.0578001938611048,-0.004165963869157352,0.248255818376512,-0.48915097789977846,-0.7583409504837558,-0.02025177966167948,-0.4891508521744148,-0.7230617854178633,-0.02025177966167948,-0.7583409504837558
2005.9166670000002,-0.43225252067590914,-0.4322525184106323,-0.2806328916855614,-0.5341125358360662,-0.42465307123626794,-0.044296816532155045,-0.43225252067590914,0.14205618811004395,-0.06726821081343015,-0.2806329452547711,-0.5811684817092185,-0.04192515358831269,-0.2806328359053256,-0.5341125358360662,-0.04192515358831269,-0.5811684817092185
2006.1666670000002,-0.7832834711778411,-0.783283468550303,-0.068826751060439,-0.3648957449325575,-0.22167979878923338,-0.0841084650236977,-0.7832834711778411,0.2890548618333596,-0.35993250227557505,-0.06882679638088596,-0.41887529367455,-0.07926643350487929,-0.06882670347370623,-0.3648957449325575,-0.07926643350487929,-0.41887529367455
2006.4166670000002,-1.0908680232628587,-1.0908680201464924,0.1320375305540954,-0.19731831163942526,-0.017198512229392504,-0.18114293413590712,-1.0908680232628587,0.4265856736232194,-0.5887655192003693,0.1320374931138817,-0.2513356591010718,-0.16993471768461715,0.13203757014792905,-0.19731831163942526,-0.16993471768461715,-0.2513356591010718
2006.6666670000002,-1.2442050649621237,-1.244205061409469,0.2972006639343393,-0.06569468168938364,0.1572115653219699,-0.3757199741041565,-1.2442050649621237,0.5386919800431833,-0.671820094245001,0.2972006330325603,-0.11568752226287926,-0.3511344078167326,0.2972006968125597,-0.06569468168938364,-0.3511344078167326,-0.11568752226287926
2006.9166670000002,-1.4119413084381027,-1.4119413043534097,0.39356230223799227,0.009587549016359831,0.25919503814859923,-0.42531799360389366,-1.4119413084381027,0.6040630633382706,-0.7538501385288026,0.39356227505906993,-0.03698247990483772,-0.3971057406445236,0.3935623312810371,0.009587549016359831,-0.3971057406445236,-0.03698247990483772
2007.1666670000002,-1.5722344335452605,-1.5722344289094328,0.42565760794290985,0.04367192905046269,0.29143164170968494,-0.36709784840108434,-1.5722344335452605,0.626106789836127,-0.8253613268397202,0.4256575819091917,-0.0007577969416046049,-0.3425906191588362,0.42565763582175065,0.04367192905046269,-0.3425906191588362,-0.0007577969416046049
2007.4166670000002,-1.4994807432009343,-1.4994807384250413,0.34024844828216216,0.02303725342653884,0.18360088403419195,-0.33402489259473916,-1.4994807432009343,0.5708905202857748,-0.7300493830045443,0.34024841835688135,-0.020729698655430062,-0.31151956703403877,0.34024848036030164,0.02303725342653884,-0.31151956703403877,-0.020729698655430062
2007.6666670000002,-1.2665569679813151,-1.2665569633756935,0.16086383182015807,0.017182240892631873,-0.0370032471295223,-0.35691654141134777,-1.2665569679813151,0.4540023929489997,-0.5245619133327439,0.16086379414717833,-0.02202806909287769,-0.33258292629785213,0.1608638722364133,0.017182240892631873,-0.33258292629785213,-0.02202806909287769
2007.9166670000002,-1.142088472328667,-1.1420884678308,-0.07585393044629263,0.14150942793909244,-0.322056013972021,-0.335001619737903,-1.142088472328667,0.2988089906534145,-0.41745549696408446,-0.07585397731599564,0.11171140266266655,-0.31215393549158416,-0.07585388007505056,0.14150942793909244,-0.31215393549158416,0.11171140266266655
2008.1666670000002,-1.0908495022977576,-1.090849497911035,-0.19853942775207356,0.20067696401592527,-0.455786552420844,-0.3054784436222021,-1.0908495022977576,0.2161873789138249,-0.38412131311543796,-0.19853947664954208,0.1753666822499424,-0.28494147696861116,-0.19853937498548158,0.20067696401592527,-0.28494147696861116,0.1753666822499424
2008.4166670000002,-1.1551538633561678,-1.1551538589135442,-0.26924112164187486,0.3028572080562443,-0.5158755962214185,-0.2764521907407498,-1.1551538633561678,0.16592117046565313,-0.43941881040912056,-0.269241168271634,0.28443911954074214,-0.2583991404052056,-0.26924107095465843,0.3028572080562443,-0.2583991404052056,0.28443911954074214
2008.6666670000002,-1.103551086877633,-1.103551082478742,-0.4392130158210208,0.386731153889935,-0.6393465203952036,-0.25943381427287077,-1.103551086877633,0.041798449350479605,-0.39486228351896324,-0.43921305275036215,0.3743631424288614,-0.24353485596149452,-0.4392129744104516,0.386731153889935,-0.24353485596149452,0.3743631424288614
2008.9166670000002,-1.1131988176737324,-1.1131988132296375,-0.587761903332783,0.42342704748535753,-0.6676169219706325,-0.1959068063106914,-1.1131988176737324,-0.07912316507184713,-0.3972284423336734,-0.5877619154167131,0.415730814846758,-0.18452974686538828,-0.5877618864919063,0.42342704748535753,-0.18452974686538828,0.415730814846758
2009.1666670000002,-0.9519484600941803,-0.9519484558556188,-0.8237742557147112,0.43180638809367705,-0.7677169487338613,-0.18220182227738455,-0.9519484600941803,-0.2626193892639588,-0.26909118958164724,-0.8237742395734027,0.4260721375302766,-0.17412738526032195,-0.8237742665896128,0.43180638809367705,-0.17412738526032195,0.4260721375302766
2009.4166670000002,-0.5253710350699858,-0.5253710314284814,-1.2500543552204428,0.4179907727004015,-1.0501842489265076,-0.20217561983199187,-0.5253710350699858,-0.5781607602192784,0.06129620529897384,-1.2500543087366003,0.41296531673779646,-0.19592543290257022,-1.2500543953807086,0.4179907727004015,-0.19592543290257022,0.41296531673779646
2009.6666670000002,-0.10136364102743434,-0.1013636379918581,-1.7647260507916656,0.44091873121964054,-1.4282093354079208,-0.15809889023656257,-0.10136364102743434,-0.9533524394685777,0.38768501363864427,-1.7647259751905313,0.4376174683505487,-0.15395793170374972,-1.7647261187435834,0.44091873121964054,-0.15395793170374972,0.4376174683505487
2009.9166670000002,0.27015836650355185,0.270158368978626,-2.169478012706777,0.46167654144433085,-1.7800524082312421,-0.13155618755330487,0.27015836650355185,-1.239889710549527,0.6689075069807371,-2.169477925188466,0.4597530880933805,-0.12844611007552842,-2.1694780914540703,0.46167654144433085,-0.12844611007552842,0.4597530880933805
2010.1666670000002,0.29488247742447005,0.2948824797469003,-2.1131874868593243,0.4470508001952249,-1.8226836139597729,-0.13891328451106996,0.29488247742447005,-1.185733417978065,0.6690431694945143,-2.1131874193282725,0.44733160195346805,-0.13531903477974042,-2.113187545635949,0.4470508001952249,-0.13531903477974042,0.44733160195346805
2010.4166670000002,0.23441133969889671,0.23441134203130343,-1.8150661024752375,0.35580678412421296,-1.742856708869731,-0.18679773741438538,0.23441133969889671,-0.9466648603133834,0.6101814342006049,-1.815066079681349,0.361610186368871,-0.1809973365066183,-1.8150661170717317,0.35580678412421296,-0.1809973365066183,0.361610186368871
2010.6666670000002,0.16460141196303057,0.1646014144145247,-1.5462047465930917,0.2662066428365124,-1.6687840284960993,-0.21498119015592554,0.16460141196303057,-0.731385500914697,0.5595566352789252,-1.5462047637281149,0.2745288064549999,-0.20810711955906863,-1.5462047217661485,0.2662066428365124,-0.20810711955906863,0.2745288064549999
2010.9166670000002,-0.15834275744947623,-0.15834275452809043,-1.0552235471714955,0.2267677174624546,-1.2762245305896838,-0.3381756195409204,-0.15834275744947623,-0.37845371000653194,0.3123146134784247,-1.0552235855267575,0.23646036886936872,-0.32728641268314573,-1.055223502427301,0.2267677174624546,-0.32728641268314573,0.23646036886936872
2011.1666670000002,-0.3623172139631512,-0.3623172108092514,-0.583510180363636,0.18423871579878776,-0.849534577029043,-0.5779096993410869,-0.3623172139631512,-0.04711195881264407,0.1458012200597103,-0.5835102291536456,0.19328339165776204,-0.5551754783384641,-0.5835101265097036,0.18423871579878776,-0.5551754783384641,0.19328339165776204
2011.4166670000002,-0.3380413124988171,-0.33804130958801526,-0.49780936213403937,0.19923093614833215,-0.8306278112900918,-0.6531584228115329,-0.3380413124988171,0.022244363917906296,0.1309186137187357,-0.49780942459687694,0.20550563086472884,-0.6293870673832497,-0.4978092947614621,0.19923093614833215,-0.6293870673832497,0.20550563086472884
2011.6666670000002,0.11093805774862875,0.11093805995063089,-0.8872933478148937,0.27531470649734685,-1.3240892975657825,-0.6818114192546603,0.11093805774862875,-0.2292832638804807,0.46570804049182546,-0.8872934300216524,0.27846840973455095,-0.6644358631527164,-0.8872932593958642,0.27531470649734685,-0.6644358631527164,0.27846840973455095
2011.9166670000002,0.37622968411833857,0.3762296858121914,-0.974293014008353,0.24030527004750296,-1.4364688665889842,-0.7780045395709246,0.37622968411833857,-0.2851307994012364,0.6491374724307049,-0.9742931010583848,0.23662048323651808,-0.7667361922205748,-0.974292920451933,0.24030527004750296,-0.7667361922205748,0.23662048323651808
2012.1666670000002,0.3810557754499291,0.38105577683620573,-1.0461794357035212,0.1788403744731692,-1.5299264740600345,-0.6025890531422954,0.3810557754499291,-0.3311829421579753,0.6044198739675095,-1.0461795268760716,0.17348689980181742,-0.5958260367258025,-1.0461793377806723,0.1788403744731692,-0.5958260367258025,0.17348689980181742
2012.4166670000002,0.3147669883148472,0.31476698960846083,-1.0136250657393484,0.03050037879721401,-1.4917843385136824,-0.4101000826196658,0.3147669883148472,-0.3096745918101689,0.5232079336933475,-1.013625155884954,0.03037714136457148,-0.40719625466945725,-1.013624968947723,0.03050037879721401,-0.40719625466945725,0.03037714136457148
2012.6666670000002,0.25597887187434654,0.2559788732376729,-1.0507798713464265,-0.02771906569585758,-1.5356761475280707,-0.24856242500498177,0.25597887187434654,-0.33416621862494633,0.47565134743347004,-1.0507799627360854,-0.027401685270754927,-0.2486235602800216,-1.0507797731911852,-0.02771906569585758,-0.2486235602800216,-0.027401685270754927
2012.9166670000002,0.12674064559099385,0.12674064725583145,-0.9985228361106389,-0.08448872590784307,-1.460255682131503,-0.14226129207480365,0.12674064559099385,-0.30185823096122677,0.3949851152291153,-0.9985229229996637,-0.08814379129888195,-0.14306299455532637,-0.9985227426443621,-0.08448872590784307,-0.14306299455532637,-0.08814379129888195
2013.1666670000002,-0.18479392568036968,-0.18479392339669154,-0.7323339880131157,-0.18357228152834537,-1.1168439967491346,-0.07619279403519796,-0.18479392568036968,-0.13091679152504576,0.18314442613033544,-0.7323340601695303,-0.19789134187525403,-0.07701851079373295,-0.7323339101786825,-0.18357228152834537,-0.07701851079373295,-0.19789134187525403
2013.4166670000002,-0.3374379039271673,-0.3374379013146078,-0.6243008372961905,-0.2030380962209033,-0.9424176084468954,-0.06661580266846215,-0.3374379039271673,-0.06701669700346957,0.08348195833915595,-0.6243008964295849,-0.2220797818587842,-0.06858667810268713,-0.6243007729014305,-0.2030380962209033,-0.06858667810268713,-0.2220797818587842
2013.6666670000002,-0.2773476723347912,-0.2773476697918178,-0.6515099948526801,-0.1757757021590859,-0.8806653788511924,-0.168199579999776,-0.2773476723347912,-0.0996230374144198,0.13236097970378968,-0.6515100360289496,-0.19843894880597257,-0.17430748222638268,-0.6515099484659794,-0.1757757021590859,-0.17430748222638268,-0.19843894880597257
2013.9166670000002,-0.07417858261659838,-0.07417858020732959,-0.9779754585177074,0.004390079412950554,-1.027385985540148,-0.30692562941808316,-0.07417858261659838,-0.35215519540218465,0.31398505909523844,-0.9779754626109236,-0.016249615797466865,-0.31793388619801627,-0.9779754485159939,0.004390079412950554,-0.31793388619801627,-0.016249615797466865
2014.1666670000002,0.0022060571241224736,0.002206059473714328,-1.246408248547631,0.19487804835560746,-1.2141256270160339,-0.3383917741031089,0.0022060571241224736,-0.5494692562111179,0.38075384367325515,-1.2464082354325678,0.17928188810037243,-0.34861476878209774,-1.246408255082729,0.19487804835560746,-0.34861476878209774,0.17928188810037243
2014.4166670000002,0.08130564227294368,0.08130564438184229,-1.372550896488312,0.3432564368125497,-1.4475084939375602,-0.36649369493901646,0.08130564227294368,-0.6194376349336923,0.4210799646760828,-1.3725509045510642,0.3324321842483115,-0.37310257969513416,-1.372550881315267,0.3432564368125497,-0.37310257969513416,0.3324321842483115
2014.6666670000002,-0.2332662377847745,-0.23326623567009008,-1.1790317513659185,0.41164818342866816,-1.2864545878329365,-0.28484168437836366,-0.2332662377847745,-0.4813189921703409,0.10745302874936069,-1.179031766523544,0.40300296676380404,-0.2891875485961907,-1.1790317296210566,0.41164818342866816,-0.2891875485961907,0.40300296676380404
2014.9166670000002,-0.5139617944532509,-0.5139617920395088,-0.9245834355127938,0.34971819211233623,-1.0339605664052285,-0.21230886317187286,-0.5139617944532509,-0.3060782083552598,-0.12505965904243022,-0.924583451813866,0.33781522001096503,-0.21408225889669694,-0.9245834133723025,0.34971819211233623,-0.21408225889669694,0.33781522001096503
