,DENV1_I,DENV1_II,DENV1_III,DENV1_IV,DENV1_V,DENV2_AMERICAN,DENV2_ASIANAMERICAN,DENV2_ASIANI,DENV2_ASIANII,DENV2_COSMOPOLITAN,DENV2_SYLVATIC,DENV3_I,DENV3_II,DENV3_III,DENV3_V,DENV4_I,DENV4_II,DENV4_SYLVATIC
1970.0,0.0006,0.0006,0.0053,0.0031,0.0001,0.0,0.0003,0.0004,0.0002,0.0001,0.0558,0.001,0.0017,0.0051,0.0002,0.0024,0.0054,0.0019
1970.0833,0.0007,0.0007,0.0066,0.0039,0.0002,0.0,0.0003,0.0004,0.0002,0.0001,0.0711,0.0011,0.002,0.0057,0.0002,0.0027,0.0063,0.0022
1970.1667,0.0009,0.0007,0.008,0.0048,0.0002,0.0,0.0003,0.0004,0.0001,0.0001,0.0881,0.0013,0.0023,0.0061,0.0002,0.0028,0.0072,0.0026
1970.25,0.001,0.0008,0.0095,0.0058,0.0003,0.0,0.0002,0.0003,0.0001,0.0001,0.1066,0.0014,0.0026,0.0065,0.0003,0.0029,0.0079,0.0029
1970.3333,0.0011,0.0009,0.011,0.0068,0.0004,0.0,0.0002,0.0003,0.0001,0.0001,0.1261,0.0015,0.0028,0.0066,0.0003,0.0029,0.0086,0.0032
1970.4167,0.0012,0.0009,0.0125,0.0079,0.0004,0.0,0.0002,0.0003,0.0001,0.0,0.1465,0.0015,0.003,0.0066,0.0003,0.0028,0.009,0.0035
1970.5,0.0013,0.001,0.014,0.009,0.0005,0.0,0.0002,0.0003,0.0001,0.0,0.1673,0.0015,0.0031,0.0064,0.0003,0.0026,0.0093,0.0037
1970.5833,0.0014,0.001,0.0155,0.01,0.0006,0.0,0.0002,0.0002,0.0001,0.0,0.1882,0.0015,0.0031,0.006,0.0003,0.0024,0.0093,0.0037
1970.6667,0.0015,0.001,0.0169,0.0111,0.0007,0.0,0.0001,0.0002,0.0001,0.0,0.2088,0.0014,0.003,0.0055,0.0003,0.0022,0.0091,0.0037
1970.75,0.0015,0.001,0.0181,0.012,0.0008,0.0,0.0001,0.0002,0.0001,0.0,0.2289,0.0013,0.0028,0.0049,0.0002,0.0019,0.0085,0.0036
1970.8333,0.0015,0.0009,0.0192,0.0129,0.001,0.0,0.0001,0.0001,0.0001,0.0,0.248,0.0011,0.0025,0.0041,0.0002,0.0016,0.0078,0.0033
1970.9167,0.0015,0.0009,0.0201,0.0136,0.0011,0.0,0.0001,0.0001,0.0,0.0,0.2658,0.0009,0.0021,0.0033,0.0002,0.0013,0.0067,0.0029
1971.0,0.0015,0.0009,0.0208,0.0143,0.0012,0.0,0.0,0.0001,0.0,0.0,0.2768,0.0007,0.0016,0.0024,0.0001,0.001,0.0055,0.0024
1971.0833,0.0014,0.0008,0.0203,0.0141,0.001,0.0,0.0,0.0001,0.0,0.0,0.2237,0.0006,0.0014,0.0019,0.0001,0.0008,0.0046,0.0021
1971.1667,0.0012,0.0006,0.0186,0.0131,0.0008,0.0,0.0,0.0001,0.0,0.0,0.1615,0.0004,0.0011,0.0014,0.0001,0.0006,0.0037,0.0017
1971.25,0.001,0.0005,0.0173,0.0123,0.0006,0.0,0.0,0.0,0.0,0.0,0.1063,0.0003,0.0009,0.0011,0.0001,0.0005,0.003,0.0014
1971.3333,0.001,0.0005,0.0176,0.0126,0.0005,0.0,0.0,0.0,0.0,0.0,0.0724,0.0003,0.0008,0.0009,0.0001,0.0004,0.0027,0.0013
1971.4167,0.0009,0.0005,0.0181,0.0131,0.0005,0.0,0.0,0.0,0.0,0.0,0.0443,0.0003,0.0008,0.0008,0.0,0.0004,0.0024,0.0012
1971.5,0.001,0.0005,0.021,0.0153,0.0005,0.0,0.0,0.0,0.0,0.0,0.0308,0.0003,0.0008,0.0009,0.0001,0.0004,0.0025,0.0013
1971.5833,0.001,0.0005,0.024,0.0177,0.0006,0.0,0.0,0.0,0.0,0.0,0.0194,0.0003,0.0009,0.0009,0.0001,0.0003,0.0026,0.0014
1971.6667,0.0011,0.0005,0.0288,0.0215,0.0006,0.0,0.0,0.0,0.0,0.0,0.0118,0.0003,0.001,0.0009,0.0001,0.0004,0.0027,0.0015
1971.75,0.0013,0.0006,0.0364,0.0274,0.0007,0.0,0.0,0.0,0.0,0.0,0.0079,0.0004,0.0012,0.001,0.0001,0.0004,0.0031,0.0018
1971.8333,0.0014,0.0006,0.0448,0.0339,0.0009,0.0,0.0,0.0,0.0,0.0,0.0048,0.0004,0.0014,0.0012,0.0001,0.0004,0.0034,0.002
1971.9167,0.0015,0.0006,0.0534,0.0408,0.001,0.0,0.0,0.0,0.0,0.0,0.0024,0.0005,0.0017,0.0013,0.0001,0.0004,0.0036,0.0022
1972.0,0.0015,0.0006,0.0611,0.0469,0.0012,0.0,0.0,0.0,0.0,0.0,0.0006,0.0005,0.0019,0.0013,0.0001,0.0004,0.0038,0.0023
1972.0833,0.0015,0.0006,0.061,0.045,0.0011,0.0,0.0,0.0,0.0,0.0,0.0006,0.0007,0.0023,0.0016,0.0001,0.0005,0.0044,0.0028
1972.1667,0.0015,0.0006,0.0604,0.0427,0.001,0.0,0.0,0.0,0.0,0.0,0.0006,0.0008,0.0028,0.0018,0.0001,0.0006,0.0051,0.0033
1972.25,0.0014,0.0006,0.0596,0.0401,0.001,0.0,0.0,0.0001,0.0,0.0,0.0007,0.0009,0.0033,0.002,0.0001,0.0006,0.0057,0.0038
1972.3333,0.0013,0.0005,0.0584,0.0373,0.0009,0.0,0.0001,0.0001,0.0,0.0,0.0008,0.001,0.0038,0.0022,0.0002,0.0007,0.0063,0.0043
1972.4167,0.0013,0.0005,0.0568,0.0344,0.0009,0.0,0.0001,0.0002,0.0001,0.0,0.001,0.0011,0.0044,0.0023,0.0002,0.0007,0.0069,0.0048
1972.5,0.0012,0.0005,0.055,0.0313,0.0008,0.0,0.0002,0.0003,0.0001,0.0001,0.0013,0.0011,0.0049,0.0024,0.0002,0.0007,0.0073,0.0052
1972.5833,0.0011,0.0004,0.053,0.0282,0.0007,0.0,0.0004,0.0006,0.0002,0.0001,0.0017,0.0012,0.0054,0.0025,0.0002,0.0007,0.0078,0.0057
1972.6667,0.0011,0.0004,0.058,0.0288,0.0008,0.0,0.0007,0.001,0.0004,0.0002,0.0023,0.0015,0.0067,0.0029,0.0002,0.0008,0.0093,0.007
1972.75,0.0012,0.0005,0.0647,0.0297,0.0008,0.0,0.0012,0.0016,0.0007,0.0003,0.0032,0.0018,0.0085,0.0035,0.0003,0.001,0.0114,0.0087
1972.8333,0.0012,0.0005,0.0716,0.0302,0.0009,0.0,0.0018,0.0025,0.0011,0.0004,0.0042,0.0021,0.0106,0.0041,0.0004,0.0011,0.0137,0.0108
1972.9167,0.0013,0.0005,0.0786,0.0303,0.001,0.0,0.0027,0.0036,0.0015,0.0006,0.0055,0.0025,0.0131,0.0047,0.0004,0.0013,0.0163,0.0131
1973.0,0.0013,0.0005,0.0854,0.0299,0.001,0.0,0.0037,0.0051,0.0021,0.0008,0.007,0.003,0.0159,0.0053,0.0005,0.0014,0.0191,0.0158
1973.0833,0.0013,0.0005,0.0834,0.0311,0.001,0.0,0.0059,0.008,0.0034,0.0013,0.0105,0.0036,0.0203,0.0064,0.0006,0.0017,0.0243,0.0205
1973.1667,0.0014,0.0005,0.0806,0.032,0.001,0.0,0.0086,0.0117,0.0049,0.0019,0.015,0.0043,0.0252,0.0074,0.0007,0.002,0.0301,0.026
1973.25,0.0014,0.0005,0.0773,0.0325,0.0009,0.0,0.0119,0.0161,0.0068,0.0027,0.0203,0.005,0.0305,0.0083,0.0008,0.0024,0.0365,0.0323
1973.3333,0.0014,0.0005,0.0733,0.0326,0.0009,0.0,0.0157,0.0212,0.009,0.0035,0.0266,0.0057,0.0362,0.0091,0.0009,0.0027,0.0435,0.0394
1973.4167,0.0014,0.0005,0.0688,0.0323,0.0008,0.0,0.0199,0.0269,0.0114,0.0045,0.0338,0.0063,0.042,0.0099,0.001,0.003,0.0511,0.0475
1973.5,0.0014,0.0005,0.0637,0.0314,0.0008,0.0,0.0244,0.033,0.0139,0.0055,0.0418,0.0068,0.0477,0.0104,0.0011,0.0033,0.0595,0.0566
1973.5833,0.0013,0.0005,0.0584,0.0302,0.0007,0.0,0.0291,0.0395,0.0167,0.0066,0.0506,0.0072,0.0535,0.0108,0.0011,0.0035,0.068,0.0662
1973.6667,0.0012,0.0005,0.0526,0.0285,0.0006,0.0,0.034,0.0461,0.0194,0.0077,0.0601,0.0075,0.0587,0.0109,0.0011,0.0038,0.0773,0.0772
1973.75,0.0012,0.0004,0.0469,0.0266,0.0006,0.0,0.0389,0.0526,0.0222,0.0088,0.0703,0.0077,0.0636,0.0109,0.0012,0.0039,0.0868,0.0886
1973.8333,0.001,0.0004,0.0411,0.0243,0.0005,0.0,0.0436,0.059,0.0249,0.01,0.081,0.0077,0.0677,0.0106,0.0011,0.0041,0.0966,0.1011
1973.9167,0.0009,0.0004,0.0354,0.0218,0.0004,0.0,0.0481,0.0651,0.0275,0.0111,0.0922,0.0075,0.0708,0.0102,0.0011,0.0042,0.1068,0.1144
1974.0,0.0008,0.0003,0.0295,0.0188,0.0004,0.0,0.0534,0.0723,0.0305,0.0124,0.1059,0.0071,0.0705,0.0093,0.001,0.0041,0.1135,0.1246
1974.0833,0.0008,0.0003,0.0285,0.0189,0.0003,0.0,0.0635,0.086,0.0363,0.0175,0.0881,0.0066,0.0577,0.0083,0.001,0.0039,0.0993,0.1144
1974.1667,0.0009,0.0003,0.0303,0.0208,0.0004,0.0,0.0743,0.1006,0.0425,0.0239,0.0763,0.0068,0.0518,0.0081,0.001,0.0041,0.0954,0.1153
1974.25,0.0009,0.0004,0.032,0.0226,0.0004,0.0,0.0854,0.1157,0.0488,0.0319,0.0652,0.0068,0.046,0.0078,0.0009,0.0043,0.0918,0.1165
1974.3333,0.001,0.0004,0.0336,0.0245,0.0004,0.0,0.0966,0.1308,0.0552,0.0417,0.0548,0.0068,0.0405,0.0075,0.0009,0.0044,0.0881,0.1174
1974.4167,0.001,0.0004,0.0351,0.0264,0.0004,0.0,0.1075,0.1456,0.0614,0.0532,0.0451,0.0067,0.0354,0.0071,0.0009,0.0046,0.0846,0.1184
1974.5,0.0011,0.0004,0.0366,0.0283,0.0005,0.0,0.1179,0.1597,0.0674,0.0666,0.0363,0.0065,0.0306,0.0066,0.0009,0.0047,0.081,0.1191
1974.5833,0.0011,0.0004,0.038,0.0301,0.0005,0.0,0.1276,0.1728,0.073,0.0817,0.0284,0.0062,0.0262,0.0061,0.0008,0.0048,0.0775,0.1198
1974.6667,0.0012,0.0004,0.0394,0.032,0.0005,0.0,0.1363,0.1845,0.0781,0.0986,0.0213,0.0059,0.0223,0.0055,0.0008,0.005,0.0739,0.12
1974.75,0.0012,0.0005,0.0408,0.0339,0.0005,0.0,0.1438,0.1945,0.0824,0.117,0.015,0.0055,0.0187,0.005,0.0007,0.005,0.0704,0.1202
1974.8333,0.0013,0.0005,0.0421,0.0358,0.0005,0.0,0.1497,0.2025,0.0859,0.1367,0.0097,0.0051,0.0154,0.0044,0.0006,0.0051,0.0668,0.1201
1974.9167,0.0013,0.0005,0.0434,0.0377,0.0006,0.0,0.154,0.2083,0.0885,0.1573,0.0051,0.0046,0.0126,0.0038,0.0006,0.0051,0.0632,0.1197
1975.0,0.0013,0.0005,0.0445,0.0393,0.0006,0.0,0.1562,0.2098,0.0911,0.177,0.0013,0.0041,0.0101,0.0033,0.0005,0.0052,0.0606,0.121
1975.0833,0.0015,0.0005,0.0435,0.0382,0.0006,0.0,0.145,0.199,0.0803,0.1988,0.0012,0.0044,0.0097,0.0034,0.0005,0.0064,0.0711,0.1169
1975.1667,0.0017,0.0006,0.0422,0.0368,0.0006,0.0,0.1338,0.1875,0.0702,0.2207,0.0011,0.0047,0.0093,0.0035,0.0006,0.0078,0.0823,0.1118
1975.25,0.0019,0.0006,0.0407,0.0352,0.0006,0.0,0.1224,0.1751,0.0608,0.2425,0.001,0.005,0.009,0.0035,0.0006,0.0094,0.0944,0.1058
1975.3333,0.0021,0.0007,0.0393,0.0337,0.0006,0.0,0.1112,0.1622,0.0521,0.2638,0.001,0.0053,0.0086,0.0036,0.0006,0.0111,0.1069,0.0988
1975.4167,0.0023,0.0007,0.0378,0.0322,0.0006,0.0,0.1001,0.1487,0.0441,0.2845,0.0009,0.0056,0.0082,0.0037,0.0006,0.013,0.1197,0.0909
1975.5,0.0025,0.0007,0.0362,0.0305,0.0006,0.0,0.0893,0.1351,0.037,0.3042,0.0008,0.0059,0.0078,0.0037,0.0007,0.0151,0.1327,0.0824
1975.5833,0.0028,0.0007,0.0346,0.0288,0.0007,0.0,0.0789,0.1214,0.0306,0.323,0.0008,0.0062,0.0075,0.0037,0.0007,0.0173,0.1457,0.0733
1975.6667,0.003,0.0008,0.033,0.0271,0.0007,0.0,0.0688,0.1077,0.0249,0.3401,0.0007,0.0066,0.0072,0.0038,0.0007,0.0197,0.1581,0.0637
1975.75,0.0031,0.0008,0.0313,0.0254,0.0007,0.0,0.0593,0.0942,0.02,0.3559,0.0006,0.007,0.0068,0.0038,0.0008,0.0221,0.1699,0.054
1975.8333,0.0033,0.0008,0.0294,0.0236,0.0007,0.0,0.0503,0.0811,0.0157,0.3699,0.0006,0.0074,0.0065,0.0039,0.0008,0.0246,0.1812,0.0444
1975.9167,0.0034,0.0008,0.0276,0.0218,0.0008,0.0,0.0419,0.0686,0.0121,0.3819,0.0005,0.0079,0.0063,0.0039,0.0008,0.0271,0.1911,0.0351
1976.0,0.0035,0.0008,0.0257,0.02,0.0008,0.0,0.0342,0.0568,0.0091,0.3887,0.0004,0.0083,0.006,0.004,0.0009,0.0298,0.2015,0.0266
1976.0833,0.0037,0.0008,0.0248,0.019,0.0007,0.0,0.0388,0.0653,0.0094,0.3673,0.0005,0.0096,0.0062,0.0044,0.001,0.0359,0.1988,0.024
1976.1667,0.0039,0.0008,0.0239,0.018,0.0007,0.0,0.0434,0.0739,0.0096,0.3442,0.0005,0.0109,0.0063,0.0047,0.0011,0.0426,0.1949,0.0214
1976.25,0.004,0.0008,0.0227,0.0168,0.0006,0.0,0.0478,0.0824,0.0096,0.3196,0.0006,0.0122,0.0064,0.005,0.0013,0.0497,0.1897,0.0189
1976.3333,0.0041,0.0008,0.0216,0.0157,0.0006,0.0,0.0519,0.0905,0.0094,0.2938,0.0006,0.0135,0.0064,0.0053,0.0014,0.0572,0.1834,0.0166
1976.4167,0.0042,0.0007,0.0204,0.0146,0.0005,0.0,0.0555,0.098,0.009,0.2675,0.0007,0.015,0.0064,0.0056,0.0015,0.0648,0.1756,0.0143
1976.5,0.0042,0.0007,0.0191,0.0134,0.0005,0.0,0.0587,0.1047,0.0085,0.2407,0.0007,0.0164,0.0062,0.0058,0.0016,0.0728,0.167,0.0122
1976.5833,0.0042,0.0007,0.0179,0.0122,0.0004,0.0,0.0613,0.1103,0.0078,0.2142,0.0007,0.0178,0.0061,0.006,0.0018,0.0807,0.158,0.0102
1976.6667,0.0042,0.0007,0.0165,0.011,0.0004,0.0,0.0632,0.1147,0.0071,0.188,0.0007,0.0192,0.0059,0.0061,0.0019,0.0884,0.1478,0.0084
1976.75,0.0041,0.0006,0.0151,0.0099,0.0003,0.0,0.0644,0.1177,0.0062,0.1628,0.0006,0.0206,0.0056,0.0062,0.002,0.096,0.1373,0.0067
1976.8333,0.0039,0.0006,0.0137,0.0087,0.0003,0.0,0.0647,0.1192,0.0054,0.1388,0.0006,0.0219,0.0053,0.0062,0.0021,0.1036,0.1266,0.0052
1976.9167,0.0037,0.0005,0.0121,0.0075,0.0003,0.0,0.0641,0.119,0.0045,0.1164,0.0005,0.0231,0.005,0.0061,0.0022,0.1106,0.1156,0.0038
1977.0,0.0034,0.0005,0.0107,0.0065,0.0002,0.0,0.0627,0.1171,0.0037,0.0958,0.0005,0.0241,0.0046,0.006,0.0023,0.1175,0.1052,0.0027
1977.0833,0.004,0.0005,0.0117,0.0069,0.0002,0.0,0.0616,0.115,0.0036,0.1022,0.0006,0.0276,0.0047,0.0064,0.0026,0.1158,0.1214,0.0025
1977.1667,0.0045,0.0006,0.0125,0.0072,0.0003,0.0,0.0599,0.1119,0.0034,0.1079,0.0006,0.031,0.0046,0.0067,0.0029,0.1128,0.1388,0.0023
1977.25,0.005,0.0006,0.0133,0.0074,0.0003,0.0,0.0577,0.1079,0.0033,0.1126,0.0007,0.0344,0.0045,0.0069,0.0032,0.1083,0.1568,0.0021
1977.3333,0.0054,0.0006,0.0137,0.0074,0.0003,0.0,0.055,0.1029,0.0031,0.1164,0.0008,0.0374,0.0043,0.0069,0.0034,0.1029,0.1757,0.0019
1977.4167,0.0057,0.0006,0.0139,0.0072,0.0003,0.0,0.0519,0.0972,0.0029,0.1189,0.0008,0.0401,0.004,0.0069,0.0037,0.0965,0.1952,0.0016
1977.5,0.0059,0.0006,0.0138,0.007,0.0003,0.0,0.0485,0.0908,0.0026,0.1202,0.0008,0.0422,0.0037,0.0066,0.0038,0.089,0.2155,0.0014
1977.5833,0.006,0.0006,0.0135,0.0066,0.0003,0.0,0.0448,0.0838,0.0024,0.1202,0.0008,0.0438,0.0033,0.0063,0.0039,0.0806,0.2353,0.0012
1977.6667,0.006,0.0006,0.0129,0.0061,0.0003,0.0,0.0408,0.0765,0.0021,0.1187,0.0008,0.0445,0.0029,0.0058,0.004,0.0718,0.2551,0.001
1977.75,0.0058,0.0006,0.0121,0.0054,0.0002,0.0,0.0368,0.0689,0.0019,0.1157,0.0007,0.0445,0.0025,0.0053,0.0039,0.0625,0.2743,0.0007
1977.8333,0.0055,0.0005,0.011,0.0048,0.0002,0.0,0.0326,0.0612,0.0016,0.1114,0.0007,0.0435,0.0021,0.0046,0.0038,0.0532,0.2934,0.0005
1977.9167,0.005,0.0004,0.0095,0.004,0.0002,0.0,0.0285,0.0536,0.0014,0.1056,0.0006,0.0417,0.0017,0.004,0.0036,0.044,0.3111,0.0004
1978.0,0.0044,0.0004,0.0081,0.0033,0.0002,0.0,0.0241,0.0452,0.0011,0.0956,0.0006,0.039,0.0013,0.0033,0.0033,0.0357,0.3337,0.0002
1978.0833,0.0054,0.0004,0.0096,0.0037,0.0002,0.0,0.0224,0.0421,0.001,0.0726,0.0006,0.0537,0.0015,0.004,0.0046,0.0392,0.3287,0.0002
1978.1667,0.006,0.0005,0.0105,0.0038,0.0002,0.0,0.0238,0.0449,0.001,0.0632,0.0007,0.0682,0.0016,0.0045,0.0058,0.047,0.355,0.0002
1978.25,0.0066,0.0005,0.0111,0.0039,0.0002,0.0,0.0251,0.0474,0.001,0.0543,0.0007,0.0838,0.0016,0.0049,0.007,0.0558,0.379,0.0001
1978.3333,0.0068,0.0005,0.0112,0.0037,0.0002,0.0,0.0262,0.0496,0.001,0.0459,0.0008,0.0991,0.0015,0.005,0.0082,0.0655,0.4036,0.0001
1978.4167,0.0069,0.0005,0.0109,0.0034,0.0002,0.0,0.0271,0.0513,0.001,0.0382,0.0009,0.1139,0.0014,0.005,0.0094,0.0764,0.4263,0.0001
1978.5,0.0071,0.0004,0.0109,0.0033,0.0002,0.0,0.03,0.0568,0.001,0.0335,0.0011,0.1353,0.0013,0.005,0.0111,0.0886,0.4167,0.0001
1978.5833,0.0075,0.0004,0.0113,0.0032,0.0003,0.0,0.0357,0.0677,0.0011,0.0312,0.0014,0.1709,0.0014,0.0054,0.0139,0.0997,0.3657,0.0001
1978.6667,0.0077,0.0004,0.0114,0.003,0.0003,0.0,0.0419,0.0796,0.0012,0.028,0.0018,0.2103,0.0013,0.0056,0.017,0.1093,0.3168,0.0001
1978.75,0.0076,0.0004,0.0108,0.0027,0.0002,0.0,0.0486,0.0925,0.0013,0.0241,0.0023,0.2517,0.0012,0.0057,0.0201,0.1172,0.2716,0.0
1978.8333,0.007,0.0003,0.0098,0.0023,0.0002,0.0,0.0558,0.1061,0.0013,0.0196,0.0029,0.2952,0.0012,0.0057,0.0235,0.1227,0.2288,0.0
1978.9167,0.0063,0.0003,0.0085,0.0019,0.0002,0.0,0.0732,0.1395,0.0015,0.0171,0.0042,0.2567,0.001,0.0052,0.0241,0.1449,0.2182,0.0
1979.0,0.0051,0.0002,0.0069,0.0014,0.0002,0.0,0.1029,0.1964,0.0017,0.0141,0.0065,0.1655,0.0007,0.0041,0.0204,0.1772,0.2167,0.0
1979.0833,0.006,0.0002,0.0078,0.0015,0.0002,0.0,0.1147,0.2189,0.0021,0.013,0.0099,0.1515,0.0007,0.0046,0.024,0.1725,0.1828,0.0
1979.1667,0.0073,0.0003,0.0093,0.0017,0.0003,0.0,0.1122,0.2138,0.0023,0.0116,0.0134,0.1469,0.0008,0.0055,0.0293,0.1786,0.1642,0.0
1979.25,0.0086,0.0003,0.0108,0.0018,0.0003,0.0,0.1092,0.2079,0.0025,0.0102,0.0175,0.1402,0.0009,0.0064,0.0347,0.1848,0.147,0.0
1979.3333,0.0101,0.0003,0.0124,0.0019,0.0004,0.0,0.1059,0.2013,0.0026,0.0089,0.0221,0.1319,0.0009,0.0073,0.0402,0.1907,0.1314,0.0001
1979.4167,0.0116,0.0003,0.014,0.002,0.0004,0.0,0.1022,0.1942,0.0027,0.0077,0.0273,0.1225,0.001,0.0082,0.0454,0.1963,0.1167,0.0001
1979.5,0.0131,0.0003,0.0156,0.002,0.0005,0.0,0.0982,0.1864,0.0028,0.0066,0.0332,0.112,0.001,0.009,0.0503,0.2021,0.1033,0.0001
1979.5833,0.0146,0.0004,0.0171,0.002,0.0006,0.0,0.094,0.1781,0.0029,0.0055,0.0395,0.101,0.0011,0.0098,0.0546,0.2078,0.091,0.0001
1979.6667,0.0158,0.0003,0.0182,0.0019,0.0007,0.0,0.0895,0.1694,0.0029,0.0045,0.0465,0.0896,0.0011,0.0106,0.0581,0.2139,0.0799,0.0001
1979.75,0.0172,0.0003,0.0195,0.0019,0.0007,0.0,0.0848,0.1604,0.003,0.0036,0.0539,0.0783,0.0011,0.0113,0.0608,0.2198,0.0698,0.0001
1979.8333,0.0181,0.0003,0.0202,0.0017,0.0008,0.0,0.08,0.151,0.003,0.0028,0.0618,0.0671,0.0011,0.0118,0.0624,0.2271,0.0606,0.0001
1979.9167,0.0189,0.0003,0.0209,0.0015,0.0009,0.0,0.075,0.1414,0.003,0.0022,0.0702,0.0569,0.0011,0.0122,0.0634,0.2328,0.0517,0.0001
1980.0,0.0208,0.0003,0.0226,0.0015,0.0011,0.0,0.082,0.1544,0.0036,0.0019,0.0936,0.0506,0.0011,0.0134,0.0677,0.1548,0.0362,0.0
1980.0833,0.0231,0.0003,0.0248,0.0014,0.0009,0.0,0.0812,0.1516,0.0048,0.0021,0.1691,0.0442,0.0011,0.0141,0.0531,0.1177,0.0338,0.0
1980.1667,0.024,0.0003,0.0255,0.0012,0.0008,0.0,0.0738,0.1364,0.0058,0.0021,0.2759,0.037,0.0011,0.0141,0.0399,0.0848,0.0295,0.0
1980.25,0.0259,0.0002,0.0273,0.0011,0.0007,0.0,0.0631,0.1153,0.0063,0.002,0.3648,0.0325,0.001,0.0145,0.0315,0.0642,0.027,0.0
1980.3333,0.0297,0.0002,0.031,0.001,0.0007,0.0,0.0541,0.0976,0.0067,0.0019,0.4178,0.0308,0.0011,0.0161,0.0268,0.0515,0.0259,0.0
1980.4167,0.0353,0.0002,0.0366,0.001,0.0007,0.0,0.0471,0.0835,0.0071,0.0018,0.4449,0.0307,0.0012,0.0185,0.0239,0.0426,0.0256,0.0
1980.5,0.0458,0.0002,0.0472,0.001,0.0008,0.0,0.0435,0.0759,0.0079,0.0017,0.4224,0.0334,0.0014,0.0234,0.0234,0.0383,0.0273,0.0
1980.5833,0.058,0.0002,0.0593,0.001,0.001,0.0,0.04,0.0685,0.0086,0.0017,0.3994,0.0357,0.0016,0.0288,0.0223,0.0337,0.0286,0.0
1980.6667,0.072,0.0002,0.0733,0.001,0.0011,0.0,0.0366,0.0614,0.0091,0.0016,0.3761,0.0375,0.0018,0.0348,0.021,0.0287,0.029,0.0
1980.75,0.0872,0.0002,0.0883,0.0009,0.0012,0.0,0.0332,0.0545,0.0095,0.0015,0.3526,0.0387,0.0019,0.0413,0.0193,0.0238,0.0287,0.0
1980.8333,0.1092,0.0002,0.1102,0.0008,0.0014,0.0,0.0301,0.0482,0.0098,0.0014,0.3,0.0415,0.0022,0.051,0.0184,0.0206,0.0297,0.0
1980.9167,0.1455,0.0002,0.1463,0.0007,0.0018,0.0,0.0258,0.0402,0.0095,0.0012,0.2059,0.0471,0.0027,0.067,0.0185,0.0187,0.0325,0.0
1981.0,0.1849,0.0001,0.1855,0.0005,0.0021,0.0,0.0197,0.0299,0.0081,0.001,0.1262,0.051,0.003,0.0841,0.0177,0.0161,0.0341,0.0
1981.0833,0.1757,0.0001,0.1763,0.0005,0.002,0.0,0.0225,0.033,0.0103,0.0011,0.1339,0.0564,0.0031,0.0798,0.0173,0.0209,0.0546,0.0
1981.1667,0.1645,0.0001,0.1651,0.0004,0.0019,0.0,0.0253,0.036,0.0128,0.0013,0.1417,0.0612,0.0031,0.0744,0.0164,0.025,0.0809,0.0
1981.25,0.1514,0.0001,0.1519,0.0004,0.0018,0.0,0.0284,0.0389,0.0157,0.0014,0.1498,0.065,0.003,0.068,0.0152,0.0277,0.1131,0.0
1981.3333,0.1368,0.0001,0.1373,0.0004,0.0016,0.0,0.0315,0.0416,0.0191,0.0016,0.1581,0.0674,0.0029,0.0608,0.0136,0.0287,0.1511,0.0
1981.4167,0.1206,0.0001,0.1211,0.0003,0.0014,0.0,0.0348,0.0442,0.0228,0.0018,0.1667,0.068,0.0027,0.0529,0.0118,0.0281,0.1952,0.0
1981.5,0.1041,0.0001,0.1045,0.0003,0.0012,0.0,0.0381,0.0463,0.027,0.0019,0.1755,0.0668,0.0024,0.0448,0.0098,0.0254,0.2421,0.0
1981.5833,0.0868,0.0001,0.0872,0.0003,0.001,0.0,0.0415,0.0482,0.0317,0.0021,0.1845,0.0634,0.0021,0.0366,0.0078,0.0211,0.2929,0.0
1981.6667,0.0731,0.0001,0.0733,0.0002,0.0009,0.0,0.0434,0.0481,0.0356,0.0022,0.1725,0.0605,0.0018,0.03,0.0062,0.016,0.359,0.0
1981.75,0.066,0.0,0.0662,0.0002,0.0008,0.0,0.0374,0.0393,0.0327,0.0019,0.1035,0.0618,0.0017,0.0263,0.0051,0.0107,0.4876,0.0
1981.8333,0.0618,0.0,0.0621,0.0002,0.0007,0.0,0.0341,0.0339,0.0318,0.0017,0.0652,0.0654,0.0016,0.0238,0.0043,0.006,0.56,0.0001
1981.9167,0.0637,0.0001,0.0639,0.0002,0.0008,0.0,0.0354,0.0332,0.035,0.0017,0.0456,0.076,0.0017,0.0235,0.0038,0.0029,0.569,0.0001
1982.0,0.0672,0.0001,0.0674,0.0002,0.0008,0.0,0.0375,0.0333,0.039,0.0018,0.0317,0.0916,0.0018,0.024,0.0034,0.0013,0.5571,0.0001
1982.0833,0.0523,0.0001,0.0525,0.0002,0.0007,0.0,0.0275,0.0269,0.026,0.0015,0.0196,0.0702,0.0016,0.0194,0.0024,0.0012,0.6637,0.0001
1982.1667,0.0458,0.0001,0.046,0.0002,0.0006,0.0,0.0239,0.0256,0.0205,0.0015,0.0143,0.0609,0.0015,0.0178,0.0019,0.0013,0.7051,0.0001
1982.25,0.0409,0.0001,0.0412,0.0002,0.0006,0.0,0.0214,0.0249,0.0163,0.0016,0.0106,0.0543,0.0015,0.0167,0.0015,0.0013,0.7338,0.0001
1982.3333,0.0452,0.0001,0.0455,0.0002,0.0006,0.0,0.0243,0.0305,0.0163,0.002,0.0099,0.06,0.0019,0.0195,0.0015,0.0016,0.6992,0.0001
1982.4167,0.0505,0.0001,0.0509,0.0003,0.0008,0.0,0.0287,0.0386,0.0167,0.0026,0.0094,0.0673,0.0023,0.023,0.0015,0.0018,0.6523,0.0001
1982.5,0.0549,0.0001,0.0553,0.0003,0.0009,0.0,0.0334,0.0479,0.0165,0.0034,0.0086,0.0743,0.0028,0.0267,0.0014,0.0021,0.6037,0.0001
1982.5833,0.0584,0.0001,0.0589,0.0004,0.001,0.0,0.0385,0.0584,0.0158,0.0044,0.0076,0.0807,0.0034,0.0304,0.0014,0.0022,0.5539,0.0001
1982.6667,0.0615,0.0001,0.0621,0.0004,0.001,0.0,0.0442,0.0708,0.0147,0.0055,0.0064,0.0867,0.004,0.0343,0.0013,0.0023,0.5009,0.0001
1982.75,0.0701,0.0002,0.0708,0.0005,0.0012,0.0,0.0562,0.0946,0.0146,0.0078,0.0057,0.1018,0.0052,0.0423,0.0013,0.0022,0.3865,0.0001
1982.8333,0.0749,0.0002,0.0757,0.0006,0.0014,0.0,0.0695,0.1224,0.0133,0.0106,0.0045,0.1136,0.0063,0.0496,0.0012,0.0019,0.2766,0.0001
1982.9167,0.0753,0.0002,0.0762,0.0006,0.0014,0.0,0.0839,0.1538,0.011,0.014,0.003,0.1205,0.0073,0.0551,0.0011,0.0015,0.1803,0.0001
1983.0,0.0683,0.0002,0.0692,0.0006,0.0014,0.0,0.1129,0.2147,0.0087,0.0206,0.0012,0.125,0.0084,0.0606,0.0009,0.0012,0.1166,0.0
1983.0833,0.0607,0.0002,0.0616,0.0006,0.0016,0.0,0.1011,0.1934,0.0071,0.028,0.0009,0.1298,0.0121,0.0836,0.001,0.0018,0.1516,0.0001
1983.1667,0.0517,0.0003,0.0525,0.0006,0.0018,0.0,0.0893,0.1719,0.0056,0.0358,0.0006,0.1277,0.0165,0.1092,0.0009,0.0026,0.1925,0.0001
1983.25,0.0425,0.0002,0.0433,0.0005,0.0018,0.0,0.0791,0.1534,0.0045,0.0443,0.0005,0.1198,0.0216,0.1369,0.0009,0.0036,0.2284,0.0001
1983.3333,0.0362,0.0002,0.037,0.0005,0.002,0.0,0.08,0.1563,0.004,0.0609,0.0004,0.1156,0.0294,0.1788,0.0009,0.0037,0.1849,0.0001
1983.4167,0.0289,0.0002,0.0297,0.0005,0.0019,0.0,0.0795,0.1564,0.0035,0.0806,0.0003,0.1042,0.0383,0.2236,0.0008,0.0037,0.1467,0.0001
1983.5,0.0215,0.0002,0.0221,0.0004,0.0018,0.0,0.0776,0.1539,0.003,0.1033,0.0003,0.0871,0.0481,0.2697,0.0007,0.0035,0.1118,0.0001
1983.5833,0.0144,0.0001,0.0148,0.0003,0.0014,0.0,0.0743,0.1485,0.0026,0.1289,0.0002,0.0658,0.0583,0.3143,0.0005,0.0031,0.0805,0.0001
1983.6667,0.009,0.0001,0.0093,0.0002,0.001,0.0,0.0776,0.1564,0.0023,0.1746,0.0001,0.0457,0.0641,0.2924,0.0004,0.0027,0.0599,0.0001
1983.75,0.0061,0.0001,0.0063,0.0001,0.0008,0.0,0.08,0.1629,0.002,0.1666,0.0001,0.0348,0.0757,0.2825,0.0003,0.0027,0.0505,0.0001
1983.8333,0.0038,0.0,0.0039,0.0001,0.0006,0.0,0.0809,0.1665,0.0017,0.1481,0.0001,0.0253,0.0891,0.2747,0.0002,0.0028,0.0437,0.0
1983.9167,0.0019,0.0,0.002,0.0,0.0003,0.0,0.0804,0.1672,0.0014,0.1289,0.0001,0.0166,0.1028,0.2633,0.0001,0.0028,0.0378,0.0
1984.0,0.0005,0.0,0.0006,0.0,0.0001,0.0,0.0802,0.1723,0.0012,0.1125,0.0001,0.011,0.1342,0.2879,0.0001,0.0032,0.0377,0.0
1984.0833,0.0005,0.0,0.0006,0.0,0.0001,0.0,0.0708,0.1597,0.0013,0.1072,0.0001,0.0142,0.1171,0.2892,0.0001,0.0058,0.0597,0.0001
1984.1667,0.0005,0.0,0.0006,0.0,0.0001,0.0,0.0619,0.1472,0.0013,0.1015,0.0001,0.0173,0.0997,0.2845,0.0001,0.0096,0.0869,0.0001
1984.25,0.0005,0.0,0.0006,0.0,0.0001,0.0,0.0538,0.1348,0.0013,0.0955,0.0001,0.0201,0.0826,0.2739,0.0002,0.0148,0.1186,0.0001
1984.3333,0.0005,0.0,0.0005,0.0,0.0001,0.0,0.0462,0.1226,0.0013,0.0892,0.0001,0.0222,0.0662,0.2569,0.0002,0.0218,0.1551,0.0002
1984.4167,0.0005,0.0,0.0006,0.0,0.0002,0.0,0.0438,0.1232,0.0015,0.092,0.0002,0.027,0.059,0.27,0.0002,0.0283,0.1613,0.0002
1984.5,0.0006,0.0,0.0006,0.0,0.0002,0.0,0.0427,0.1277,0.0017,0.0978,0.0002,0.0338,0.0541,0.2943,0.0003,0.0341,0.1514,0.0002
1984.5833,0.0007,0.0,0.0007,0.0,0.0002,0.0,0.0411,0.1309,0.0019,0.103,0.0002,0.0416,0.0486,0.3185,0.0003,0.0399,0.1408,0.0002
1984.6667,0.0007,0.0,0.0008,0.0,0.0003,0.0,0.039,0.1327,0.0021,0.1072,0.0002,0.0505,0.0427,0.3421,0.0004,0.0458,0.1298,0.0002
1984.75,0.0008,0.0,0.0008,0.0,0.0003,0.0,0.0366,0.1331,0.0023,0.1104,0.0002,0.0607,0.0366,0.365,0.0005,0.0516,0.1184,0.0002
1984.8333,0.0009,0.0,0.0009,0.0,0.0004,0.0,0.0338,0.1321,0.0025,0.1125,0.0002,0.0722,0.0304,0.3862,0.0005,0.0574,0.1073,0.0002
1984.9167,0.001,0.0,0.001,0.0,0.0004,0.0,0.0308,0.1296,0.0027,0.1135,0.0002,0.085,0.0242,0.4058,0.0006,0.063,0.0963,0.0002
1985.0,0.001,0.0,0.0011,0.0,0.0005,0.0,0.0276,0.125,0.0028,0.1124,0.0001,0.0995,0.0185,0.4254,0.0007,0.0681,0.0853,0.0002
1985.0833,0.0016,0.0,0.0017,0.0001,0.0008,0.0,0.0303,0.1218,0.0033,0.1048,0.0002,0.0861,0.0232,0.4365,0.0007,0.0621,0.093,0.0002
1985.1667,0.0023,0.0,0.0025,0.0001,0.0012,0.0,0.0331,0.1183,0.0039,0.0976,0.0002,0.0729,0.0287,0.4455,0.0006,0.0561,0.1009,0.0002
1985.25,0.0031,0.0001,0.0033,0.0001,0.0017,0.0,0.0359,0.1145,0.0045,0.0906,0.0002,0.0604,0.0348,0.453,0.0006,0.0498,0.1083,0.0002
1985.3333,0.004,0.0001,0.0043,0.0002,0.0023,0.0,0.0387,0.1105,0.0051,0.0839,0.0002,0.0485,0.0416,0.4583,0.0005,0.0436,0.1155,0.0002
1985.4167,0.005,0.0001,0.0053,0.0002,0.003,0.0,0.0414,0.1062,0.0056,0.0774,0.0002,0.0375,0.0489,0.461,0.0004,0.0375,0.1228,0.0002
1985.5,0.006,0.0001,0.0065,0.0003,0.0038,0.0,0.0442,0.1017,0.0062,0.0713,0.0002,0.0273,0.0567,0.4615,0.0003,0.0317,0.1299,0.0002
1985.5833,0.0071,0.0001,0.0076,0.0004,0.0048,0.0,0.0468,0.097,0.0068,0.0654,0.0002,0.0182,0.0649,0.4595,0.0002,0.0261,0.1365,0.0002
1985.6667,0.0082,0.0001,0.0088,0.0005,0.0058,0.0,0.0516,0.0965,0.0076,0.0627,0.0001,0.0111,0.0737,0.4366,0.0002,0.0215,0.1479,0.0002
1985.75,0.0092,0.0002,0.01,0.0005,0.007,0.0,0.0632,0.1065,0.0095,0.0667,0.0001,0.0072,0.0817,0.3707,0.0001,0.018,0.1685,0.0003
1985.8333,0.01,0.0002,0.0108,0.0006,0.0079,0.0,0.0764,0.116,0.0116,0.0701,0.0001,0.0045,0.0867,0.3066,0.0001,0.014,0.1895,0.0003
1985.9167,0.0107,0.0002,0.0116,0.0007,0.0089,0.0,0.097,0.133,0.0149,0.0776,0.0001,0.0026,0.0916,0.2553,0.0,0.0091,0.1727,0.0003
1986.0,0.0117,0.0002,0.0126,0.0007,0.0102,0.0,0.127,0.1578,0.0199,0.0904,0.0,0.0014,0.0979,0.2155,0.0,0.0046,0.1078,0.0002
1986.0833,0.0122,0.0002,0.0132,0.0008,0.0112,0.0,0.1521,0.1399,0.0254,0.0789,0.0001,0.0012,0.0845,0.1558,0.0,0.0043,0.1275,0.0002
1986.1667,0.0126,0.0002,0.0137,0.0008,0.0123,0.0,0.182,0.1222,0.031,0.0691,0.0001,0.001,0.0735,0.1141,0.0,0.0036,0.1275,0.0002
1986.25,0.0155,0.0002,0.0168,0.0011,0.0159,0.0,0.1698,0.1087,0.0377,0.0655,0.0001,0.0011,0.0759,0.0994,0.0,0.003,0.1107,0.0002
1986.3333,0.0187,0.0002,0.0203,0.0013,0.0202,0.0,0.151,0.0935,0.0436,0.0611,0.0001,0.0011,0.078,0.0861,0.0,0.0025,0.0976,0.0001
1986.4167,0.0236,0.0003,0.0256,0.0017,0.0268,0.0,0.1351,0.0796,0.0496,0.0574,0.0001,0.0012,0.084,0.0779,0.0,0.0022,0.0899,0.0001
1986.5,0.0318,0.0004,0.0346,0.0024,0.0381,0.0,0.1248,0.0687,0.0569,0.0557,0.0001,0.0015,0.0969,0.0756,0.0,0.0021,0.091,0.0001
1986.5833,0.0415,0.0005,0.0452,0.0032,0.0527,0.0,0.1136,0.0572,0.0632,0.0533,0.0001,0.0018,0.1085,0.071,0.0,0.0019,0.0896,0.0001
1986.6667,0.0479,0.0005,0.0522,0.0038,0.0537,0.0,0.112,0.0503,0.0745,0.0552,0.0001,0.0022,0.1171,0.0638,0.0,0.0018,0.088,0.0001
1986.75,0.0497,0.0005,0.0543,0.004,0.0423,0.0,0.1188,0.046,0.0933,0.0616,0.0001,0.0026,0.124,0.0558,0.0,0.0016,0.0865,0.0001
1986.8333,0.0506,0.0005,0.0553,0.0042,0.0322,0.0,0.1255,0.0402,0.1144,0.0685,0.0001,0.0031,0.1297,0.0479,0.0001,0.0015,0.0846,0.0001
1986.9167,0.0503,0.0005,0.0552,0.0043,0.0236,0.0,0.1319,0.033,0.1377,0.0758,0.0001,0.0036,0.1343,0.0401,0.0001,0.0013,0.0826,0.0001
1987.0,0.0487,0.0004,0.0536,0.0043,0.0165,0.0,0.1361,0.0248,0.1635,0.0811,0.0001,0.0042,0.1389,0.0331,0.0001,0.0012,0.0808,0.0001
1987.0833,0.0483,0.0005,0.0539,0.0051,0.0152,0.0,0.1412,0.0225,0.1498,0.0636,0.0001,0.005,0.1109,0.0315,0.0001,0.0014,0.0982,0.0001
1987.1667,0.0465,0.0005,0.0529,0.0059,0.0135,0.0,0.1607,0.0223,0.1506,0.0539,0.0001,0.0055,0.0858,0.029,0.0001,0.0012,0.0785,0.0001
1987.25,0.0495,0.0006,0.0575,0.0073,0.0133,0.0,0.1886,0.0228,0.1564,0.0462,0.0001,0.0065,0.0732,0.0291,0.0001,0.0012,0.0705,0.0001
1987.3333,0.052,0.0008,0.0617,0.0089,0.0128,0.0,0.2191,0.023,0.1605,0.038,0.0002,0.0073,0.0613,0.0286,0.0001,0.0012,0.063,0.0001
1987.4167,0.0539,0.0009,0.0655,0.0107,0.0122,0.0,0.2516,0.0228,0.1629,0.0296,0.0002,0.0079,0.0501,0.0273,0.0001,0.0012,0.0561,0.0001
1987.5,0.0554,0.001,0.069,0.0126,0.0114,0.0,0.2846,0.0224,0.1633,0.0213,0.0002,0.0083,0.0402,0.0255,0.0001,0.0012,0.0498,0.0001
1987.5833,0.0652,0.0014,0.0834,0.0169,0.0122,0.0,0.2463,0.022,0.1639,0.016,0.0002,0.0098,0.0364,0.0268,0.0001,0.0014,0.0514,0.0001
1987.6667,0.0748,0.0018,0.0986,0.022,0.0126,0.0,0.2099,0.0213,0.1619,0.0117,0.0002,0.0109,0.0315,0.0269,0.0001,0.0017,0.0519,0.0001
1987.75,0.084,0.0022,0.1142,0.028,0.0126,0.0,0.1758,0.0202,0.1573,0.0082,0.0002,0.0116,0.026,0.0258,0.0001,0.0019,0.0517,0.0001
1987.8333,0.0921,0.0028,0.1296,0.0347,0.0123,0.0,0.1445,0.0188,0.1502,0.0055,0.0002,0.0115,0.0202,0.0233,0.0001,0.0021,0.0507,0.0001
1987.9167,0.0989,0.0034,0.1441,0.0418,0.0116,0.0,0.1162,0.0171,0.1407,0.0035,0.0002,0.0107,0.0147,0.0196,0.0001,0.0023,0.0493,0.0001
1988.0,0.1033,0.004,0.1569,0.0496,0.0107,0.0,0.0925,0.0153,0.1292,0.0021,0.0002,0.0092,0.0098,0.0153,0.0001,0.0025,0.0486,0.0001
1988.0833,0.1095,0.0055,0.1599,0.0448,0.013,0.0,0.1006,0.0168,0.1227,0.0018,0.0002,0.0132,0.011,0.0199,0.0001,0.0041,0.0729,0.0001
1988.1667,0.1129,0.0072,0.1593,0.0392,0.0152,0.0,0.1083,0.0181,0.1154,0.0016,0.0002,0.018,0.0116,0.0246,0.0001,0.0063,0.1035,0.0002
1988.25,0.1129,0.009,0.1548,0.0329,0.0173,0.0,0.1154,0.0191,0.1074,0.0014,0.0002,0.0235,0.0116,0.029,0.0001,0.0093,0.1407,0.0002
1988.3333,0.1096,0.0106,0.1468,0.0266,0.019,0.0,0.1218,0.0199,0.0989,0.0012,0.0002,0.0294,0.0111,0.0328,0.0002,0.0131,0.1833,0.0003
1988.4167,0.1104,0.0127,0.1451,0.022,0.0217,0.0,0.1446,0.0232,0.1024,0.0013,0.0002,0.0378,0.0108,0.038,0.0002,0.0141,0.1633,0.0003
1988.5,0.1116,0.0152,0.1448,0.0179,0.0249,0.0,0.1755,0.0276,0.1083,0.0013,0.0002,0.0487,0.0103,0.0438,0.0002,0.013,0.1233,0.0002
1988.5833,0.1098,0.0176,0.1413,0.0139,0.0278,0.0,0.2099,0.032,0.1127,0.0013,0.0002,0.0609,0.0095,0.049,0.0002,0.0113,0.0884,0.0001
1988.6667,0.1051,0.0196,0.1348,0.0102,0.0302,0.0,0.2478,0.0365,0.1154,0.0013,0.0002,0.0739,0.0083,0.053,0.0002,0.0091,0.0596,0.0001
1988.75,0.0978,0.021,0.1257,0.0069,0.032,0.0,0.2886,0.0408,0.1163,0.0014,0.0001,0.0873,0.0069,0.0554,0.0002,0.0065,0.0363,0.0001
1988.8333,0.0883,0.0219,0.1144,0.0043,0.0329,0.0,0.332,0.0447,0.1153,0.0015,0.0001,0.1003,0.0053,0.056,0.0001,0.004,0.0188,0.0
1988.9167,0.0808,0.023,0.1062,0.0024,0.0345,0.0,0.3537,0.0485,0.1133,0.0017,0.0001,0.1175,0.0041,0.0574,0.0001,0.0019,0.0079,0.0
1989.0,0.0817,0.0266,0.1094,0.0011,0.0397,0.0,0.3136,0.0516,0.1099,0.0018,0.0,0.1526,0.0032,0.0648,0.0001,0.0002,0.0008,0.0
1989.0833,0.0582,0.0171,0.076,0.0006,0.0321,0.0,0.2472,0.0288,0.0575,0.0024,0.0,0.3743,0.0028,0.066,0.0,0.0003,0.0009,0.0
1989.1667,0.0346,0.0092,0.0441,0.0003,0.0216,0.0,0.2577,0.02,0.0375,0.0038,0.0,0.4873,0.0021,0.0554,0.0,0.0003,0.0009,0.0
1989.25,0.0203,0.0049,0.0253,0.0001,0.0143,0.0,0.2958,0.0137,0.0242,0.0062,0.0001,0.5276,0.0015,0.0469,0.0001,0.0004,0.0009,0.0
1989.3333,0.0164,0.0036,0.0201,0.0001,0.0131,0.0,0.31,0.0104,0.0173,0.0099,0.0001,0.5288,0.0014,0.0506,0.0001,0.0005,0.001,0.0
1989.4167,0.0154,0.003,0.0185,0.0001,0.0139,0.0,0.2924,0.0078,0.012,0.0141,0.0001,0.5405,0.0015,0.0612,0.0001,0.0006,0.0011,0.0
1989.5,0.0163,0.0029,0.0193,0.0001,0.0167,0.0,0.262,0.006,0.0088,0.0187,0.0001,0.545,0.0016,0.0793,0.0001,0.0008,0.0013,0.0
1989.5833,0.017,0.0027,0.0198,0.0001,0.0198,0.0,0.2316,0.0045,0.0062,0.0233,0.0001,0.5455,0.0017,0.1002,0.0001,0.001,0.0015,0.0
1989.6667,0.0176,0.0025,0.0201,0.0001,0.0232,0.0,0.2015,0.0033,0.0042,0.0276,0.0001,0.5423,0.0016,0.124,0.0001,0.0011,0.0015,0.0
1989.75,0.018,0.0022,0.0203,0.0001,0.0271,0.0,0.1727,0.0023,0.0027,0.0312,0.0001,0.5344,0.0014,0.1509,0.0001,0.0011,0.0013,0.0
1989.8333,0.0198,0.0022,0.0221,0.0001,0.0342,0.0,0.1735,0.0018,0.002,0.0406,0.0001,0.4678,0.0013,0.1893,0.0,0.0011,0.0012,0.0
1989.9167,0.0213,0.0021,0.0234,0.0001,0.0423,0.0,0.1728,0.0013,0.0014,0.0516,0.0001,0.3998,0.0011,0.2281,0.0,0.001,0.0009,0.0
1990.0,0.022,0.0019,0.024,0.0001,0.0505,0.0,0.1751,0.0009,0.0009,0.0658,0.0001,0.3325,0.0009,0.2609,0.0,0.0008,0.0006,0.0
1990.0833,0.0294,0.0022,0.0317,0.0001,0.0609,0.0,0.1793,0.0008,0.0008,0.0583,0.0001,0.3267,0.0009,0.2175,0.0,0.0012,0.0009,0.0
1990.1667,0.0373,0.0024,0.0399,0.0001,0.0703,0.0,0.1867,0.0007,0.0006,0.0522,0.0001,0.3145,0.0008,0.1688,0.0,0.0016,0.0011,0.0
1990.25,0.0405,0.0022,0.0429,0.0001,0.0696,0.0,0.2198,0.0007,0.0006,0.0524,0.0001,0.3216,0.0008,0.1381,0.0,0.0021,0.0013,0.0
1990.3333,0.0418,0.0019,0.0439,0.0001,0.0658,0.0,0.2611,0.0007,0.0005,0.0526,0.0001,0.3316,0.0007,0.1121,0.0,0.0028,0.0015,0.0
1990.4167,0.0422,0.0016,0.044,0.0002,0.0608,0.0,0.3057,0.0006,0.0004,0.0515,0.0001,0.337,0.0006,0.088,0.0,0.0038,0.0018,0.0
1990.5,0.0488,0.0015,0.0506,0.0002,0.0651,0.0,0.2533,0.0005,0.0003,0.0437,0.0001,0.397,0.0006,0.0781,0.0,0.0059,0.0024,0.0
1990.5833,0.0595,0.0015,0.0613,0.0003,0.0731,0.0,0.2325,0.0004,0.0002,0.0412,0.0001,0.4028,0.0005,0.069,0.0,0.0094,0.0034,0.0
1990.6667,0.0755,0.0015,0.0774,0.0005,0.0824,0.0,0.2676,0.0004,0.0002,0.0487,0.0001,0.3261,0.0005,0.0629,0.0,0.0144,0.0046,0.0
1990.75,0.0788,0.0011,0.0806,0.0006,0.0571,0.0,0.3383,0.0004,0.0002,0.0633,0.0001,0.2768,0.0005,0.0599,0.0,0.0203,0.0057,0.0
1990.8333,0.0767,0.0008,0.0783,0.0007,0.0358,0.0,0.4133,0.0003,0.0002,0.0795,0.0001,0.2258,0.0005,0.0547,0.0,0.026,0.0063,0.0
1990.9167,0.0748,0.0005,0.0762,0.0009,0.021,0.0,0.4564,0.0003,0.0001,0.0978,0.0001,0.1896,0.0004,0.0513,0.0,0.0325,0.0068,0.0001
1991.0,0.0756,0.0003,0.077,0.0011,0.0113,0.0,0.4561,0.0002,0.0001,0.1183,0.0001,0.1736,0.0005,0.0527,0.0,0.0413,0.0074,0.0001
1991.0833,0.075,0.0002,0.0769,0.0016,0.0097,0.0,0.4003,0.0003,0.0001,0.0923,0.0001,0.2688,0.0005,0.0495,0.0,0.0323,0.0061,0.0001
1991.1667,0.0777,0.0002,0.0802,0.0023,0.0086,0.0,0.3045,0.0004,0.0002,0.0735,0.0001,0.3911,0.0005,0.0428,0.0,0.0254,0.0051,0.0
1991.25,0.079,0.0002,0.0824,0.0032,0.0074,0.0,0.2461,0.0005,0.0002,0.0622,0.0001,0.4699,0.0004,0.0339,0.0,0.0204,0.0043,0.0
1991.3333,0.0781,0.0002,0.0824,0.0041,0.0062,0.0,0.1908,0.0005,0.0002,0.0504,0.0001,0.5514,0.0003,0.0228,0.0001,0.016,0.0035,0.0
1991.4167,0.0769,0.0001,0.0822,0.0051,0.005,0.0,0.145,0.0006,0.0002,0.0401,0.0001,0.6216,0.0002,0.0111,0.0001,0.013,0.003,0.0
1991.5,0.0893,0.0001,0.0969,0.0074,0.0047,0.0,0.1509,0.0008,0.0002,0.0436,0.0001,0.5799,0.0001,0.0075,0.0001,0.0143,0.0035,0.0
1991.5833,0.101,0.0001,0.1115,0.0103,0.0042,0.0,0.156,0.0011,0.0003,0.047,0.0001,0.5352,0.0001,0.0047,0.0001,0.016,0.0041,0.0
1991.6667,0.1179,0.0001,0.1326,0.0145,0.0036,0.0,0.1785,0.0016,0.0004,0.0562,0.0001,0.4448,0.0001,0.0031,0.0001,0.0192,0.0051,0.0
1991.75,0.1319,0.0001,0.1515,0.0194,0.0028,0.0,0.2051,0.0024,0.0006,0.0674,0.0001,0.344,0.0,0.002,0.0001,0.0229,0.0064,0.0
1991.8333,0.1393,0.0001,0.1636,0.0242,0.002,0.0,0.23,0.0033,0.0007,0.0789,0.0001,0.2497,0.0,0.0012,0.0001,0.0264,0.0078,0.0
1991.9167,0.1639,0.0,0.1974,0.0334,0.0014,0.0,0.1792,0.0034,0.0007,0.0778,0.0001,0.1965,0.0,0.0008,0.0,0.0348,0.0107,0.0001
1992.0,0.1925,0.0,0.2374,0.0449,0.0007,0.0,0.1143,0.003,0.0006,0.0672,0.0001,0.1494,0.0,0.0005,0.0,0.0446,0.0145,0.0001
1992.0833,0.1627,0.0,0.2044,0.0416,0.0007,0.0,0.1217,0.0045,0.0008,0.0741,0.0001,0.1904,0.0,0.0007,0.0,0.0319,0.0131,0.0001
1992.1667,0.1418,0.0,0.1815,0.0396,0.0007,0.0,0.1173,0.0059,0.0009,0.0742,0.0001,0.2476,0.0,0.001,0.0001,0.0236,0.0123,0.0001
1992.25,0.1299,0.0,0.1695,0.0395,0.0008,0.0,0.0987,0.0065,0.0009,0.065,0.0001,0.3395,0.0,0.0015,0.0001,0.0186,0.0121,0.0
1992.3333,0.1213,0.0,0.1614,0.0401,0.0008,0.0,0.0914,0.0078,0.001,0.0628,0.0001,0.3827,0.0001,0.0022,0.0001,0.0158,0.0128,0.0
1992.4167,0.1158,0.0,0.1572,0.0414,0.0009,0.0,0.0889,0.0096,0.0011,0.0638,0.0001,0.3988,0.0001,0.0029,0.0001,0.0141,0.0142,0.0
1992.5,0.1094,0.0,0.1517,0.0423,0.0009,0.0,0.0855,0.0114,0.0012,0.0643,0.0001,0.4146,0.0001,0.0039,0.0001,0.0126,0.016,0.0
1992.5833,0.1022,0.0,0.1448,0.0425,0.0009,0.0,0.0813,0.0133,0.0013,0.0644,0.0001,0.4299,0.0001,0.0051,0.0002,0.0115,0.0183,0.0
1992.6667,0.0954,0.0,0.1381,0.0427,0.0009,0.0,0.0775,0.0154,0.0013,0.0647,0.0001,0.4395,0.0002,0.0065,0.0002,0.0106,0.0216,0.0
1992.75,0.098,0.0,0.1451,0.047,0.001,0.0,0.0849,0.0202,0.0015,0.075,0.0001,0.3809,0.0002,0.0076,0.0001,0.0106,0.0277,0.0001
1992.8333,0.0985,0.0,0.1492,0.0506,0.001,0.0,0.0919,0.026,0.0017,0.0861,0.0001,0.324,0.0002,0.0084,0.0001,0.0101,0.0349,0.0001
1992.9167,0.1015,0.0,0.1573,0.0558,0.001,0.0,0.1048,0.0351,0.002,0.1047,0.0001,0.2313,0.0002,0.0081,0.0001,0.0095,0.0445,0.0001
1993.0,0.105,0.0,0.1668,0.0617,0.001,0.0,0.1249,0.0491,0.0024,0.1334,0.0001,0.105,0.0001,0.005,0.0,0.0085,0.0561,0.0001
1993.0833,0.1006,0.0,0.153,0.0523,0.0012,0.0,0.1555,0.0505,0.0025,0.1332,0.0001,0.1463,0.0002,0.0091,0.0001,0.0061,0.0461,0.0001
1993.1667,0.0935,0.0,0.1364,0.0428,0.0014,0.0,0.1832,0.0495,0.0026,0.1297,0.0001,0.1926,0.0004,0.0154,0.0001,0.0043,0.0373,0.0001
1993.25,0.0954,0.0,0.1338,0.0383,0.0019,0.0,0.1421,0.0392,0.0021,0.1107,0.0001,0.2782,0.0007,0.0279,0.0001,0.0034,0.034,0.0001
1993.3333,0.0938,0.0,0.1267,0.0329,0.0023,0.0,0.1148,0.0324,0.0018,0.0982,0.0001,0.3425,0.001,0.0451,0.0001,0.0027,0.032,0.0
1993.4167,0.0949,0.0,0.1238,0.0289,0.0028,0.0,0.1026,0.0295,0.0017,0.0963,0.0001,0.3572,0.0015,0.0643,0.0001,0.0024,0.0331,0.0001
1993.5,0.0944,0.0,0.1193,0.0248,0.0035,0.0,0.0912,0.0268,0.0016,0.094,0.0001,0.3673,0.002,0.0883,0.0001,0.0021,0.0348,0.0001
1993.5833,0.0926,0.0,0.1135,0.0209,0.0041,0.0,0.0807,0.0241,0.0014,0.0912,0.0001,0.373,0.0026,0.1172,0.0001,0.0018,0.0365,0.0001
1993.6667,0.0973,0.0,0.116,0.0186,0.0051,0.0,0.0801,0.0244,0.0015,0.0994,0.0001,0.3253,0.0032,0.1492,0.0001,0.0016,0.0415,0.0001
1993.75,0.1047,0.0,0.1216,0.0169,0.0065,0.0,0.0827,0.0256,0.0016,0.1125,0.0001,0.2601,0.0038,0.1798,0.0001,0.0015,0.0482,0.0001
1993.8333,0.1112,0.0,0.1261,0.0149,0.0081,0.0,0.0847,0.0267,0.0017,0.1265,0.0001,0.1986,0.0042,0.2073,0.0001,0.0013,0.0553,0.0001
1993.9167,0.1227,0.0,0.1361,0.0134,0.0103,0.0,0.0952,0.0304,0.002,0.1562,0.0,0.1408,0.004,0.1837,0.0001,0.0011,0.0666,0.0001
1994.0,0.1437,0.0,0.1563,0.0126,0.014,0.0,0.1191,0.0376,0.0026,0.1979,0.0,0.0898,0.0027,0.0971,0.0,0.0009,0.0788,0.0001
1994.0833,0.1003,0.0,0.1119,0.0116,0.0166,0.0,0.1702,0.0306,0.0026,0.236,0.0,0.1196,0.0029,0.0778,0.0,0.0009,0.0985,0.0001
1994.1667,0.0877,0.0,0.1008,0.0131,0.0233,0.0,0.1811,0.0203,0.002,0.2112,0.0,0.132,0.0033,0.0658,0.0,0.0011,0.1522,0.0002
1994.25,0.1011,0.0,0.1202,0.0191,0.0411,0.0,0.1237,0.0117,0.0014,0.1414,0.0,0.1884,0.0047,0.0728,0.0001,0.0013,0.1856,0.0003
1994.3333,0.0998,0.0,0.1234,0.0236,0.0515,0.0,0.0728,0.0058,0.0008,0.0816,0.0,0.2584,0.0061,0.0756,0.0001,0.0017,0.225,0.0003
1994.4167,0.0848,0.0,0.1097,0.0249,0.036,0.0,0.058,0.0038,0.0006,0.0639,0.0,0.2648,0.0073,0.0733,0.0001,0.0023,0.2956,0.0004
1994.5,0.0787,0.0,0.107,0.0283,0.027,0.0,0.0554,0.0029,0.0005,0.06,0.0,0.297,0.0095,0.0785,0.0001,0.0027,0.2767,0.0004
1994.5833,0.0758,0.0,0.1092,0.0333,0.0209,0.0,0.0613,0.0025,0.0005,0.0655,0.0,0.2618,0.0116,0.08,0.0001,0.0035,0.2954,0.0004
1994.6667,0.0719,0.0,0.1104,0.0384,0.0155,0.0,0.0676,0.0021,0.0005,0.0714,0.0,0.228,0.0138,0.0803,0.0001,0.0045,0.3121,0.0004
1994.75,0.0767,0.0,0.1263,0.0496,0.0125,0.0,0.0834,0.0019,0.0005,0.0871,0.0,0.2263,0.0184,0.0909,0.0001,0.0044,0.2331,0.0003
1994.8333,0.0783,0.0,0.1396,0.0612,0.009,0.0,0.1001,0.0016,0.0005,0.1034,0.0,0.2178,0.0235,0.0994,0.0001,0.004,0.1622,0.0002
1994.9167,0.0769,0.0,0.1497,0.0727,0.0056,0.0,0.1172,0.0012,0.0004,0.12,0.0,0.2038,0.0288,0.1053,0.0001,0.0031,0.1002,0.0001
1995.0,0.0729,0.0,0.1578,0.0848,0.0024,0.0,0.1324,0.0008,0.0003,0.1327,0.0,0.1863,0.0331,0.1068,0.0001,0.002,0.0519,0.0001
1995.0833,0.0699,0.0,0.1741,0.1041,0.0018,0.0,0.0961,0.0005,0.0002,0.0957,0.0,0.3052,0.0207,0.0762,0.0001,0.0045,0.0983,0.0001
1995.1667,0.0742,0.0,0.2142,0.1399,0.0016,0.0,0.1063,0.0005,0.0002,0.1052,0.0,0.3355,0.0103,0.0432,0.0001,0.0046,0.0754,0.0001
1995.25,0.0775,0.0,0.2227,0.1451,0.0015,0.0,0.1488,0.0007,0.0004,0.1299,0.0001,0.2846,0.0059,0.0288,0.0001,0.0063,0.0782,0.0001
1995.3333,0.0842,0.0,0.229,0.1447,0.0015,0.0,0.1839,0.0009,0.0005,0.1108,0.0001,0.2678,0.0037,0.0207,0.0001,0.0091,0.0888,0.0001
1995.4167,0.0624,0.0,0.1707,0.1083,0.0015,0.0,0.2028,0.0011,0.0007,0.0997,0.0001,0.3027,0.0026,0.0172,0.0001,0.0146,0.1136,0.0002
1995.5,0.0434,0.0,0.1351,0.0917,0.0015,0.0,0.1494,0.001,0.0007,0.0843,0.0001,0.4535,0.0023,0.0181,0.0002,0.0131,0.0732,0.0001
1995.5833,0.0257,0.0,0.0925,0.0667,0.0014,0.0,0.1143,0.001,0.0008,0.0741,0.0001,0.5909,0.0019,0.0175,0.0002,0.0094,0.0387,0.0001
1995.6667,0.0177,0.0,0.0747,0.057,0.0015,0.0,0.1166,0.0012,0.0011,0.0867,0.0001,0.6013,0.0016,0.019,0.0002,0.0087,0.0269,0.0001
1995.75,0.0139,0.0,0.0703,0.0564,0.0018,0.0,0.1079,0.0014,0.0014,0.1016,0.0001,0.5885,0.0016,0.0226,0.0002,0.0097,0.023,0.0
1995.8333,0.0119,0.0,0.0739,0.062,0.0024,0.0,0.0526,0.0009,0.001,0.0776,0.0001,0.6496,0.0016,0.03,0.0002,0.0117,0.0215,0.0
1995.9167,0.0114,0.0,0.0895,0.0781,0.0036,0.0,0.0322,0.0007,0.0008,0.0781,0.0,0.6065,0.0017,0.0415,0.0002,0.0166,0.0237,0.0001
1996.0,0.0121,0.0,0.1238,0.1117,0.0061,0.0,0.0284,0.0007,0.001,0.1245,0.0001,0.4259,0.0015,0.0524,0.0002,0.0269,0.0302,0.0001
1996.0833,0.0132,0.0,0.1475,0.1343,0.0098,0.0,0.0274,0.0008,0.0012,0.1347,0.0001,0.4398,0.0011,0.0429,0.0002,0.0142,0.0176,0.0
1996.1667,0.0162,0.0,0.1983,0.1821,0.0171,0.0,0.0207,0.0007,0.0012,0.115,0.0001,0.4558,0.0008,0.0384,0.0002,0.0073,0.01,0.0
1996.25,0.0197,0.0,0.2653,0.2455,0.0288,0.0,0.0169,0.0007,0.0012,0.1063,0.0001,0.4275,0.0006,0.0343,0.0002,0.0038,0.0057,0.0
1996.3333,0.0226,0.0,0.3268,0.304,0.0453,0.0,0.0138,0.0006,0.0012,0.0991,0.0001,0.4006,0.0005,0.0303,0.0001,0.0016,0.0027,0.0
1996.4167,0.0223,0.0,0.2816,0.2592,0.0572,0.0,0.0137,0.0007,0.0015,0.1137,0.0,0.4435,0.0004,0.0316,0.0002,0.0009,0.0017,0.0
1996.5,0.0189,0.0,0.1962,0.1773,0.0601,0.0,0.0148,0.0008,0.0019,0.1419,0.0,0.5127,0.0004,0.0351,0.0002,0.0005,0.0011,0.0
1996.5833,0.0186,0.0,0.1609,0.1422,0.0635,0.0,0.0193,0.0011,0.003,0.216,0.0,0.4681,0.0004,0.0407,0.0002,0.0004,0.0009,0.0
1996.6667,0.0169,0.0,0.1228,0.1059,0.0396,0.0,0.025,0.0015,0.0047,0.2894,0.0,0.445,0.0005,0.0532,0.0002,0.0003,0.0008,0.0
1996.75,0.0217,0.0,0.1354,0.1137,0.0354,0.0,0.0329,0.0021,0.0073,0.3187,0.0,0.3767,0.0007,0.0736,0.0001,0.0003,0.0009,0.0
1996.8333,0.0296,0.0,0.1591,0.1294,0.0328,0.0,0.0445,0.0029,0.0116,0.3484,0.0,0.2881,0.0009,0.0943,0.0001,0.0003,0.0009,0.0
1996.9167,0.0368,0.0,0.1581,0.1213,0.03,0.0,0.0694,0.0046,0.0212,0.4004,0.0,0.1844,0.001,0.1138,0.0001,0.0003,0.0011,0.0
1997.0,0.0485,0.0,0.1653,0.1168,0.0306,0.0,0.1065,0.0072,0.0379,0.3903,0.0001,0.1053,0.0012,0.1381,0.0,0.0003,0.0013,0.0
1997.0833,0.0379,0.0,0.1284,0.0905,0.0324,0.0,0.1064,0.0061,0.0304,0.4751,0.0001,0.0693,0.0014,0.1339,0.0,0.0004,0.0018,0.0
1997.1667,0.0299,0.0,0.101,0.0711,0.0339,0.0,0.118,0.0057,0.0267,0.5487,0.0001,0.0428,0.0014,0.1057,0.0,0.0004,0.0023,0.0
1997.25,0.0265,0.0,0.0891,0.0626,0.0393,0.0,0.1384,0.0056,0.0243,0.5617,0.0001,0.0291,0.0015,0.0937,0.0,0.0005,0.0033,0.0
1997.3333,0.0236,0.0,0.0788,0.0552,0.045,0.0,0.162,0.0052,0.0216,0.564,0.0001,0.0194,0.0017,0.0834,0.0,0.0006,0.0046,0.0
1997.4167,0.0247,0.0,0.0821,0.0573,0.0608,0.0,0.2017,0.0051,0.0198,0.5014,0.0001,0.0148,0.0021,0.088,0.0,0.0008,0.0074,0.0
1997.5,0.0252,0.0,0.0831,0.0579,0.0578,0.0,0.2018,0.005,0.018,0.491,0.0001,0.0113,0.0028,0.0992,0.0,0.0011,0.0115,0.0
1997.5833,0.033,0.0,0.1079,0.075,0.0649,0.0,0.2004,0.0052,0.0179,0.3946,0.0001,0.0103,0.0048,0.1466,0.0,0.0017,0.0222,0.0
1997.6667,0.0426,0.0,0.1386,0.0959,0.0713,0.0,0.155,0.0047,0.0151,0.3109,0.0,0.0072,0.008,0.2136,0.0,0.0025,0.0412,0.0001
1997.75,0.0503,0.0,0.1512,0.1009,0.0742,0.0,0.1577,0.0055,0.0167,0.2955,0.0,0.004,0.0091,0.1763,0.0,0.0032,0.0664,0.0001
1997.8333,0.0539,0.0,0.1392,0.0852,0.0756,0.0,0.1996,0.0081,0.0231,0.3037,0.0001,0.0022,0.0092,0.1288,0.0,0.0026,0.0615,0.0001
1997.9167,0.0652,0.0,0.1468,0.0816,0.0887,0.0,0.1837,0.0099,0.0268,0.3338,0.0001,0.0013,0.0102,0.1063,0.0,0.0012,0.0302,0.0
1998.0,0.0899,0.0,0.1799,0.09,0.1178,0.0,0.1706,0.0119,0.03,0.2781,0.0001,0.0009,0.0126,0.1017,0.0,0.0001,0.0034,0.0
1998.0833,0.0703,0.0,0.148,0.0777,0.1069,0.0,0.1992,0.0135,0.0262,0.2986,0.0004,0.0009,0.0208,0.1172,0.0,0.0001,0.0039,0.0
1998.1667,0.0656,0.0,0.1455,0.0799,0.1163,0.0,0.1562,0.0124,0.0187,0.292,0.0007,0.0011,0.0392,0.1588,0.0,0.0002,0.0066,0.0
1998.25,0.0588,0.0,0.138,0.0792,0.122,0.0,0.1319,0.0122,0.0143,0.3128,0.0013,0.0011,0.058,0.1565,0.0,0.0004,0.0108,0.0
1998.3333,0.0578,0.0,0.1439,0.0861,0.1411,0.0,0.1193,0.0126,0.0115,0.3105,0.0022,0.0012,0.071,0.135,0.0,0.0005,0.017,0.0
1998.4167,0.0582,0.0,0.15,0.0917,0.1721,0.0,0.1257,0.0151,0.0105,0.3221,0.0037,0.0011,0.0493,0.0957,0.0,0.0008,0.0249,0.0
1998.5,0.0429,0.0,0.1003,0.0573,0.1828,0.0,0.1493,0.02,0.0107,0.3771,0.0065,0.0009,0.0332,0.0659,0.0,0.0009,0.0314,0.0
1998.5833,0.0366,0.0,0.0781,0.0414,0.2186,0.0,0.1876,0.028,0.0112,0.3115,0.0104,0.001,0.0286,0.058,0.0,0.0013,0.0476,0.0001
1998.6667,0.0381,0.0,0.0747,0.0365,0.2235,0.0,0.1969,0.0384,0.0112,0.2362,0.0162,0.0014,0.0323,0.0671,0.0,0.0022,0.0831,0.0001
1998.75,0.0373,0.0,0.0677,0.0303,0.2024,0.0,0.2139,0.0536,0.011,0.1836,0.0247,0.0018,0.0344,0.0731,0.0,0.003,0.1159,0.0002
1998.8333,0.0357,0.0,0.0601,0.0244,0.1784,0.0,0.2562,0.081,0.0109,0.1531,0.0398,0.0022,0.0355,0.0771,0.0,0.0026,0.0897,0.0001
1998.9167,0.0332,0.0,0.0523,0.0191,0.1534,0.0,0.2943,0.1158,0.0091,0.1159,0.0603,0.0027,0.0356,0.079,0.0,0.0022,0.0679,0.0001
1999.0,0.0338,0.0,0.0503,0.0165,0.1488,0.0,0.2972,0.1158,0.0051,0.0872,0.0891,0.0036,0.0394,0.0918,0.0,0.0021,0.0586,0.0001
1999.0833,0.031,0.0,0.0474,0.0163,0.1711,0.0,0.3342,0.0828,0.0036,0.1091,0.0764,0.0044,0.0293,0.0758,0.0,0.0023,0.0519,0.0001
1999.1667,0.0236,0.0,0.0369,0.0133,0.1368,0.0,0.4138,0.0583,0.0026,0.1484,0.0729,0.0045,0.0189,0.0542,0.0,0.0022,0.0406,0.0001
1999.25,0.0156,0.0,0.0251,0.0095,0.0904,0.0,0.4779,0.0348,0.0016,0.2088,0.0739,0.0039,0.0108,0.0346,0.0,0.0019,0.0282,0.0
1999.3333,0.011,0.0,0.0182,0.0072,0.063,0.0,0.4712,0.0188,0.0009,0.2863,0.079,0.0034,0.0065,0.0232,0.0,0.0017,0.021,0.0
1999.4167,0.0123,0.0,0.0209,0.0086,0.0701,0.0,0.473,0.0122,0.0006,0.2465,0.107,0.0046,0.0061,0.0247,0.0,0.0024,0.0247,0.0
1999.5,0.0156,0.0,0.0273,0.0116,0.0886,0.0,0.4366,0.0082,0.0004,0.2038,0.1479,0.0069,0.0065,0.0296,0.0,0.0036,0.0323,0.0001
1999.5833,0.0208,0.0,0.0373,0.0166,0.1169,0.0,0.3931,0.0056,0.0003,0.1755,0.1566,0.0106,0.0072,0.0369,0.0,0.0058,0.0444,0.0001
1999.6667,0.0279,0.0,0.0518,0.0238,0.1561,0.0,0.3716,0.0038,0.0002,0.1587,0.1038,0.0162,0.0079,0.0462,0.0,0.0095,0.0624,0.0001
1999.75,0.0357,0.0,0.0683,0.0326,0.1994,0.0,0.3344,0.0024,0.0001,0.1366,0.0617,0.0231,0.0082,0.0548,0.0,0.0145,0.0825,0.0001
1999.8333,0.0403,0.0,0.0796,0.0392,0.1912,0.0,0.3265,0.0015,0.0001,0.1277,0.0359,0.0304,0.0078,0.0599,0.0,0.021,0.1041,0.0002
1999.9167,0.043,0.0,0.0876,0.0446,0.1666,0.0,0.3274,0.0008,0.0,0.1227,0.0171,0.038,0.007,0.0628,0.0,0.0292,0.1268,0.0002
2000.0,0.0437,0.0,0.0931,0.0493,0.1428,0.0,0.3282,0.0002,0.0,0.1168,0.0,0.0448,0.0059,0.0623,0.0,0.0402,0.1523,0.0003
2000.0833,0.0295,0.0,0.0665,0.037,0.1055,0.0,0.5022,0.0003,0.0,0.1059,0.0001,0.0358,0.0046,0.0475,0.0,0.0245,0.0962,0.0002
2000.1667,0.0185,0.0,0.0445,0.0259,0.0732,0.0,0.6518,0.0004,0.0,0.0862,0.0001,0.0268,0.0034,0.0339,0.0,0.014,0.057,0.0001
2000.25,0.011,0.0,0.0281,0.0171,0.0479,0.0,0.7663,0.0004,0.0,0.0668,0.0001,0.019,0.0023,0.0228,0.0,0.0075,0.0316,0.0001
2000.3333,0.0069,0.0,0.0188,0.0119,0.0333,0.0,0.829,0.0004,0.0,0.0571,0.0001,0.0143,0.0017,0.0163,0.0,0.0042,0.0186,0.0
2000.4167,0.0063,0.0,0.0185,0.0122,0.0339,0.0,0.8232,0.0005,0.0,0.0639,0.0001,0.0157,0.0018,0.0171,0.0,0.0035,0.0158,0.0
2000.5,0.0059,0.0,0.0188,0.0129,0.0356,0.0,0.8116,0.0005,0.0,0.0727,0.0001,0.0178,0.002,0.0185,0.0,0.0028,0.0133,0.0
2000.5833,0.0061,0.0,0.0211,0.015,0.0415,0.0,0.7796,0.0005,0.0,0.0887,0.0001,0.0224,0.0024,0.0221,0.0,0.0025,0.0124,0.0
2000.6667,0.0064,0.0,0.0243,0.018,0.0496,0.0,0.7375,0.0005,0.0,0.1086,0.0001,0.0289,0.003,0.0271,0.0,0.0022,0.0112,0.0
2000.75,0.0072,0.0,0.0307,0.0234,0.0649,0.0,0.6629,0.0005,0.0,0.1394,0.0001,0.0408,0.0042,0.0364,0.0,0.0019,0.0104,0.0
2000.8333,0.0079,0.0,0.0372,0.0294,0.0816,0.0,0.5832,0.0005,0.0,0.1704,0.0001,0.0555,0.0055,0.047,0.0,0.0016,0.0088,0.0
2000.9167,0.0082,0.0,0.0441,0.0358,0.1004,0.0,0.5012,0.0005,0.0,0.1992,0.0001,0.0736,0.007,0.0593,0.0,0.0008,0.0045,0.0
2001.0,0.0082,0.0,0.0504,0.0421,0.1191,0.0,0.4199,0.0004,0.0,0.2243,0.0001,0.0934,0.0086,0.0717,0.0,0.0003,0.0016,0.0
2001.0833,0.0085,0.0,0.0604,0.0519,0.0975,0.0,0.3724,0.0007,0.0,0.3349,0.0001,0.0592,0.0078,0.0549,0.0,0.0002,0.0015,0.0
2001.1667,0.0096,0.0,0.0806,0.071,0.0884,0.0,0.3392,0.001,0.0,0.3804,0.0001,0.0421,0.0079,0.0471,0.0,0.0002,0.0016,0.0
2001.25,0.0116,0.0,0.1196,0.1079,0.0888,0.0,0.3391,0.0014,0.0001,0.3479,0.0001,0.0333,0.0089,0.0452,0.0,0.0003,0.0018,0.0
2001.3333,0.0129,0.0,0.1699,0.1569,0.0824,0.0,0.3372,0.0021,0.0001,0.3155,0.0001,0.0244,0.0093,0.0406,0.0,0.0003,0.0019,0.0
2001.4167,0.0136,0.0,0.2439,0.2302,0.0723,0.0,0.3414,0.0029,0.0001,0.2553,0.0001,0.0172,0.0094,0.0354,0.0,0.0002,0.0019,0.0
2001.5,0.0136,0.0,0.3458,0.3321,0.0586,0.0,0.3558,0.004,0.0001,0.159,0.0001,0.0115,0.009,0.0297,0.0,0.0002,0.0017,0.0
2001.5833,0.0143,0.0,0.4344,0.4199,0.0507,0.0,0.3227,0.0052,0.0002,0.1097,0.0,0.0085,0.0099,0.0284,0.0,0.0002,0.0015,0.0
2001.6667,0.0167,0.0,0.4521,0.4352,0.0521,0.0,0.31,0.0073,0.0002,0.0946,0.0,0.0073,0.0129,0.0324,0.0,0.0002,0.0014,0.0
2001.75,0.0193,0.0,0.4113,0.3919,0.0569,0.0,0.3312,0.0111,0.0004,0.0981,0.0,0.0061,0.0175,0.0387,0.0,0.0001,0.0013,0.0
2001.8333,0.0245,0.0,0.3951,0.3705,0.0707,0.0,0.301,0.015,0.0005,0.1057,0.0,0.0053,0.0267,0.052,0.0,0.0001,0.0011,0.0
2001.9167,0.0286,0.0,0.3491,0.3204,0.0832,0.0,0.2917,0.0205,0.0007,0.1212,0.0,0.0036,0.0385,0.0662,0.0,0.0001,0.0008,0.0
2002.0,0.0305,0.0,0.2763,0.2457,0.0957,0.0,0.3253,0.0296,0.001,0.1095,0.0,0.0009,0.0556,0.085,0.0,0.0,0.0003,0.0
2002.0833,0.0225,0.0,0.3035,0.2809,0.061,0.0,0.3775,0.0218,0.0008,0.1025,0.0001,0.0006,0.0391,0.0712,0.0,0.0,0.0006,0.0
2002.1667,0.0168,0.0,0.3001,0.2832,0.0392,0.0,0.4124,0.0175,0.0007,0.11,0.0001,0.0004,0.0309,0.0672,0.0,0.0001,0.0007,0.0
2002.25,0.0129,0.0,0.3031,0.2901,0.0255,0.0,0.4161,0.0144,0.0007,0.123,0.0001,0.0003,0.0263,0.069,0.0,0.0001,0.0009,0.0
2002.3333,0.0104,0.0,0.3422,0.3316,0.0159,0.0,0.3653,0.012,0.0006,0.1362,0.0001,0.0003,0.0248,0.0793,0.0,0.0001,0.001,0.0
2002.4167,0.0087,0.0,0.4341,0.4253,0.007,0.0,0.2535,0.0092,0.0005,0.1388,0.0,0.0003,0.026,0.1026,0.0,0.0001,0.001,0.0
2002.5,0.0086,0.0001,0.5029,0.4941,0.0017,0.0,0.1745,0.0069,0.0005,0.0932,0.0,0.0003,0.0317,0.1568,0.0,0.0001,0.0013,0.0
2002.5833,0.0088,0.0,0.4171,0.4081,0.0008,0.0,0.174,0.0075,0.0005,0.0868,0.0,0.0003,0.039,0.2464,0.0,0.0001,0.0021,0.0
2002.6667,0.0097,0.0,0.3604,0.3506,0.0005,0.0,0.1966,0.0098,0.0008,0.1,0.0,0.0002,0.0431,0.2622,0.0,0.0002,0.0039,0.0
2002.75,0.012,0.0,0.3282,0.316,0.0004,0.0,0.2363,0.0145,0.0013,0.1437,0.0,0.0002,0.0446,0.2034,0.0,0.0003,0.0065,0.0
2002.8333,0.0142,0.0,0.2963,0.282,0.0003,0.0,0.2564,0.0197,0.0018,0.1966,0.0,0.0002,0.0445,0.1551,0.0,0.0004,0.0097,0.0
2002.9167,0.0219,0.0,0.3636,0.3416,0.0002,0.0,0.1996,0.0206,0.0021,0.1548,0.0,0.0002,0.0588,0.159,0.0,0.0006,0.018,0.0
2003.0,0.0298,0.0,0.3585,0.3286,0.0001,0.0,0.1794,0.0233,0.0026,0.0984,0.0,0.0002,0.0872,0.1963,0.0,0.0009,0.0311,0.0
2003.0833,0.0219,0.0,0.4775,0.4555,0.0002,0.0,0.1304,0.012,0.0017,0.0578,0.0,0.0004,0.0592,0.2197,0.0,0.0004,0.0124,0.0
2003.1667,0.0162,0.0,0.4839,0.4676,0.0003,0.0,0.1198,0.0073,0.0012,0.0427,0.0,0.0008,0.0386,0.2731,0.0,0.0001,0.0035,0.0
2003.25,0.0137,0.0,0.4115,0.3977,0.0003,0.0,0.1498,0.0055,0.0011,0.0427,0.0,0.0016,0.02,0.3408,0.0,0.0001,0.002,0.0
2003.3333,0.0144,0.0,0.4138,0.3993,0.0003,0.0,0.1712,0.0037,0.0009,0.0442,0.0,0.0024,0.0095,0.3274,0.0,0.0001,0.0015,0.0
2003.4167,0.0176,0.0,0.3993,0.3815,0.0003,0.0,0.2153,0.0031,0.0009,0.0563,0.0,0.0034,0.0061,0.2892,0.0,0.0001,0.0015,0.0
2003.5,0.0224,0.0,0.41,0.3874,0.0004,0.0,0.2125,0.0021,0.0007,0.063,0.0,0.0049,0.0038,0.2765,0.0,0.0001,0.0015,0.0
2003.5833,0.0303,0.0,0.4559,0.4255,0.0004,0.0,0.1619,0.0013,0.0005,0.0588,0.0,0.0071,0.0023,0.2851,0.0,0.0001,0.0014,0.0
2003.6667,0.0409,0.0,0.4875,0.4464,0.0003,0.0,0.1405,0.0008,0.0004,0.0621,0.0,0.0094,0.0011,0.2688,0.0,0.0,0.0012,0.0
2003.75,0.0531,0.0,0.4231,0.3698,0.0003,0.0,0.1751,0.0008,0.0005,0.0941,0.0,0.0131,0.0007,0.2625,0.0,0.0,0.0011,0.0
2003.8333,0.0736,0.0,0.4037,0.33,0.0003,0.0,0.1473,0.0007,0.0004,0.1189,0.0,0.0195,0.0004,0.2746,0.0,0.0,0.0011,0.0
2003.9167,0.1026,0.0,0.4114,0.3086,0.0003,0.0,0.1313,0.0006,0.0005,0.1602,0.0,0.0236,0.0002,0.2304,0.0,0.0,0.0011,0.0
2004.0,0.1359,0.0,0.4193,0.2833,0.0005,0.0,0.1071,0.0005,0.0004,0.2032,0.0,0.0273,0.0001,0.1911,0.0,0.0001,0.0013,0.0
2004.0833,0.1225,0.0001,0.6075,0.4847,0.0017,0.0,0.0621,0.0004,0.0004,0.1019,0.0,0.0183,0.0001,0.162,0.0,0.0003,0.005,0.0
2004.1667,0.0941,0.0001,0.7322,0.6378,0.0042,0.0,0.0283,0.0002,0.0002,0.0403,0.0,0.0118,0.0001,0.1367,0.0,0.0006,0.0121,0.0
2004.25,0.0946,0.0001,0.71,0.6153,0.008,0.0,0.0241,0.0002,0.0003,0.0298,0.0,0.0102,0.0001,0.1593,0.0,0.0014,0.0245,0.0
2004.3333,0.0945,0.0001,0.6762,0.5815,0.0131,0.0,0.02,0.0002,0.0003,0.0215,0.0,0.0081,0.0001,0.1835,0.0,0.0025,0.0432,0.0001
2004.4167,0.105,0.0001,0.5685,0.4633,0.0197,0.0,0.0231,0.0002,0.0005,0.0216,0.0,0.0068,0.0002,0.2491,0.0,0.0047,0.0765,0.0001
2004.5,0.1206,0.0001,0.5058,0.385,0.0286,0.0,0.0299,0.0003,0.0008,0.0244,0.0,0.0047,0.0002,0.2401,0.0,0.0082,0.1281,0.0002
2004.5833,0.1318,0.0,0.3992,0.2673,0.0372,0.0,0.0424,0.0005,0.0014,0.0301,0.0,0.0033,0.0002,0.2362,0.0,0.0139,0.208,0.0003
2004.6667,0.1462,0.0,0.3362,0.1899,0.0485,0.0,0.0636,0.0008,0.0026,0.0392,0.0,0.0024,0.0002,0.2522,0.0,0.0168,0.2093,0.0003
2004.75,0.1587,0.0,0.2895,0.1306,0.0618,0.0,0.0954,0.0012,0.0048,0.051,0.0,0.0015,0.0002,0.222,0.0,0.0212,0.2219,0.0003
2004.8333,0.1808,0.0,0.2722,0.0913,0.0836,0.0,0.1492,0.0019,0.009,0.0688,0.0,0.001,0.0001,0.1722,0.0,0.0229,0.1856,0.0003
2004.9167,0.1597,0.0,0.2232,0.0635,0.0945,0.0,0.1781,0.0024,0.0143,0.0883,0.0,0.0008,0.0001,0.1661,0.0,0.0273,0.1691,0.0003
2005.0,0.1609,0.0,0.2102,0.0492,0.0841,0.0,0.241,0.0035,0.0263,0.1383,0.0,0.0007,0.0001,0.1261,0.0,0.0244,0.1032,0.0002
2005.0833,0.1391,0.0,0.1781,0.039,0.0697,0.0,0.2933,0.0028,0.021,0.1038,0.0,0.001,0.0002,0.1387,0.0,0.0236,0.132,0.0002
2005.1667,0.1213,0.0,0.1524,0.0311,0.0583,0.0,0.4011,0.0021,0.0163,0.0803,0.0,0.0015,0.0003,0.1529,0.0,0.0149,0.0892,0.0001
2005.25,0.1134,0.0,0.1398,0.0263,0.0522,0.0,0.459,0.0014,0.0107,0.0563,0.0001,0.0023,0.0006,0.1795,0.0,0.0096,0.0612,0.0001
2005.3333,0.1092,0.0,0.1322,0.023,0.0481,0.0,0.4835,0.0008,0.0063,0.0376,0.0001,0.0036,0.001,0.2168,0.0,0.0058,0.0394,0.0001
2005.4167,0.1012,0.0,0.1204,0.0191,0.0431,0.0,0.5371,0.0003,0.0028,0.0238,0.0001,0.0048,0.0014,0.2175,0.0,0.0032,0.023,0.0
2005.5,0.0969,0.0,0.1133,0.0164,0.04,0.0,0.6239,0.0002,0.0012,0.0192,0.0001,0.005,0.0015,0.1568,0.0,0.0019,0.0147,0.0
2005.5833,0.0997,0.0,0.1149,0.0151,0.0401,0.0,0.678,0.0001,0.0005,0.018,0.0001,0.0049,0.0015,0.1076,0.0,0.0013,0.0109,0.0
2005.6667,0.1355,0.0,0.154,0.0184,0.053,0.0,0.6293,0.0,0.0003,0.0196,0.0001,0.0058,0.0019,0.0946,0.0,0.0013,0.0112,0.0
2005.75,0.1558,0.0,0.1766,0.0207,0.0669,0.0,0.5976,0.0,0.0001,0.0231,0.0001,0.0064,0.0021,0.0791,0.0,0.0012,0.0119,0.0
2005.8333,0.1699,0.0,0.1945,0.0246,0.0686,0.0,0.5562,0.0,0.0001,0.0311,0.0001,0.0083,0.0027,0.0787,0.0,0.0014,0.0149,0.0
2005.9167,0.2523,0.0,0.295,0.0426,0.0611,0.0,0.3535,0.0,0.0001,0.0366,0.0,0.0165,0.0052,0.124,0.0,0.0025,0.0275,0.0
2006.0,0.2168,0.0,0.2704,0.0536,0.0506,0.0,0.2652,0.0,0.0001,0.0453,0.0,0.0298,0.0093,0.1772,0.0,0.0035,0.0423,0.0001
2006.0833,0.1242,0.0,0.1667,0.0424,0.0281,0.0,0.4057,0.0,0.0003,0.075,0.0,0.0181,0.0165,0.1944,0.0,0.0033,0.0365,0.0001
2006.1667,0.0776,0.0,0.1136,0.036,0.0172,0.0,0.4824,0.0001,0.0006,0.1296,0.0001,0.0098,0.0222,0.153,0.0,0.0036,0.0359,0.0001
2006.25,0.0594,0.0,0.0965,0.0371,0.0131,0.0,0.552,0.0002,0.0013,0.1252,0.0001,0.0061,0.0273,0.1114,0.0,0.0044,0.0404,0.0001
2006.3333,0.0596,0.0,0.1095,0.0499,0.0134,0.0,0.4973,0.0002,0.0021,0.1385,0.0001,0.0049,0.0417,0.1062,0.0,0.007,0.0591,0.0001
2006.4167,0.0608,0.0,0.1292,0.0684,0.0143,0.0,0.427,0.0004,0.003,0.1588,0.0001,0.0038,0.0625,0.1014,0.0,0.0097,0.0727,0.0001
2006.5,0.0718,0.0,0.1819,0.11,0.0182,0.0,0.3151,0.0005,0.0037,0.1965,0.0001,0.0032,0.106,0.1099,0.0,0.0072,0.0432,0.0001
2006.5833,0.0924,0.0,0.2887,0.1962,0.0261,0.0,0.2276,0.0005,0.0042,0.1549,0.0,0.0027,0.1483,0.1166,0.0,0.0029,0.0139,0.0
2006.6667,0.1188,0.0,0.3976,0.2787,0.0387,0.0,0.2167,0.0007,0.0058,0.1088,0.0,0.002,0.1093,0.0994,0.0,0.0024,0.0095,0.0
2006.75,0.1297,0.0,0.3437,0.2138,0.0472,0.0,0.2788,0.0013,0.0105,0.1026,0.0,0.0018,0.094,0.0998,0.0,0.0027,0.0089,0.0
2006.8333,0.1585,0.0,0.3432,0.1847,0.0645,0.0,0.2553,0.0018,0.0143,0.0882,0.0,0.0019,0.0934,0.1158,0.0,0.0035,0.0096,0.0
2006.9167,0.1896,0.0,0.3739,0.1841,0.1015,0.0,0.1844,0.002,0.0158,0.0742,0.0,0.0021,0.0777,0.1416,0.0,0.0057,0.013,0.0
2007.0,0.1307,0.0,0.3116,0.1807,0.1404,0.0,0.1899,0.003,0.0228,0.0847,0.0,0.0024,0.0448,0.1635,0.0,0.0096,0.0183,0.0
2007.0833,0.0897,0.0,0.3968,0.307,0.115,0.0,0.1192,0.0025,0.0164,0.0528,0.0,0.0054,0.0395,0.2227,0.0,0.0049,0.0131,0.0
2007.1667,0.0458,0.0001,0.6016,0.5556,0.015,0.0,0.1142,0.0034,0.0188,0.0549,0.0001,0.0056,0.0224,0.1212,0.0,0.0046,0.0182,0.0
2007.25,0.0462,0.0001,0.6244,0.5781,0.0139,0.0,0.118,0.0055,0.0258,0.0756,0.0002,0.0039,0.0104,0.0469,0.0,0.0053,0.033,0.0001
2007.3333,0.0689,0.0001,0.6524,0.5833,0.0203,0.0,0.0695,0.0055,0.0221,0.0704,0.0003,0.0057,0.0108,0.0409,0.0,0.0068,0.0753,0.0001
2007.4167,0.1387,0.0001,0.6803,0.5415,0.0416,0.0,0.0228,0.0024,0.0076,0.0286,0.0002,0.0146,0.0209,0.0659,0.0,0.0056,0.0904,0.0001
2007.5,0.2683,0.0001,0.7602,0.4917,0.0519,0.0,0.0159,0.0018,0.0043,0.0261,0.0002,0.0179,0.0256,0.0581,0.0,0.0,0.0001,0.0
2007.5833,0.3588,0.0001,0.7844,0.4254,0.0006,0.0,0.0229,0.0028,0.0049,0.0495,0.0006,0.008,0.0237,0.0391,0.0,0.0,0.0002,0.0
2007.6667,0.3318,0.0001,0.7031,0.3711,0.0015,0.0,0.0414,0.0052,0.007,0.1198,0.0018,0.0065,0.0477,0.0577,0.0,0.0,0.0008,0.0
2007.75,0.2921,0.0001,0.6316,0.3393,0.0037,0.0,0.068,0.0092,0.0092,0.1914,0.0048,0.003,0.0264,0.044,0.0,0.0001,0.0021,0.0
2007.8333,0.2156,0.0001,0.6815,0.4656,0.0094,0.0,0.0565,0.0094,0.0071,0.1453,0.0068,0.0021,0.0182,0.0506,0.0,0.0001,0.0061,0.0
2007.9167,0.2008,0.0001,0.6303,0.4293,0.0195,0.0,0.0656,0.0133,0.0075,0.1292,0.0116,0.0021,0.0159,0.0839,0.0,0.0002,0.0144,0.0
2008.0,0.2243,0.0,0.4987,0.2743,0.0373,0.0,0.0843,0.0202,0.0084,0.098,0.0198,0.0025,0.0124,0.1785,0.0,0.0003,0.0341,0.0
2008.0833,0.2442,0.0001,0.6805,0.4361,0.0673,0.0,0.0313,0.0083,0.0032,0.0499,0.0051,0.0019,0.008,0.0879,0.0,0.0003,0.0495,0.0001
2008.1667,0.2575,0.0001,0.6435,0.3858,0.1116,0.0,0.0326,0.0096,0.0035,0.072,0.0029,0.0019,0.0072,0.0593,0.0,0.0003,0.0489,0.0001
2008.25,0.2965,0.0001,0.7673,0.4705,0.0885,0.0,0.0299,0.0097,0.0033,0.0603,0.0014,0.0013,0.0044,0.0259,0.0,0.0,0.0004,0.0
2008.3333,0.2325,0.0001,0.7556,0.5228,0.0798,0.0,0.0362,0.013,0.0041,0.0587,0.0009,0.0024,0.0078,0.0332,0.0,0.0,0.0004,0.0
2008.4167,0.1421,0.0001,0.7397,0.5973,0.0005,0.0,0.0639,0.0253,0.0074,0.0833,0.0007,0.0051,0.0156,0.0494,0.0,0.0,0.0004,0.0
2008.5,0.1417,0.0001,0.6171,0.4752,0.0009,0.0,0.077,0.0425,0.0116,0.1198,0.0,0.0112,0.0322,0.0765,0.0,0.0,0.0015,0.0
2008.5833,0.1391,0.0,0.4918,0.3526,0.0012,0.0,0.0665,0.0647,0.0165,0.2005,0.0,0.0185,0.0497,0.0755,0.0,0.0,0.0034,0.0
2008.6667,0.1656,0.0,0.4497,0.2839,0.0021,0.0,0.039,0.0487,0.0141,0.1909,0.0,0.0346,0.0979,0.0984,0.0,0.0,0.008,0.0
2008.75,0.2935,0.0001,0.6273,0.3336,0.006,0.0,0.0178,0.0289,0.0095,0.0655,0.0,0.0207,0.0617,0.0975,0.0,0.0001,0.0248,0.0
2008.8333,0.2405,0.0001,0.5471,0.3064,0.0125,0.0,0.0283,0.0615,0.0227,0.0779,0.0,0.0145,0.0348,0.0781,0.0,0.0001,0.059,0.0001
2008.9167,0.1405,0.0,0.422,0.2813,0.0209,0.0,0.0388,0.0847,0.0421,0.0877,0.0,0.0159,0.0291,0.0951,0.0,0.0001,0.1151,0.0002
2009.0,0.1005,0.0,0.2634,0.1628,0.0287,0.0,0.0594,0.0939,0.0765,0.1229,0.0,0.0207,0.0271,0.1362,0.0,0.0,0.1283,0.0002
2009.0833,0.0478,0.0,0.2808,0.2329,0.0903,0.0,0.0394,0.0841,0.0329,0.0389,0.0,0.0075,0.0103,0.0858,0.0,0.0,0.2684,0.0004
2009.1667,0.0264,0.0,0.2122,0.1858,0.1671,0.0,0.021,0.0689,0.0135,0.0149,0.0,0.0008,0.0011,0.0123,0.0,0.0,0.4022,0.0006
2009.25,0.0233,0.0,0.1903,0.167,0.197,0.0,0.0055,0.0296,0.0039,0.005,0.0,0.0008,0.0011,0.0183,0.0,0.0001,0.426,0.0006
2009.3333,0.0285,0.0,0.1921,0.1635,0.1861,0.0,0.0057,0.053,0.0044,0.0075,0.0,0.001,0.0014,0.0384,0.0,0.0001,0.387,0.0006
2009.4167,0.0439,0.0,0.2166,0.1727,0.0884,0.0,0.0046,0.0616,0.0039,0.009,0.0,0.001,0.0014,0.0815,0.0,0.0003,0.4131,0.0006
2009.5,0.0644,0.0,0.2015,0.137,0.0401,0.0,0.0056,0.0967,0.0051,0.0163,0.0,0.0003,0.0,0.1495,0.0,0.0008,0.4279,0.0006
2009.5833,0.0545,0.0,0.1544,0.0999,0.026,0.0,0.0082,0.1465,0.0078,0.0334,0.0,0.0001,0.0,0.2077,0.0,0.0016,0.3799,0.0005
2009.6667,0.0374,0.0,0.0959,0.0584,0.0216,0.0,0.0127,0.1691,0.0122,0.0689,0.0,0.0001,0.0,0.2367,0.0,0.0033,0.3535,0.0005
2009.75,0.0291,0.0,0.0644,0.0352,0.0201,0.0,0.0232,0.2058,0.0219,0.1731,0.0,0.0001,0.0,0.1596,0.0,0.0059,0.3035,0.0004
2009.8333,0.0457,0.0,0.0887,0.0429,0.0381,0.0,0.0264,0.1314,0.0238,0.1279,0.0,0.0002,0.0,0.2031,0.0,0.012,0.313,0.0005
2009.9167,0.066,0.0,0.1138,0.0478,0.0657,0.0,0.0225,0.0568,0.0183,0.0999,0.0,0.0004,0.0001,0.2651,0.0,0.0218,0.3073,0.0005
2010.0,0.1034,0.0,0.1612,0.0578,0.1277,0.0,0.0302,0.0384,0.0209,0.1357,0.0,0.0006,0.0002,0.2582,0.0,0.0236,0.1805,0.0003
2010.0833,0.0945,0.0,0.1785,0.0839,0.1029,0.0,0.0447,0.0271,0.0168,0.0998,0.0,0.0007,0.0003,0.1615,0.0,0.023,0.3108,0.0005
2010.1667,0.0956,0.0,0.2157,0.12,0.0805,0.0,0.1102,0.0307,0.0216,0.1458,0.0,0.0007,0.0004,0.0856,0.0,0.023,0.2516,0.0004
2010.25,0.0742,0.0,0.219,0.1448,0.0651,0.0,0.1399,0.0296,0.0237,0.1769,0.0,0.0011,0.0006,0.0763,0.0,0.0282,0.2112,0.0003
2010.3333,0.0799,0.0,0.2604,0.1804,0.1363,0.0,0.0568,0.0128,0.0083,0.1316,0.0,0.0019,0.001,0.0786,0.0,0.0113,0.2631,0.0004
2010.4167,0.0601,0.0,0.2022,0.1421,0.164,0.0,0.0404,0.0107,0.0053,0.1682,0.0,0.0031,0.0017,0.0811,0.0,0.0113,0.2927,0.0004
2010.5,0.0789,0.0,0.244,0.165,0.2183,0.0,0.0177,0.0055,0.002,0.0712,0.0,0.0051,0.0028,0.0802,0.0,0.017,0.318,0.0005
2010.5833,0.0799,0.0,0.2284,0.1484,0.2315,0.0,0.0204,0.0073,0.002,0.0696,0.0,0.0082,0.0044,0.0795,0.0,0.0283,0.2989,0.0005
2010.6667,0.0777,0.0,0.1794,0.1017,0.265,0.0,0.0447,0.0158,0.0032,0.1408,0.0,0.0079,0.0041,0.0439,0.0,0.0183,0.2494,0.0004
2010.75,0.0831,0.0,0.1903,0.1072,0.2936,0.0,0.0775,0.0147,0.0027,0.1562,0.0,0.0114,0.0071,0.0493,0.0,0.0071,0.1395,0.0002
2010.8333,0.0766,0.0,0.1812,0.1046,0.2675,0.0,0.1328,0.0137,0.0022,0.1734,0.0,0.0065,0.0108,0.0509,0.0,0.0046,0.1,0.0001
2010.9167,0.0995,0.0,0.1987,0.0991,0.1752,0.0,0.1418,0.0153,0.0022,0.1456,0.0,0.005,0.0121,0.078,0.0,0.0078,0.1649,0.0002
2011.0,0.1263,0.0,0.1921,0.0658,0.1438,0.0,0.1771,0.0237,0.0029,0.1837,0.0,0.0026,0.0048,0.0677,0.0,0.0079,0.1232,0.0002
2011.0833,0.0917,0.0,0.1343,0.0426,0.0856,0.0,0.3298,0.0,0.0,0.2071,0.0001,0.0011,0.0016,0.0277,0.0,0.0141,0.1379,0.0002
2011.1667,0.0981,0.0,0.1392,0.0411,0.0768,0.0,0.3205,0.0,0.0,0.262,0.0001,0.0006,0.0006,0.0139,0.0,0.0172,0.0943,0.0002
2011.25,0.0863,0.0,0.1306,0.0442,0.1033,0.0,0.3102,0.0001,0.0,0.2833,0.0001,0.0005,0.0005,0.013,0.0,0.0202,0.0607,0.0001
2011.3333,0.0714,0.0,0.1031,0.0317,0.1804,0.0,0.2667,0.0001,0.0,0.2564,0.0001,0.0007,0.0005,0.0183,0.0,0.0342,0.0581,0.0001
2011.4167,0.0676,0.0,0.0935,0.0259,0.2548,0.0,0.1482,0.0001,0.0,0.2338,0.0,0.0013,0.0006,0.033,0.0,0.0808,0.0785,0.0002
2011.5,0.0854,0.0,0.1134,0.028,0.2486,0.0,0.0797,0.0001,0.0,0.2199,0.0,0.0027,0.0009,0.0654,0.0,0.1061,0.1001,0.0003
2011.5833,0.1126,0.0,0.144,0.0314,0.2439,0.0,0.0449,0.0,0.0,0.2628,0.0,0.0049,0.001,0.1217,0.0,0.0517,0.0716,0.0002
2011.6667,0.1133,0.0,0.1438,0.0304,0.2013,0.0,0.0177,0.0,0.0,0.3539,0.0,0.0064,0.0009,0.1345,0.0,0.0325,0.0684,0.0001
2011.75,0.1766,0.0,0.2272,0.0505,0.243,0.0,0.013,0.0,0.0,0.307,0.0,0.0059,0.0007,0.0899,0.0,0.0167,0.0439,0.0001
2011.8333,0.2169,0.0,0.3022,0.0852,0.1812,0.0,0.0145,0.0,0.0,0.2975,0.0,0.0061,0.0006,0.0666,0.0,0.0132,0.0413,0.0001
2011.9167,0.2319,0.0,0.3454,0.1135,0.1157,0.0,0.0168,0.0,0.0,0.2769,0.0,0.0079,0.0007,0.064,0.0,0.0133,0.0498,0.0001
2012.0,0.305,0.0,0.4388,0.1337,0.1124,0.0,0.012,0.0,0.0,0.1364,0.0,0.0144,0.0011,0.0893,0.0,0.0185,0.0845,0.0001
2012.0833,0.2835,0.0,0.401,0.1173,0.0337,0.0,0.0199,0.0,0.0,0.1431,0.0,0.0289,0.002,0.1226,0.0,0.0314,0.1409,0.0002
2012.1667,0.255,0.0,0.3717,0.1165,0.023,0.0,0.0224,0.0,0.0,0.091,0.0,0.055,0.0036,0.1548,0.0,0.046,0.1462,0.0003
2012.25,0.2506,0.0,0.4012,0.1505,0.0423,0.0,0.0116,0.0,0.0,0.0243,0.0,0.0218,0.0019,0.0471,0.0,0.1208,0.2155,0.0005
2012.3333,0.2455,0.0,0.4513,0.2057,0.0187,0.0,0.0356,0.0001,0.0,0.0394,0.0,0.0001,0.0,0.0002,0.0,0.2127,0.1567,0.0005
2012.4167,0.2498,0.0,0.399,0.1491,0.0098,0.0,0.0706,0.0002,0.0001,0.0518,0.0,0.0002,0.0,0.0004,0.0,0.2622,0.1217,0.0005
2012.5,0.2417,0.0,0.3868,0.1449,0.0085,0.0,0.0359,0.0001,0.0,0.0248,0.0,0.0004,0.0001,0.001,0.0,0.331,0.1245,0.0006
2012.5833,0.2582,0.0,0.3788,0.1205,0.009,0.0,0.0405,0.0002,0.0001,0.0264,0.0,0.0008,0.0003,0.0018,0.0,0.4167,0.0938,0.0007
2012.6667,0.2347,0.0,0.2929,0.0581,0.0107,0.0,0.0747,0.0005,0.0002,0.0458,0.0,0.0012,0.0007,0.0029,0.0,0.4543,0.0913,0.0008
2012.75,0.1839,0.0,0.213,0.029,0.0122,0.0,0.1454,0.0013,0.0005,0.0828,0.0,0.0016,0.0012,0.0038,0.0,0.4106,0.1058,0.0007
2012.8333,0.1566,0.0,0.1762,0.0195,0.0163,0.0,0.2717,0.0033,0.0014,0.0959,0.0,0.0024,0.0022,0.0057,0.0,0.2872,0.1135,0.0006
2012.9167,0.206,0.0,0.227,0.0209,0.0334,0.0,0.3079,0.0063,0.0027,0.0999,0.0,0.0052,0.0061,0.0123,0.0,0.1474,0.1105,0.0004
2013.0,0.305,0.0,0.3426,0.0375,0.1008,0.0,0.0722,0.0029,0.0013,0.0354,0.0,0.0168,0.0244,0.039,0.0,0.1204,0.1413,0.0004
2013.0833,0.1874,0.0,0.2202,0.0328,0.0366,0.0,0.0547,0.0041,0.0019,0.0356,0.0,0.0436,0.0452,0.0944,0.0,0.1441,0.1523,0.0004
2013.1667,0.1017,0.0,0.1262,0.0245,0.0226,0.0,0.033,0.0045,0.0022,0.0353,0.0,0.0844,0.0388,0.1703,0.0,0.1209,0.2243,0.0005
2013.25,0.0848,0.0,0.1124,0.0275,0.0229,0.0,0.0366,0.0085,0.0043,0.0721,0.0,0.062,0.0305,0.1456,0.0,0.0811,0.3015,0.0005
2013.3333,0.0739,0.0,0.0984,0.0244,0.0275,0.0,0.0333,0.0129,0.0069,0.0991,0.0,0.0338,0.0248,0.1032,0.0,0.0717,0.3759,0.0006
2013.4167,0.1148,0.0,0.1393,0.0244,0.0621,0.0,0.014,0.0089,0.005,0.0396,0.0,0.0218,0.0379,0.1242,0.0,0.0467,0.3371,0.0005
2013.5,0.1656,0.0,0.1857,0.0201,0.0911,0.0,0.0177,0.0194,0.0113,0.0524,0.0,0.0124,0.0871,0.223,0.0,0.0265,0.1474,0.0002
2013.5833,0.1938,0.0,0.2078,0.0139,0.1132,0.0,0.0233,0.0491,0.0297,0.0839,0.0,0.0042,0.0917,0.2731,0.0,0.008,0.0325,0.0001
2013.6667,0.2012,0.0,0.2131,0.0118,0.1668,0.0,0.0253,0.1427,0.09,0.1166,0.0,0.0016,0.03,0.0919,0.0,0.0102,0.031,0.0001
2013.75,0.2036,0.0,0.2174,0.0137,0.0955,0.0,0.0353,0.2124,0.0663,0.1264,0.0,0.0016,0.0275,0.0765,0.0,0.0219,0.0502,0.0001
2013.8333,0.2567,0.0,0.2783,0.0215,0.064,0.0,0.0427,0.1977,0.0311,0.085,0.0,0.0027,0.0408,0.1039,0.0,0.0298,0.0444,0.0001
2013.9167,0.2195,0.0,0.2525,0.0329,0.0902,0.0,0.073,0.1612,0.0296,0.1308,0.0,0.003,0.0268,0.0843,0.0,0.0238,0.0333,0.0001
2014.0,0.2157,0.0,0.2713,0.0555,0.1603,0.0,0.0786,0.0671,0.0179,0.1687,0.0,0.0015,0.009,0.0298,0.0,0.0275,0.0361,0.0001
2014.0833,0.2263,0.0,0.2475,0.0211,0.1409,0.0,0.0639,0.0363,0.0137,0.2291,0.0,0.0028,0.0115,0.0382,0.0,0.0221,0.0407,0.0001
2014.1667,0.3768,0.0,0.3873,0.0103,0.0001,0.0,0.0787,0.0287,0.0151,0.1995,0.0,0.0009,0.003,0.0084,0.0,0.0186,0.0417,0.0001
2014.25,0.3395,0.0,0.3441,0.0045,0.0001,0.0,0.1478,0.0328,0.0239,0.2643,0.0,0.001,0.0026,0.0063,0.0,0.0097,0.0236,0.0
2014.3333,0.3674,0.0,0.3699,0.0024,0.0003,0.0,0.118,0.0249,0.0251,0.2787,0.0,0.0016,0.0033,0.0068,0.0,0.0073,0.0194,0.0
2014.4167,0.4198,0.0,0.4212,0.0013,0.0007,0.0,0.0975,0.0191,0.0269,0.2434,0.0,0.0027,0.0047,0.0085,0.0,0.0058,0.0168,0.0
2014.5,0.4672,0.0,0.4685,0.0012,0.0012,0.0,0.0699,0.0144,0.0288,0.2021,0.0,0.0057,0.0083,0.0131,0.0,0.0069,0.0222,0.0
2014.5833,0.5474,0.0001,0.5491,0.0015,0.0024,0.0,0.0486,0.0105,0.0311,0.1724,0.0,0.012,0.0148,0.0202,0.0,0.0094,0.0331,0.0001
2014.6667,0.5873,0.0001,0.5902,0.0026,0.0052,0.0,0.0184,0.0035,0.0124,0.1004,0.0,0.0272,0.0272,0.034,0.0,0.0179,0.0697,0.0001
2014.75,0.5936,0.0001,0.5996,0.0058,0.0126,0.0,0.0203,0.0033,0.0138,0.1425,0.0,0.004,0.0037,0.0059,0.0,0.0213,0.0679,0.0001
2014.8333,0.4945,0.0001,0.5047,0.01,0.0242,0.0,0.0272,0.0037,0.0185,0.2363,0.0,0.0019,0.0016,0.0032,0.0,0.0191,0.0464,0.0001
2014.9167,0.5038,0.0001,0.5258,0.0218,0.0489,0.0,0.0224,0.0026,0.0153,0.127,0.0,0.0025,0.0019,0.005,0.0,0.0395,0.0739,0.0002
2015.0,0.3536,0.0,0.3873,0.0336,0.0003,0.0,0.0384,0.0036,0.0263,0.1458,0.0,0.0034,0.0021,0.0076,0.0,0.0783,0.115,0.0003
2015.0833,0.3412,0.0,0.3645,0.0232,0.0004,0.0,0.026,0.0022,0.0159,0.146,0.0,0.0078,0.0039,0.0195,0.0,0.0643,0.0941,0.0002
2015.1667,0.3442,0.0,0.3598,0.0154,0.0004,0.0,0.0198,0.0015,0.0108,0.1811,0.0,0.0141,0.0054,0.0397,0.0,0.0628,0.0917,0.0002
2015.25,0.3471,0.0,0.3562,0.009,0.0004,0.0,0.0128,0.0009,0.0062,0.2313,0.0,0.0215,0.0056,0.0667,0.0,0.0665,0.0971,0.0002
2015.3333,0.3799,0.0,0.3868,0.0068,0.0003,0.0,0.0082,0.0005,0.0035,0.2383,0.0,0.0238,0.0042,0.0651,0.0,0.0708,0.0822,0.0002
2015.4167,0.4517,0.0,0.4574,0.0056,0.0004,0.0,0.0041,0.0002,0.0016,0.1687,0.0,0.0311,0.0034,0.075,0.0,0.0759,0.0666,0.0002
2015.5,0.3977,0.0,0.4031,0.0053,0.0006,0.0,0.0029,0.0001,0.001,0.189,0.0,0.0426,0.0029,0.0946,0.0,0.0763,0.0553,0.0002
2015.5833,0.3027,0.0,0.3085,0.0057,0.0009,0.0,0.0024,0.0001,0.0007,0.35,0.0,0.0304,0.002,0.1118,0.0,0.055,0.0428,0.0001
2015.6667,0.2319,0.0,0.2385,0.0065,0.0012,0.0,0.0024,0.0001,0.0006,0.4951,0.0,0.0229,0.0013,0.1608,0.0,0.0137,0.0144,0.0
2015.75,0.2745,0.0,0.2864,0.0118,0.0026,0.0,0.0025,0.0001,0.0006,0.3191,0.0,0.0269,0.0003,0.2876,0.0,0.0091,0.0129,0.0
2015.8333,0.2993,0.0,0.3214,0.022,0.0058,0.0,0.005,0.0001,0.001,0.3941,0.0,0.0197,0.0002,0.1463,0.0,0.0104,0.0205,0.0
2015.9167,0.3451,0.0,0.3883,0.0431,0.0136,0.0,0.0062,0.0001,0.001,0.2692,0.0,0.019,0.0001,0.0992,0.0,0.016,0.0447,0.0001
2016.0,0.3487,0.0,0.4178,0.069,0.0268,0.0,0.0057,0.0001,0.0008,0.1512,0.0,0.0114,0.0001,0.0432,0.0,0.0203,0.0847,0.0001
2016.0833,0.3044,0.0,0.3484,0.0439,0.0485,0.0,0.0103,0.0002,0.0013,0.1789,0.0,0.0124,0.0001,0.0349,0.0,0.0148,0.0733,0.0001
2016.1667,0.2846,0.0,0.313,0.0283,0.0766,0.0,0.0191,0.0003,0.0019,0.2218,0.0,0.0162,0.0001,0.0343,0.0,0.0133,0.0793,0.0001
2016.25,0.2715,0.0,0.2916,0.02,0.0396,0.0,0.033,0.0004,0.0028,0.251,0.0,0.0246,0.0001,0.0396,0.0,0.0145,0.1037,0.0002
2016.3333,0.2035,0.0,0.2187,0.0152,0.0299,0.0,0.0711,0.0007,0.0048,0.3572,0.0,0.0373,0.0001,0.0457,0.0,0.01,0.0708,0.0001
2016.4167,0.1631,0.0,0.1755,0.0123,0.0241,0.0,0.102,0.0008,0.0059,0.395,0.0001,0.0564,0.0001,0.0526,0.0,0.0074,0.0524,0.0001
2016.5,0.1403,0.0,0.151,0.0107,0.0209,0.0,0.0831,0.0007,0.0047,0.4335,0.0001,0.0845,0.0001,0.0605,0.0,0.006,0.042,0.0001
2016.5833,0.1098,0.0,0.1183,0.0084,0.0164,0.0,0.0742,0.0006,0.0041,0.5445,0.0001,0.0664,0.0001,0.048,0.0,0.0047,0.0326,0.0001
2016.6667,0.0801,0.0,0.0863,0.0062,0.0119,0.0,0.0599,0.0005,0.0033,0.6605,0.0001,0.0484,0.0001,0.0353,0.0,0.0034,0.0235,0.0
2016.75,0.052,0.0,0.056,0.004,0.0078,0.0,0.0418,0.0003,0.0023,0.7758,0.0001,0.0314,0.0,0.0231,0.0,0.0022,0.0152,0.0
2016.8333,0.0266,0.0,0.0286,0.0021,0.004,0.0,0.0216,0.0002,0.0012,0.8849,0.0001,0.016,0.0,0.0118,0.0,0.0011,0.0077,0.0
2016.9167,0.0137,0.0,0.0147,0.0011,0.002,0.0,0.0108,0.0001,0.0006,0.9407,0.0001,0.0082,0.0,0.0061,0.0,0.0006,0.004,0.0
2017.0,0.0082,0.0,0.0088,0.0006,0.0012,0.0,0.0063,0.0,0.0003,0.9643,0.0001,0.0049,0.0,0.0036,0.0,0.0003,0.0024,0.0
2017.0833,0.0036,0.0,0.0038,0.0003,0.0005,0.0,0.0027,0.0,0.0001,0.984,0.0001,0.0021,0.0,0.0016,0.0,0.0002,0.001,0.0
2017.1667,0.002,0.0,0.0021,0.0002,0.0003,0.0,0.0015,0.0,0.0001,0.9907,0.0001,0.0012,0.0,0.0009,0.0,0.0001,0.0006,0.0
2017.25,0.0016,0.0,0.0017,0.0001,0.0002,0.0,0.0014,0.0,0.0001,0.992,0.0001,0.001,0.0,0.0007,0.0,0.0001,0.0005,0.0
2017.3333,0.0013,0.0,0.0014,0.0001,0.0002,0.0,0.0013,0.0,0.0001,0.9933,0.0001,0.0008,0.0,0.0006,0.0,0.0001,0.0004,0.0
2017.4167,0.001,0.0,0.0011,0.0001,0.0002,0.0,0.0011,0.0,0.0001,0.9944,0.0001,0.0006,0.0,0.0004,0.0,0.0,0.0003,0.0
2017.5,0.0008,0.0,0.0008,0.0001,0.0001,0.0,0.001,0.0,0.0001,0.9953,0.0001,0.0005,0.0,0.0004,0.0,0.0,0.0002,0.0
2017.5833,0.0008,0.0,0.0009,0.0001,0.0001,0.0,0.0012,0.0,0.0001,0.995,0.0001,0.0005,0.0,0.0004,0.0,0.0,0.0002,0.0
2017.6667,0.0008,0.0,0.0009,0.0001,0.0001,0.0,0.0012,0.0,0.0001,0.995,0.0001,0.0005,0.0,0.0004,0.0,0.0,0.0002,0.0
