actual,predicted
-0.415037499279,-1.23552076283
1.4728521344,2.23444723523
0.0,1.45374515219
3.18132976471,2.31694557338
0.0,0.584828994254
1.2274104961,1.21793508814
0.6322682155,0.329699372787
0.527247002865,0.33879406127
0.106915203917,-1.38880470598
0.234465253637,0.606543047405
1.61951972276,1.40689271573
0.830074998558,1.60785450715
-0.523561956057,-1.39022186056
0.584962500721,1.3054631515
0.0,-0.0172137820352
5.12928301694,3.52859212874
-2.80735492206,-0.874487014446
0.392317422779,-0.245830866117
0.991488500144,0.952688706475
0.956931278108,1.31655711837
0.174029399775,1.04509537171
0.299560281859,0.761835461463
0.234465253637,0.891675398592
-0.0229004021101,1.44344799408
-0.415037499279,-0.490438420848
1.48639866624,1.8126373125
0.241008099504,0.810638482756
-0.125530882084,0.480194010231
-0.152415233154,0.906238148402
-0.222392421336,2.54064215177
1.08746284125,0.480305778008
1.0,-0.051468944973
4.32531868409,3.88784822589
1.45943161864,1.72815043915
3.18132976471,1.90044506253
-0.660513533728,0.171424703803
0.695145418472,0.679062316214
0.0,-1.35084024336
0.540568381363,0.660831076656
3.98351187721,4.92350079493
-3.15650448568,0.310899745802
0.299560281859,-0.66913060218
1.36678233067,1.9060029544
-0.584962500721,0.331341157113
1.50250034053,1.80647397359
0.0,0.365852838187
-0.710493382805,-1.05005461356
1.25755927577,0.402406915754
0.621488376746,1.50682007989
1.48542682717,1.36530115811
-0.11547721742,0.0926634404889
0.966316873744,0.945200141196
1.91253715875,1.86402873623
-0.559427408614,-0.580641237624
0.106915203917,0.930977089357
0.758991900496,-0.177970201234
0.241008099504,0.467765309454
0.0,0.000207688468262
-0.457206953523,0.400277874756
0.0,-0.433875667387
0.246160587269,1.4889128933
0.51457317283,1.09359823483
-0.0443941193585,-0.448639261353
-0.139724763667,0.349562975231
0.874469117916,1.10656252716
3.32192809489,2.69413859419
1.10691520392,2.32298460851
1.13202839368,1.59678019262
1.0,0.985682607997
1.04580368961,1.28570039546
1.02974734339,1.45179894514
1.10691520392,2.17839474721
2.03562390973,1.80072158821
-0.146841388329,0.0354796521133
0.215012890971,0.28336397974
-1.15024263558,-0.828559029121
1.50250034053,1.03469904629
1.18132976471,1.6686366706
0.321928094887,0.0794291793943
2.10153802646,2.05987034464
0.995150600339,1.63423695011
0.0,-0.801770513453
-3.15650448568,0.368402110182
0.65207669658,0.208389695226
-0.34792330342,-0.910046683508
0.263034405834,0.367576240363
1.10691520392,0.582024229964
0.718229031585,1.41149099087
0.561032483922,1.96483957179
1.65592902208,1.27982684517
0.0,0.458672699712
2.41503749928,2.42264713333
1.01655117626,1.06277605496
0.0,-0.426668786993
4.86624861111,3.53280958943
0.0780025120013,-0.102451942614
1.48542682717,1.85781525117
1.22239242134,1.30473832998
2.42321143072,2.48593454937
-0.0503316755501,-0.494098340615
-0.938599455336,-1.13070988223
-0.616671360448,-0.476176852146
1.97198562383,1.10430346584
-0.881355503501,-0.454513343001
1.39231742278,0.496720934428
-1.06413033742,-1.47830020343
-0.247927513444,-0.37175334871
2.0752881273,1.59913128577
-2.04439411936,-2.46832210875
1.04730571478,0.616090499458
-0.192645077942,0.233736171448
0.0524674198941,1.2031165441
0.49476469175,-0.0335885876899
4.74339186333,3.17945868481
0.0931094043915,1.36965929891
0.584962500721,-0.173226492636
0.0995356735509,-1.08427082455
4.55074678538,3.73040919657
0.754887502163,1.21279383545
6.74269220519,4.37680908641
1.89812038598,1.83088465321
1.38702312311,1.39629625623
-0.415037499279,-0.740926816374
-0.125530882084,0.463476621192
1.16992500144,0.929534500443
0.903784684741,1.03258502737
6.06216882109,5.66090399124
0.847996906555,0.628253116893
5.7123418072,4.26017622764
-0.750021746992,0.0179593779389
0.0,-0.0347706534305
0.160464672193,0.898320102354
-0.0650950282219,-0.276547562409
1.91253715875,1.15697360976
1.55254102303,1.36999319645
0.784271308945,0.415299512506
1.13750352375,-0.355510973375
0.5972408305,0.622323870025
1.61951972276,1.34892665386
0.930660795926,3.48906855116
1.34103691784,2.84860699674
0.0,-0.700059562429
1.10691520392,2.35122078712
1.36923380967,1.17501226615
3.98351187721,3.29014650425
1.70043971814,2.50058172073
0.0,0.693632273189
0.991488500144,1.02789428106
0.234465253637,0.793988502034
1.02974734339,1.55738472612
0.0,-0.371563992507
-0.404390255079,-0.268831692165
0.928446738975,0.519233300557
-1.68449817427,-0.772323694454
1.45943161864,-0.607501503161
0.0,1.83986094467
2.65973026912,2.57898655579
0.0,0.303846910291
-0.710493382805,-1.37828653057
1.64446351247,1.12028507312
0.0,-0.259138863564
0.106915203917,0.955079289997
1.98606080904,2.1411070484
0.807354922058,1.36919165803
4.75077139369,3.14918903782
0.48542682717,0.638708337969
0.0,0.0996139813581
-0.768184324777,-0.485848667227
0.584962500721,-0.651399820799
0.874469117916,1.51056081812
1.22239242134,1.37605741597
1.2370391973,1.79388815978
-0.222392421336,2.63937223872
3.74250377771,3.25232513044
0.111031312389,0.318216350874
2.03562390973,0.71705483071
5.35167543828,4.61194248346
-3.15650448568,0.379511866411
0.678071905113,0.562672564568
1.0,1.2964684574
2.2143191208,0.407198216483
1.62803122261,1.46654133934
-2.8393273118,-0.629892879674
1.36923380967,1.10981910181
0.51457317283,1.12807433931
0.0,0.591894729301
0.691877704638,0.363860631028
3.74250377771,3.64750708177
0.415037499279,0.82811936272
1.10691520392,2.2171369819
0.0,-1.07927210947
0.106915203917,0.241468420823
-0.0740005814438,-0.935751705292
0.0,0.261675937292
0.440572591386,0.398763613938
1.55254102303,1.24105149829
0.763108008968,1.50815727695
1.35049724708,-0.0941207875274
6.88019572894,4.79951174836
5.61470984412,7.02872271199
1.01655117626,1.123952323
4.936637939,4.01948895647
-1.50695998872,-2.07697248154
0.584962500721,-0.132775648404
0.0780025120013,-1.69912337851
4.82116072158,5.04096996004
1.97198562383,2.25460686038
0.371968777387,-0.146438422715
0.0524674198941,1.29427009669
5.2288186905,3.77372854608
0.49476469175,-0.0194284993011
1.04730571478,0.992768285644
-0.106915203917,0.160876743331
1.68650052718,2.06705486835
1.62803122261,1.24846732775
1.07038932789,1.41617042261
1.20163386117,1.00432401507
2.0,2.03207208248
-0.535331732997,-0.461450138668
0.0,-1.35776096026
0.440572591386,1.04159303034
5.7123418072,4.14250439796
0.828519532056,0.100594062264
1.18057224564,0.785362536969
1.50250034053,1.71461928229
0.241008099504,0.322385409464
1.55254102303,1.37654020633
6.74269220519,4.20578191958
0.784271308945,0.258295741231
4.2143191208,2.60632409881
-0.321928094887,-1.13562935564
0.917537839808,1.14219381258
1.464668267,1.43345685858
5.71424551767,6.5600134123
-1.91253715875,-0.754471360936
1.76553474636,0.972246680772
0.975914381476,-0.00543683569458
0.222392421336,-0.330740727858
0.0,-0.103253812802
0.928446738975,0.438982162474
0.736965594166,0.824166823975
1.22239242134,1.89009872343
3.0,2.37061177389
1.45943161864,2.2680472136
4.99803848367,6.55456365817
2.30742852519,2.19478583344
0.954196310387,0.947223821439
-0.184424571137,0.0742314306121
-0.710493382805,-0.538010106374
1.18057224564,1.66909065681
1.03441003079,0.273177604695
0.0524674198941,0.193311036222
1.97575245375,-0.768933232186
1.09310940439,1.48234099305
-0.48542682717,-0.712398672119
0.215012890971,0.210593447257
0.34792330342,-1.11392802799
-0.768184324777,-0.487630493959
0.0874628412503,-0.187363516907
-2.42084312096,-0.68285760502
-0.34792330342,-0.695675980707
0.0,-0.269705817496
0.788495894806,1.1480629425
-0.222392421336,2.34224689737
1.01655117626,0.670893758056
1.97575245375,1.26521293478
0.432959407276,-0.260812637459
2.03562390973,0.715158783438
0.788495894806,0.143385895329
0.241008099504,0.736153349527
-0.660513533728,0.222644482102
0.0,-0.57472560369
0.0,-0.2834868555
0.299560281859,-0.747847245445
2.2143191208,0.554957273364
0.476438043943,0.57806424169
1.66810373602,2.02223015828
1.62803122261,1.55511784031
-0.415037499279,0.851213472874
0.0,0.491923511433
-0.0901978089716,-0.0682102746178
1.48542682717,1.56303174771
-0.0740005814438,-0.911891612218
0.0,0.102834307961
0.798860127892,1.12767777872
0.241008099504,0.903499914554
-0.938599455336,-1.0653158741
4.32531868409,3.81505458078
1.13750352375,0.812924796498
0.234465253637,0.471957142828
3.44745897697,2.76764826218
0.45637829466,1.11181322323
-2.05771549786,-0.409926547586
1.16992500144,0.909582908512
0.909026339953,0.971002473051
5.12928301694,3.25691047375
-0.192645077942,0.186247730912
0.691877704638,-0.0213329390178
2.90689059561,2.62602187028
5.2288186905,3.52112444214
-0.691877704638,0.1571639322
0.395062799518,-0.39552716838
-0.547487795302,0.345284789517
-4.25334100963,-1.92313245598
-0.415037499279,-1.08897825189
2.39854937649,1.89217560278
0.713695814843,1.00559330235
0.0,-0.450166694557
0.11547721742,-0.379068742095
1.67807190511,0.804602719285
1.38702312311,1.50629884612
0.125530882084,0.980022595298
0.0,-0.170096749472
0.0,-0.0332820958736
1.55254102303,1.41411060301
-0.793549122533,-0.170521856453
1.91253715875,1.81823372152
0.765534746363,0.859080873911
1.25375659225,0.893222905176
0.721898146077,0.954464134902
-1.10691520392,-0.863699666805
-1.63910713057,1.07037736032
0.0,-0.368173939763
1.10691520392,2.33153330002
-3.716207034,-2.18190725524
-0.140177658048,0.204720782815
3.58496250072,2.66576178732
-1.36923380967,-1.84036647461
-1.29545588353,-1.08185089923
0.947532580106,0.932770964452
1.77960993157,2.12791003423
0.678071905113,0.545398700261
-0.440572591386,-0.313871084416
1.13750352375,1.68932237933
0.736965594166,0.761191026752
0.807354922058,-0.679649641258
-1.05889368905,-1.28430910717
5.82781902462,3.45859794733
2.65973026912,2.45960055466
-0.599462070416,0.298198771552
2.08539149123,2.42098983015
1.87446911792,2.14659553015
2.93603694127,2.75483100174
-1.41503749928,-2.05935970768
-0.280107919193,-0.0957049098905
6.09085343045,4.8654264514
0.667424660913,0.701524390841
0.947532580106,1.55869319949
1.66810373602,1.77889525308
-0.211504105194,-0.603348366403
-0.0995356735509,-0.685244434204
0.0,0.149933176325
5.44723632167,3.95212891221
2.80735492206,2.43112450833
0.0874628412503,-0.223048140007
0.0,-1.32275826144
0.299560281859,0.844761572759
0.0,-0.345668199017
0.0,-0.698992654246
0.392317422779,0.436601410107
0.678071905113,1.12951704192
1.08746284125,0.50499841784
0.788495894806,-0.105935243834
0.678071905113,0.500761572465
2.2143191208,0.547759107533
0.0,0.468893113582
0.48542682717,-0.220888171858
0.758991900496,-0.220905797693
-2.8393273118,-0.576809002272
0.0,-0.281605869019
-0.146841388329,0.0054162433848
0.415037499279,0.825973801892
1.59903768593,0.418379771833
-0.0740005814438,-1.1318056166
1.72329065727,0.903292231797
1.65207669658,1.36868196513
0.241008099504,0.159386037057
-4.83289001416,-2.47364090992
3.0,3.60258200052
-1.975196609,-0.152340216622
-2.1747744011,-1.58592506931
-0.808805595926,2.14324583788
0.0,-0.945718162072
-0.222392421336,0.961867006144
0.222392421336,0.135296827059
4.74339186333,3.18617002732
-0.106915203917,-0.148307681462
3.51387940266,2.80855579264
-2.14135584925,-0.905423841719
-0.48542682717,-1.4194501298
1.10962449117,1.50316954229
1.97198562383,2.27177466271
1.89812038598,1.86796964661
-3.63047715997,-2.20149763547
2.0,2.18191258604
-0.628031222613,-0.658696049668
0.245112497837,0.0803033806428
0.0,3.01689996221
-0.0458036896131,0.765137447984
0.415037499279,0.508198007075
5.7123418072,4.56648854502
0.246160587269,1.66665844018
-0.700439718141,0.172863439546
1.50250034053,1.74980422626
1.05444778402,0.458835028171
0.0,-1.29782380675
1.86507041991,1.83816231178
3.58496250072,2.78479846034
-0.793549122533,-0.112652223851
-0.321928094887,-1.01282417467
1.08615664375,0.769320619601
0.930660795926,3.31847784657
-1.63910713057,1.73380640563
0.415037499279,0.679607648471
2.07038932789,2.63803386741
0.45637829466,0.889335572652
1.25755927577,1.71460071502
-1.36923380967,-1.7688197003
1.59903768593,1.75641345614
-1.29545588353,-1.07709821861
1.70043971814,2.48996911976
0.830074998558,1.64133961528
-0.53605290024,0.223057588139
6.74269220519,4.22228013744
0.807354922058,-0.297172361744
0.125530882084,1.03810232423
0.991488500144,1.02087649717
2.58007200437,3.49839750744
0.174029399775,1.2105136385
0.234465253637,0.321835986007
1.76553474636,1.15556411798
-0.289506617195,0.297006838365
-0.874469117916,-0.931366909331
2.10153802646,0.728188659541
-0.584962500721,-0.0011966237165
0.807354922058,0.384991164205
1.3136604789,2.52654186001
1.41503749928,1.03188298919
1.36923380967,3.03192913239
0.341036917835,0.594391419842
0.847996906555,1.01888845517
1.4728521344,2.29247440598
-0.584962500721,-0.295453675144
0.0,0.471895613759
-1.29545588353,-1.03388004467
1.70043971814,2.40231794992
0.0,0.661486887466
0.900464326449,1.10602370377
6.74269220519,5.07243726004
0.975914381476,0.26304897859
4.64385618977,4.03691063405
0.865070419914,0.347727656738
-0.523561956057,-1.35921925286
6.74269220519,4.19187280426
-0.0418201756946,0.169279341189
2.15527822548,2.12379430806
6.06216882109,4.98384978933
-0.440572591386,-0.175719097848
0.786596361891,0.938871624817
-0.321928094887,-0.512155385635
-4.83289001416,-2.77614896016
0.222392421336,0.024038953941
1.48639866624,1.82199427113
0.48542682717,0.0102990649477
1.29768054864,1.41324698233
0.0,-2.12532169178
0.874469117916,1.11070530887
2.30742852519,2.39417491446
-0.807354922058,-1.04154175224
0.392317422779,0.614622759325
1.76553474636,1.24883678268
3.98351187721,4.26912478474
0.432959407276,-0.244083316885
0.678071905113,1.01902339475
2.0,1.46986557233
0.552541023029,0.00463988534979
-0.0458036896131,0.758823894115
-0.289506617195,0.248047977465
-2.80735492206,-0.833133258808
-0.440572591386,-0.665247895436
-0.48542682717,0.373116350477
6.06216882109,5.68386866918
0.154722594799,0.587629182449
0.65207669658,0.418766479489
1.34792330342,0.632745711144
2.65973026912,2.51393310052
-1.24392558289,-1.2301637912
-1.50695998872,-1.8877272792
0.0,0.156949661355
-0.700439718141,-1.83637759425
1.0752881273,0.800604316305
-0.125530882084,0.135194767606
2.07038932789,2.61583730417
1.87446911792,2.13419020955
1.10691520392,0.386948662513
0.0874628412503,-1.60539429757
0.784271308945,0.38545782533
0.0,1.45682393299
-0.662965012722,-0.157989385908
1.18057224564,1.7056984015
-0.106915203917,-0.642791606341
0.810100298796,0.450151786099
0.192645077942,0.654484916799
1.13202839368,1.19231873549
0.125530882084,-0.160764234866
0.930660795926,3.13663048508
-0.245112497837,-0.637887404307
0.758991900496,0.211200215957
0.830074998558,1.63825514516
-2.49476469175,-2.21569697853
0.0,-0.145569434831
2.0752881273,1.456032627
-1.50695998872,-1.97484521917
-0.106915203917,-0.00315813482574
-0.628031222613,-0.802417953608
0.0,0.629753711309
-0.139724763667,0.348142560269
0.678071905113,0.596958988307
-0.206450877467,0.348726252855
1.18057224564,1.32880825389
0.807354922058,1.39085049671
1.07038932789,1.93698433754
1.22239242134,1.57012346266
0.295455883526,0.138304078255
0.160464672193,0.493588181072
1.32716474325,1.58948033785
-1.49476469175,-1.78992260478
5.95419631039,4.33892964934
0.11547721742,0.808208601951
-0.906890595609,-0.013429332364
-1.10535300015,0.463567825036
-0.0443941193585,-0.298853695148
0.621488376746,-0.237317941022
-0.192645077942,-2.52647790199
-0.206450877467,0.363598578825
1.29768054864,1.30338542648
1.59903768593,0.414213521146
0.469063380961,0.81476282853
-0.898120385981,-0.596243041334
-0.299560281859,-0.528764245168
-0.0740005814438,-1.1991280723
0.0780025120013,-0.0698920663652
-1.39592867633,-1.14052602798
0.440572591386,0.467803841768
0.584962500721,0.122740654858
0.241008099504,1.03587615294
0.552541023029,0.974477553654
0.301429784571,0.703730470573
1.35049724708,-0.162683707926
2.30742852519,2.53699073841
0.48542682717,1.03242755453
0.0,0.118573436505
0.234465253637,0.478570361755
-0.242275845667,1.22258316587
3.51387940266,2.74850963159
5.12928301694,3.8086191928
-1.10691520392,-1.9189555409
1.49476469175,1.2332022798
0.0,-0.933663662349
0.13750352375,-0.398508542949
-1.13124453328,-0.502883091677
-0.184424571137,-0.125423635997
0.753360032417,0.257539399694
0.874469117916,0.164704041451
1.43295940728,-0.289979215719
1.07617168049,2.30881958598
-0.932885804141,-1.19557412233
3.86227382095,2.82886040557
0.13750352375,-0.21920200979
-3.63047715997,-2.48212600042
1.44613479602,1.06412935986
0.344828496997,1.72245499509
0.555389385338,0.118270471984
-0.643856189775,0.0164533550788
1.41503749928,1.37522639389
-0.357893592175,-0.585955971121
2.03562390973,1.88959331072
0.415037499279,0.408412966451
6.06216882109,5.69966514285
1.34792330342,1.71475150841
1.08615664375,1.21347640829
1.86507041991,1.51139638111
-0.700439718141,-2.00641221234
0.304854581528,0.566001730726
0.847996906555,0.894957560747
3.58496250072,2.69953246562
0.758991900496,0.423384036889
0.807354922058,-0.438649814605
-0.584962500721,-0.523555061761
0.0,-0.166241602041
0.584962500721,0.503744522531
0.0,0.846404630792
-0.736965594166,-1.25999521936
-0.289506617195,0.148392942229
3.3554806546,1.83327035187
-0.280107919193,-0.37266150844
1.69187770464,1.15722471888
0.909026339953,1.11865797707
2.41503749928,2.01962484751
0.499571009491,0.605648442249
1.40696419874,2.30932398936
0.807354922058,0.325919664146
0.662965012722,0.41305301984
0.925999418556,1.26770517196
6.09085343045,4.8064159237
0.6322682155,0.529549968934
5.52160043972,4.05337285474
0.0,-0.825884975957
0.947532580106,1.41973078246
-0.48542682717,-0.793766128136
1.32716474325,1.43694278357
0.0703893278914,0.951670765877
-1.15024263558,-0.851510561522
-0.768184324777,-0.48244060776
0.0874628412503,-0.270239217479
0.786596361891,0.956541763336
0.995150600339,1.89482193274
0.0,-0.609687815837
0.796466605915,-0.221315547039
0.788495894806,1.25202112244
0.392317422779,0.480290369929
0.432959407276,-0.168559675342
0.241008099504,0.875278976557
0.0,-0.938196101469
-0.125530882084,0.177569876871
-1.05062607307,-0.188329916035
1.62803122261,1.41959522035
0.628031222613,0.692066218792
0.48542682717,0.117912018003
0.0,-0.420738737071
2.02974734339,1.59491088813
-0.206450877467,0.583223299086
-0.146841388329,-0.0781849184933
0.0,0.465214209335
1.05444778402,1.52546316676
3.18132976471,1.92836292626
0.106915203917,0.281706821265
1.10691520392,0.440170432067
1.22239242134,1.22420286801
1.72329065727,1.17378206892
1.65207669658,1.38154910769
0.552541023029,1.01670904913
1.97198562383,1.19099631291
0.48542682717,1.02810593152
0.34792330342,-0.266816752574
1.39231742278,0.545874715718
3.44745897697,2.87153627372
1.34792330342,0.615972164725
-0.526747886776,0.0278030815053
0.0780025120013,-1.56549248772
2.07038932789,2.916417233
0.447458976971,0.808282469593
1.0752881273,0.905363945609
1.13750352375,-0.341466171266
1.02236781303,0.925867011944
0.874469117916,-0.0310037184127
-0.547487795302,0.538930621227
-0.415037499279,-1.31137679109
0.754887502163,1.27085671764
0.713695814843,1.10250407446
0.0,0.394826033182
0.0,-0.485064233876
1.07617168049,0.662114517286
1.13750352375,0.700861125006
2.0,2.25501498078
1.07038932789,2.45911944442
0.0,-0.400260894946
6.06216882109,5.86541627638
1.50250034053,1.72426248112
0.932885804141,1.02007867459
6.74269220519,4.13974281345
-0.11547721742,0.0466141479665
-1.0,-0.19779789463
0.784271308945,0.332833152207
0.830074998558,1.76543164518
5.71424551767,6.46692785205
-1.09097366005,-0.306615391227
1.36923380967,1.14828094965
-0.0378966077585,-0.931770711078
0.45637829466,0.765907076088
-0.584962500721,-0.625651559839
2.88452278258,2.52449647809
0.222392421336,0.0945218771121
4.82781902462,3.81468596465
-0.169925001442,0.263135351081
0.174029399775,1.12356098887
1.13202839368,1.17355346216
-0.736965594166,-1.33909777837
1.40696419874,1.60096431577
3.0,3.57816354088
-1.24392558289,-1.34533718486
-0.710493382805,-1.40728816317
1.40696419874,2.38440526834
0.807354922058,0.588788535813
0.0692626624371,0.493261862926
1.64446351247,1.20113640446
0.928916901939,2.13923397715
-0.440572591386,-0.827684031391
-0.192645077942,0.148018439295
0.0,-0.430078609494
0.695145418472,0.285200662559
-2.87446911792,-2.56926228569
0.667424660913,0.777409037803
1.09310940439,1.1232562322
0.0,-0.361441785637
0.754887502163,1.42982722894
-0.898120385981,-0.510071540009
1.39506279952,1.59466846852
-0.211504105194,-0.576717038515
1.77960993157,2.07042692173
2.0,1.89051557154
1.07038932789,2.22143728592
2.07038932789,2.79625514669
0.0,-0.418530297783
-0.415037499279,0.0768127556566
-0.584962500721,-0.310238261971
1.05444778402,0.110051687325
1.20163386117,1.0003076852
-1.7589919005,-0.465343068398
0.865070419914,0.904078887205
3.0,1.17473336489
-0.497499659471,0.344373086976
-1.80735492206,-0.990924311179
1.56293619439,0.598445027611
1.13750352375,0.865318932098
1.55254102303,1.25005710295
-0.440572591386,-0.698164792675
-0.321928094887,-0.461776380666
1.48639866624,1.75277490449
1.97198562383,1.13646078304
3.98351187721,3.86837713523
-0.535331732997,-0.31176594638
0.0,0.414030760838
2.41503749928,0.936958181601
0.552541023029,1.02983794025
0.48542682717,0.646861864886
1.01655117626,0.782523446803
-0.628031222613,-0.670095717089
1.35049724708,-0.192515915799
0.111031312389,0.489033856113
0.786596361891,0.916950547334
0.241008099504,0.0484230084946
1.18057224564,0.863344110882
1.62803122261,1.35717809939
0.45637829466,1.07234236331
0.900464326449,-0.492849164204
-0.909802191028,0.229145616232
-2.80735492206,-0.739682637602
1.45943161864,1.94441701063
1.69743722998,1.7428381129
0.540568381363,0.678859441236
2.10153802646,0.884697475298
1.01655117626,1.25063183198
0.0,0.68810125583
1.25375659225,0.889461756354
-0.736965594166,-2.04996516906
-1.15024263558,-0.957056691038
0.241008099504,0.245835159564
0.246160587269,1.42304991111
2.0752881273,1.64713763094
1.66810373602,2.29275441154
2.08539149123,2.39940802234
0.874469117916,1.44041995719
-0.34792330342,-0.847580140664
-1.05062607307,-0.236205929308
0.934904971778,1.08166506014
5.32531868409,5.3700323487
1.08746284125,0.246733385184
-1.10691520392,-1.14401060558
1.03441003079,0.52417148662
0.695145418472,0.277201330564
-0.0995356735509,-0.817774872353
0.930660795926,3.42130452933
1.0,-0.154209915016
1.67807190511,1.14898183554
1.78256246061,3.47444999955
-1.84021955596,-1.02014953617
5.71424551767,6.24043327821
-0.108934371553,0.403552095055
0.540568381363,0.491537164644
0.602664502455,-0.359045707366
1.48542682717,1.1283906321
5.52160043972,4.03747085409
1.464668267,0.925988818776
0.662965012722,0.480490800959
0.716990894405,1.01124355873
0.0,-0.677902849608
0.344828496997,1.66529450178
-0.48542682717,-0.685988191121
1.43740531231,1.33348774556
1.07038932789,2.12986595476
0.215012890971,0.237737654975
0.160464672193,0.594568927406
-0.768184324777,-0.643687954123
1.08746284125,1.53726874535
-0.152415233154,0.938676351448
-0.640561110213,-0.850401421056
0.678071905113,1.31581896135
5.9533499067,5.03334698824
-1.36678233067,-0.920430383649
-0.927850214244,0.283536815975
0.476438043943,0.560597872737
-0.125530882084,0.0673974145982
0.934904971778,1.12061743822
0.628031222613,0.776581422783
-0.192645077942,-2.49802056395
0.0,-0.342615497917
-0.20163386117,-1.23774778786
1.59903768593,0.480893155034
1.07400058144,1.65654775501
2.07038932789,2.3586462225
0.865070419914,0.39200921444
-1.7589919005,-0.478461296945
-0.197939377612,-0.349462547415
-1.975196609,-0.266156584136
1.39231742278,0.551904807533
0.0,0.877966792894
-0.362570079385,-0.125078863922
-0.247927513444,-0.54942500989
-0.526747886776,0.052236969452
-0.242275845667,1.40769805464
1.25755927577,0.549891454711
1.80735492206,2.6423879399
2.42321143072,3.2681315774
0.0,-1.02172924919
-0.222392421336,0.749652307628
-0.736965594166,-2.08056278801
-0.440572591386,-0.585627203899
0.0,-0.151176779555
0.584962500721,0.0223082773367
-1.05062607307,-0.798497511238
0.947532580106,0.977774095749
2.19501598241,3.28492967561
0.754887502163,1.51443544126
0.0,0.426847526373
1.39506279952,1.73395130844
-0.874469117916,-1.62998696022
2.16580889297,2.97335742027
1.38702312311,1.45186435104
-0.535331732997,-0.4643763976
0.13750352375,-0.716873895675
0.0,-2.10905007558
0.432959407276,-0.095603239503
-0.523561956057,-1.37046765108
0.241008099504,0.0943559441367
-1.68449817427,-0.772477372137
1.91253715875,1.02229313162
-0.700439718141,-2.01564771704
-1.0,-0.249415625731
0.192645077942,0.650307389221
-0.34792330342,-0.810963471217
1.25375659225,0.817639698507
1.67807190511,1.18060738152
0.387023123109,-0.000852126905383
0.930660795926,3.468469262
-0.211504105194,0.175514586122
0.86249647625,0.587080059873
-0.584962500721,-0.469093542959
-1.29545588353,-1.08744006407
2.0,2.20725972096
0.222392421336,-0.226723302993
-0.53605290024,0.260069335273
2.7880543661,2.95879634756
-1.80735492206,-0.924355127944
-0.704544116474,-0.437146071622
1.13202839368,1.16570214141
1.91427012597,1.78092880147
-0.736965594166,-1.19569897368
0.613645255425,1.77785061345
-0.280107919193,-0.326175211962
3.0,2.58176258703
2.48874718546,3.05971769353
2.65973026912,2.77924389005
0.662965012722,0.578524559818
2.03562390973,1.37289517162
-0.192645077942,-0.0331614319998
-1.62449086491,-1.65601911974
0.341036917835,0.702081159649
0.0,-0.830140991795
0.947532580106,1.58796628476
1.18057224564,1.33119378885
0.807354922058,1.35412941672
3.40696419874,2.20710327941
-0.415037499279,-1.11900649306
1.43740531231,1.35111035606
1.25755927577,1.65150351988
0.0,-0.475009268935
-0.286304185157,0.345138411178
0.584962500721,1.32622080464
6.74269220519,4.47616533282
1.75702324651,1.38921562719
6.74269220519,3.82906590338
-1.85315861167,-0.827785737096
1.3136604789,2.60278065128
-2.81378119122,-0.785908435115
3.0,1.19002573055
0.991488500144,0.548898592514
1.36923380967,1.17609582296
0.956931278108,1.12121496727
0.174029399775,1.07103203747
-0.0339473319233,0.321924068988
-0.321928094887,-0.461474516737
0.415037499279,0.185369913861
-1.89812038598,-1.50231161413
0.752072486556,0.561202958022
-0.535331732997,-0.382037654918
-1.77760757866,-0.931123556838
0.796466605915,-0.139817225266
2.41503749928,0.967800674033
1.70043971814,2.11867903515
-0.628031222613,-0.667273136189
1.35049724708,-0.183860193128
0.613645255425,1.80950380558
6.74269220519,4.3633787064
1.62803122261,1.43852325218
3.0,2.47982278588
1.10691520392,1.62772729381
0.245112497837,0.186574650214
1.45943161864,1.61080153529
0.900464326449,-0.443816315884
-0.280107919193,-0.405864844672
-0.881355503501,-0.425665197563
-0.874469117916,-1.21703809511
2.03562390973,2.00559793241
0.0,-1.26145346533
0.0430687218919,-0.762941678706
0.477047161554,0.444242844944
-1.05889368905,-1.20331654024
3.74250377771,3.19008254492
0.241008099504,0.00571697721794
-2.49476469175,-2.28368053541
1.34792330342,0.636296818133
-0.34792330342,-0.665013826992
2.65973026912,2.48619112398
-2.05771549786,-0.340590470028
-1.50695998872,-2.01208249889
0.678071905113,0.989050772745
1.25755927577,0.429544002788
-0.106915203917,-0.0986382911196
1.80735492206,2.50251566535
-0.584962500721,-0.431332027091
1.04730571478,0.682711141325
1.41503749928,1.40406412417
-0.321928094887,-1.15709730864
1.18057224564,1.68467373199
1.09114788806,1.15101350658
1.464668267,0.985833455808
0.695145418472,0.241355056946
0.48542682717,-0.0945316602037
0.415037499279,0.683740831802
0.341036917835,0.766914238192
0.222392421336,0.104654651831
0.0,-0.169040503202
6.19967234484,6.81857736796
-1.13124453328,-0.165383171966
0.476438043943,0.675974658079
5.52160043972,4.11050255342
1.05444778402,0.388519358504
2.48874718546,2.97826391787
-0.34792330342,-1.31122395001
1.97575245375,1.16967756467
-0.48542682717,-0.795126310166
0.754887502163,1.24807327302
-1.36923380967,-1.74948151011
-0.898120385981,-0.567082223179
1.39506279952,1.52913991527
1.36923380967,1.2142582239
0.947532580106,0.964154694151
-1.15024263558,-0.920186823583
1.78256246061,3.38327930049
1.08615664375,0.625200757627
5.44723632167,3.91621088261
0.865070419914,0.397169785441
-0.53605290024,-0.0374669219597
1.75702324651,1.52684625228
1.3136604789,2.54606036952
1.65207669658,1.32806070685
0.584962500721,-0.594253219315
-1.0,-0.511047620697
0.602664502455,-0.193825052739
1.56293619439,0.63370734701
1.18057224564,1.16748428338
0.174029399775,1.09870041359
1.22239242134,1.3910060915
0.199308808223,0.254014930268
0.125530882084,-0.7990372983
0.763108008968,1.69058361379
1.22239242134,1.60374483593
0.0,-0.730502298812
0.909026339953,0.961958571902
0.432959407276,-0.228788661443
-0.823122237916,-1.80769641404
-0.02202630633,-0.531564974101
3.3554806546,2.16391779533
0.440572591386,0.517532200164
-1.36678233067,-0.913130798459
-0.357893592175,-0.251585299656
1.40696419874,1.45665067762
-0.562936194391,0.251547426959
0.0,-1.24497501191
1.20163386117,1.46506718545
0.0692626624371,0.568469721273
0.0,-0.312476621717
0.637429920615,1.00252031944
2.26303440583,1.62787486913
2.65973026912,2.54046654351
2.48874718546,2.86659214
-3.89947312405,-2.56367631463
0.591099026523,2.23423442748
1.65592902208,1.57184360982
0.807354922058,0.432439268191
0.966316873744,1.23138158712
1.34792330342,1.56848467028
-1.05062607307,-0.269625884379
0.621488376746,-0.41064513464
0.0524674198941,1.20786115868
1.18057224564,1.77305621486
1.41503749928,1.04281893098
2.52264372433,2.35387241111
2.29768054864,2.31137937385
-0.280107919193,-0.33886299226
0.394278939112,-0.734987968109
0.222392421336,0.143691349783
1.50250034053,1.05241023322
0.0,-0.146755933025
4.86624861111,3.6403850281
1.67807190511,1.75445760468
1.10691520392,2.34734165487
1.464668267,1.52901527593
0.0,-0.3233654582
0.686500527183,1.77796174399
0.0995356735509,-1.17899781559
-0.909802191028,0.134395268315
2.29278174923,1.56743208994
0.6322682155,0.25744084798
0.295455883526,0.0827611394544
0.0,-0.309168051055
0.222392421336,0.602688099461
0.34792330342,-1.32769563294
0.362570079385,0.0875316586622
1.22239242134,1.33874785872
0.995150600339,1.82020897037
-0.222392421336,2.62715699636
0.392317422779,0.549885206991
-0.640561110213,-0.930208704109
-1.36678233067,-0.884228476748
0.0901978089716,-0.073280994298
-3.15650448568,0.35084216398
-1.1838641924,-1.22741969104
0.678071905113,0.594729747602
0.0,0.85922935332
1.10691520392,0.493270192739
0.0874628412503,-1.56363797122
0.621488376746,-0.388139649887
0.552541023029,-0.126232083531
-0.192645077942,-2.40240130496
-0.0901978089716,-0.174298645713
-0.537656785943,0.26485732135
-0.898120385981,-0.602751297706
0.900464326449,1.21398054278
0.865070419914,0.31541017236
1.22239242134,1.15775054033
-0.0291463456595,0.532298275506
1.21501289097,1.6920125325
1.80735492206,1.02886983649
0.0,-1.4450668631
-2.49476469175,-2.37125043383
3.98351187721,5.10614623698
5.61470984412,6.75896002691
1.25755927577,0.320751999558
-2.14135584925,-1.35032945228
0.691877704638,0.436276229545
-2.58738923812,-0.28533436497
1.72246602447,1.39953579411
1.20163386117,1.58787712239
0.753360032417,0.651501848607
0.0,0.806530910495
0.754887502163,1.3487757789
1.36923380967,1.14130265992
1.22239242134,0.865377787154
1.32192809489,1.85438976509
-1.0,-0.517845579709
2.35049724708,0.770288294533
0.695145418472,0.657327914137
0.344828496997,1.7548853335
0.13750352375,-0.783314995611
1.07038932789,1.9711838173
1.10691520392,1.70912507999
2.29956028186,1.97637295593
5.7123418072,4.26188211194
-0.722466024471,-0.373510920779
2.0752881273,1.79561826097
0.125530882084,-0.198847409881
1.09114788806,0.987176397679
0.0,-1.28351385421
0.784271308945,0.918222417441
2.29768054864,2.41352738173
0.930660795926,3.36226136506
5.71424551767,6.45483856359
-0.161751069997,0.203190999877
0.900464326449,0.436770358558
3.58496250072,2.69821042929
0.34792330342,0.641052039476
0.613645255425,1.86849431095
0.757023246507,0.838018671955
1.10691520392,1.24732564113
1.69187770464,1.5341217141
3.0,3.6712668168
-0.321928094887,0.809247918168
-0.736965594166,-1.75883058523
0.788495894806,1.31041874475
2.08539149123,2.51218883719
0.415037499279,0.0885094399046
0.0430687218919,-0.632862029784
0.86249647625,1.42689575416
2.93603694127,2.77532322196
-1.31120168829,-0.308959446552
-1.41503749928,-1.78390466497
-1.14684138833,-0.254815328216
-0.584962500721,0.289782639804
1.464668267,1.15888890876
0.561878887608,-0.243530325378
0.807354922058,1.35971416282
-0.120294233718,0.126162339329
0.464668267003,1.28843242356
1.43740531231,1.40415039814
1.50250034053,0.960268008607
-1.03242147769,-0.223381121313
0.0,-1.37805291705
0.874469117916,1.85572918395
-0.0229004021101,1.57553785571
0.995150600339,1.71432191861
0.796466605915,-0.241372579865
0.788495894806,1.28823347535
0.678071905113,1.04558868528
1.88264304936,0.767176545367
-1.36678233067,-0.732266021332
-0.0443941193585,-0.462783117263
0.48542682717,-0.145088000632
0.362570079385,0.0624903391229
0.874469117916,-0.405790450297
0.48542682717,0.222711315269
2.0752881273,1.10069762757
-0.0703893278914,-0.817115517702
0.11547721742,-1.26156925349
1.59903768593,0.281449064001
0.43063435433,0.669768618142
0.0,-0.546962546127
1.48542682717,1.45178763184
0.0,-0.1875742572
0.0,0.20244650531
1.41503749928,0.78234457396
0.584962500721,-0.697824033256
1.80735492206,1.14193581897
-1.975196609,-0.0226084888624
0.898120385981,0.617036962879
0.0,1.97276474974
-0.559427408614,-0.620382408817
2.0752881273,1.67585214342
-0.222392421336,1.16190595482
-0.192645077942,0.400795756922
2.90689059561,2.86583001027
1.10691520392,1.27004692683
0.947532580106,0.861841296138
4.55074678538,4.47949343984
1.39506279952,1.57653545831
-0.51457317283,-0.331655860468
4.82116072158,4.69643630053
1.20163386117,0.985624113726
0.0,-0.806418469947
0.602664502455,-0.320321610489
2.42321143072,1.440181883
2.0,2.079590399
1.16992500144,0.845875439314
-0.643856189775,0.0576886836539
0.540568381363,0.385393321625
1.79518020811,0.7150581175
1.41503749928,1.20198198563
0.241008099504,-0.0564476509887
0.828519532056,0.123469835707
1.18057224564,0.780279019194
-0.0650950282219,-0.299148279629
-0.700439718141,-1.82887448657
0.784271308945,0.633373040237
-0.0458036896131,0.784129299252
0.304854581528,0.631686042912
1.41503749928,1.59859125389
-0.86249647625,-0.0716309724816
2.29768054864,1.90800462048
-0.469485283301,-1.07844369052
-1.09097366005,-0.332972444165
-1.89812038598,-1.32924868431
-0.263034405834,-0.451178868477
2.0,2.08051572399
4.82781902462,3.67352075429
0.125530882084,1.10932981848
0.991488500144,1.09684046372
1.42321143072,1.31515980138
-0.404390255079,-0.129154169342
1.91427012597,1.62805233283
3.0,2.94270435862
0.0,0.217127964405
1.22239242134,1.76108224248
1.54056838136,1.81416291311
2.08539149123,2.38745863086
1.87446911792,2.45903484804
0.637429920615,0.669317223368
1.36923380967,3.27373831727
-1.62449086491,-1.5165063884
5.52160043972,3.88156182847
-0.34792330342,-1.37970621318
0.947532580106,1.39963712273
-0.120294233718,-0.00360800925215
-1.42084312096,-1.0980499909
0.215012890971,0.226765563627
-0.51457317283,-0.249609681995
0.0,-1.38016607899
0.48542682717,-1.61883302682
2.10153802646,2.11653057306
0.995150600339,1.70583514729
1.08746284125,1.81048932055
3.66675659188,2.00118821478
-0.640561110213,-0.861289535553
5.95419631039,4.39358244474
1.88264304936,1.18360597371
0.540568381363,0.565663086952
0.527247002865,0.304953856352
0.241008099504,0.309969376506
-1.10535300015,0.402503239612
-0.212993723334,1.03452469633
-0.547487795302,-0.0259262331664
1.41503749928,1.62529839599
0.561032483922,1.86574322004
-2.8393273118,-0.605225736568
1.70043971814,2.15013949869
-0.192645077942,-2.49899438006
-0.11547721742,-0.158365454929
0.11547721742,-1.09109153016
0.415037499279,0.713850027256
1.07400058144,1.74872839843
-0.898120385981,-0.595160646406
1.78256246061,3.03856338387
0.0780025120013,0.023934241671
0.0,0.133030169179
0.469063380961,0.697634135522
1.41503749928,0.860289235879
6.06216882109,4.22201679958
0.440572591386,0.523095682648
0.798860127892,0.916189702885
1.49476469175,0.510800398123
0.400537929584,-0.168661953383
1.97198562383,1.26766144943
-1.975196609,-0.159470038413
3.98351187721,4.55113009006
0.909026339953,1.32642680766
2.0752881273,1.68447370562
0.447458976971,1.08271394675
0.691877704638,0.203599551287
0.0524674198941,1.18720674767
-0.537656785943,0.398783931556
0.0,-0.74837310234
1.20163386117,1.60355327108
0.0430687218919,-0.700712511305
1.07038932789,1.62800537045
1.0,0.232554322038
0.0,-0.490056756362
-1.0,-0.546336977784
2.67807190511,2.14678364034
1.44613479602,1.03671035997
0.0,-0.258553371259
-0.584962500721,-0.416043519099
-1.68449817427,-0.567988324839
1.50250034053,1.78931065988
0.48542682717,0.899624491304
6.74269220519,4.31378825692
0.125530882084,-0.205294348812
0.784271308945,0.230264708813
0.13750352375,0.761397597074
2.06140054466,1.97432059058
0.0671141958585,0.71697941705
0.304854581528,0.0390981699594
-0.245112497837,-0.676375767907
0.415037499279,0.715328929711
-1.09097366005,-0.353208616593
0.874469117916,1.3075082762
0.192645077942,0.799706627822
0.975914381476,0.224445997573
0.387023123109,0.0459153055188
1.77960993157,2.14799817747
-0.169925001442,0.339489118408
1.42321143072,1.61715117464
0.0,-0.17533021316
1.22239242134,1.49617701491
6.19967234484,4.49855584365
-0.222392421336,-1.6734211743
2.10153802646,1.00695226651
-1.24392558289,-1.17923816679
1.7589919005,1.67859289858
0.0,0.781374098177
5.41278152534,4.18654394176
3.98351187721,3.89747362113
3.40696419874,2.08921791586
1.49476469175,0.42240304178
1.21150410519,0.0896702278588
2.63558857379,2.37583534708
0.0,-0.346878210088
2.20645087747,1.76210462631
0.758991900496,1.37954389712
-0.750021746992,0.0263450168824
-0.0703893278914,-1.017821536
-0.415037499279,0.249622717403
1.32192809489,1.80628846393
-1.39592867633,-1.02460577973
1.07617168049,3.30332814715
0.0,-0.628421035709
-0.584962500721,-0.544900909077
6.06216882109,4.45407757127
0.125530882084,1.06074183845
-0.212993723334,0.945212621016
0.199308808223,0.281680129345
1.2370391973,1.4297252797
1.0752881273,0.840083905706
0.763108008968,1.57731388398
0.796466605915,-0.298419111224
-1.66985139831,-0.386040161536
-1.80735492206,-0.922278544266
0.395062799518,-0.462120887579
6.74269220519,4.68547673397
0.48542682717,0.430268994391
-1.02424754625,-0.489201970353
-0.469485283301,-1.18946929826
1.48542682717,1.41715312143
1.45943161864,-0.690593053241
-2.80735492206,-0.882227879196
-1.05889368905,-1.40044330223
3.96639160736,2.36954347216
1.96850414707,4.34306323705
0.31315788526,0.04890749637
-0.722466024471,-0.611901676198
0.0,0.362205025788
0.241008099504,0.308078192601
0.0,0.121359677602
-0.700439718141,-1.80241209353
-0.0443941193585,-0.335614477628
1.55254102303,1.40818120389
-1.24392558289,-1.32389096773
-1.05062607307,-0.27835424701
0.5972408305,0.636520461533
-0.192645077942,-1.65336209434
-0.662965012722,-0.0239152809981
0.561032483922,2.00294354702
0.394278939112,-0.686944920091
1.03441003079,0.402905884115
0.0,-0.475447544017
1.40122392391,3.00031084906
0.86249647625,1.61986996845
4.74339186333,3.22003682816
1.36923380967,0.156141697644
-1.31120168829,-0.140079571747
0.125530882084,-1.10900699036
0.736965594166,0.550419963697
0.11547721742,-1.07420630899
2.41503749928,2.33881761994
6.19967234484,8.48646156116
0.721898146077,1.13359258905
1.01655117626,0.949914900762
-1.91253715875,-0.618765697427
2.15527822548,1.97227037515
-0.0378966077585,-0.677069932458
1.09310940439,1.3937761372
1.43295940728,-0.282317710129
-1.42084312096,-1.08914541896
3.18132976471,2.43137407908
1.07038932789,2.0132904879
1.59903768593,1.92753724875
-1.29545588353,-1.00909991198
1.70043971814,2.48447490123
0.0,0.270662682971
0.947532580106,0.897141199036
0.0,-1.21767637419
0.34792330342,0.21965375267
0.757023246507,0.757373437106
2.0,0.278016733737
6.74269220519,4.48781513763
2.80735492206,2.46431135374
0.865070419914,0.819214804683
0.125530882084,0.98601308554
-0.321928094887,-0.668300453672
0.991488500144,1.09366506793
-0.169925001442,0.222420425118
0.125530882084,-0.669354409063
0.0,-0.410016556254
-0.197939377612,-0.358054357772
-0.808805595926,1.81471429211
6.74269220519,4.41223050657
-0.584962500721,-0.411843533625
1.88264304936,1.09927358387
0.629528053155,0.209650663905
1.48542682717,1.54054963359
0.415037499279,0.505118661677
1.20163386117,1.54213375406
5.7123418072,4.14171384882
5.2288186905,4.32192581638
0.900464326449,1.20784553403
0.31315788526,0.066944154834
-0.34792330342,-0.822518314247
1.09310940439,1.55271294175
0.954196310387,0.874673080016
-0.710493382805,-1.20379588553
1.0,0.748399125317
-0.125530882084,0.16431920337
6.74269220519,4.15754487545
1.87446911792,2.0682230141
-0.415037499279,-0.672009646007
1.7589919005,1.44129519062
1.45057976474,2.20787600483
0.925999418556,0.296644693254
1.13750352375,1.96220984725
5.71424551767,6.32161530391
0.0,0.416489803908
6.09085343045,4.92246423184
-1.05062607307,-0.771931823902
2.42321143072,1.75131499511
0.321928094887,0.73756689796
0.0,-0.720062017244
1.59903768593,0.607383828519
1.36923380967,0.432245012384
-0.662965012722,-0.184386772136
1.97575245375,1.11617230233
1.07038932789,1.93368165521
0.0,-0.478328802611
0.0,-0.268835973886
1.05444778402,0.130746009892
-1.85315861167,-0.813035819882
2.3645724323,2.07257054674
1.34792330342,0.7071129388
-0.909802191028,0.262509429176
0.440572591386,-0.662696323065
0.0,0.505213460024
0.678071905113,0.571344507501
0.0,-0.862813305037
0.934904971778,1.2703798537
0.628031222613,0.851162564182
1.02907723286,1.69520655814
-0.415037499279,0.921952118336
0.925999418556,1.08145582624
0.990716759166,2.55000707013
0.691877704638,0.479767478481
1.4728521344,2.27030752336
0.0,-0.955958821715
4.86624861111,3.65889690227
-1.7589919005,-0.618911909554
0.865070419914,0.876336739911
3.0,1.20341226522
0.241008099504,0.268436752345
6.06216882109,7.08193747078
-0.447458976971,0.346380453553
0.241008099504,0.905111148156
-0.616671360448,-0.322696226435
-0.881355503501,-0.456394857425
0.898120385981,0.715207770186
0.48542682717,0.356906951882
0.0,0.142530714422
3.44745897697,2.90299582631
-0.559427408614,-0.640876020985
2.90689059561,2.85006828565
0.0524674198941,1.2086479129
0.0,-0.00181243394042
-0.440572591386,-0.561818685693
0.584962500721,1.13532829178
0.874469117916,0.00855893928428
-0.211504105194,0.169419256987
-4.25334100963,-2.00352462347
0.11547721742,-0.270342487068
1.37851162325,2.076312031
1.07617168049,1.82228439781
-0.932885804141,-1.2000334454
2.67807190511,2.33266348883
0.540568381363,0.521652319408
1.10691520392,1.79736561216
-0.584962500721,-0.373057070444
-0.523561956057,-1.30855383892
6.06216882109,5.99127058211
1.49131739013,3.31704491566
-0.02202630633,-0.276034045247
0.241008099504,0.344459737451
1.91253715875,1.05684029241
0.932885804141,1.03528408242
0.0,-0.0581224547599
0.765534746363,0.640750916008
1.41503749928,1.6090864984
-0.341036917835,-0.629304799944
-0.0378966077585,-0.697836230219
-0.140177658048,0.205733230599
0.847996906555,0.870233949554
1.70043971814,2.3209799647
0.0,0.678878466699
1.65207669658,1.30837423375
0.991488500144,0.623960103911
2.29768054864,3.04057393926
1.0,0.0220062089408
3.18132976471,1.9560467762
0.757023246507,0.845679683916
4.99803848367,6.4928055562
-1.35755200462,-0.259377166963
0.540568381363,-0.0114806307676
0.0,3.03484620813
1.36678233067,1.82932896643
0.0,1.7278721907
0.788495894806,1.35727901013
0.299560281859,0.957057134403
-0.192645077942,0.0212840349478
1.40122392391,3.15776357469
5.41278152534,4.12719908483
0.499571009491,0.690033594457
-0.34792330342,-1.40378693482
0.561878887608,-0.365408355962
-0.120294233718,0.0152946659783
-1.42084312096,-1.11563756038
3.18132976471,2.4427663117
0.295455883526,0.414795525368
0.0,-1.33405380106
0.786596361891,0.891185244984
1.01655117626,0.672364515599
1.97575245375,1.34583599699
-1.36678233067,-0.879851836899
0.629528053155,0.3099056331
1.69743722998,1.53247934013
0.540568381363,0.566754140868
5.2288186905,4.51942593664
0.678071905113,0.563199126148
0.263034405834,0.347199958061
1.45943161864,1.59757929285
-0.106915203917,-0.665577053086
-0.146841388329,0.0227364263198
0.304854581528,0.0220401761986
3.74250377771,3.73144493431
0.637429920615,0.898627005325
1.05444778402,1.48133769605
-0.299560281859,-0.480655966723
0.106915203917,0.338575259287
-1.10760897409,1.48299468079
1.72246602447,1.13181765724
0.865070419914,0.452764071634
-0.3677317845,-0.589166620739
1.55254102303,1.15841765203
-4.83289001416,-2.72892952519
2.29768054864,2.29472370897
4.32531868409,3.95177150461
0.719892080807,1.09127048808
0.898120385981,0.895271855984
-2.1747744011,-1.55051074593
3.98351187721,4.9479434759
-1.06413033742,-1.44277340662
0.31315788526,0.243934909654
1.16992500144,0.793178541399
0.0,-0.98024788105
0.447458976971,1.24393969008
0.222392421336,0.175022133237
-0.621488376746,-1.50314814618
0.0,-0.0518870568184
1.08746284125,1.82982039043
-0.440572591386,-0.70415345272
0.736965594166,0.495605145408
-0.547487795302,0.374199666897
-0.51457317283,-0.302449623059
1.35755200462,2.53573256692
1.10962449117,1.86008016927
0.686500527183,1.83039608573
1.37851162325,2.09093385875
1.20163386117,1.01471897786
-0.125530882084,0.387298844167
0.48542682717,0.353819471439
1.48542682717,1.50300290866
0.440572591386,1.15205113521
0.0,-1.06601052808
-1.68449817427,-0.712722699242
0.160464672193,0.962626755722
1.91253715875,1.01617847274
1.55254102303,1.30205921977
0.82032448807,2.30050880369
-0.793549122533,0.0995412871463
-0.34792330342,-0.792406738894
4.2143191208,2.87352865848
-0.341036917835,-0.3303626185
1.78256246061,3.47331902121
-0.927850214244,0.483023850479
-0.263034405834,-0.445011496828
0.956931278108,1.30088298328
-1.36923380967,-1.67695849403
2.58007200437,3.69928311459
1.22239242134,1.59922721938
-1.1838641924,-0.868176712757
1.0,-0.0204683823147
1.40696419874,1.55036975612
0.757023246507,0.876225787653
-0.736965594166,-2.07141781275
0.0,0.639778065238
-3.89947312405,-2.17581997072
0.928916901939,2.18375532215
1.7589919005,1.5411481606
-0.280107919193,-0.137178741021
0.499571009491,0.82160095245
-0.11547721742,0.298864339875
3.16485401189,3.0562006968
1.43740531231,1.28694441517
3.18132976471,2.42851769086
1.07038932789,2.08912892213
3.98351187721,3.2785367683
0.0,-0.396454353833
1.70043971814,2.3844972576
2.07038932789,2.90533749044
-0.0740005814438,-0.948892277124
-1.41503749928,-1.80219338761
0.222392421336,0.520861490147
0.830074998558,1.66712254274
1.05444778402,0.197898350269
0.192645077942,0.118809655748
1.08746284125,1.76175271194
4.82781902462,3.61949322389
-0.932885804141,-1.02261350128
0.991488500144,0.60858651588
0.678071905113,0.574587502612
0.602664502455,-0.372267432498
-3.63047715997,-2.50712031317
0.798860127892,1.00773507702
0.0,0.706535800014
-0.440572591386,-0.744225504585
2.10153802646,1.95931912577
0.678071905113,0.345724242823
0.45637829466,0.726608629303
1.04730571478,-0.175933545005
-0.535331732997,-0.472037095412
-0.125530882084,0.465254651136
0.304854581528,0.121843597894
0.0,-0.844660353437
1.45066140901,0.703977332392
-0.222392421336,2.30263453312
1.07038932789,2.36998745533
-0.643856189775,0.0754382642546
2.41503749928,2.62688634793
3.98351187721,4.2739848061
-0.640561110213,-0.678368964487
1.0,0.0704756064894
-3.34840030625,-0.88110780308
3.44745897697,3.17627638877
0.900464326449,-0.459694307398
0.788495894806,-0.00323464643568
0.736965594166,0.61333232488
-0.777607578664,-0.843746136667
-0.447458976971,0.282083927005
1.07400058144,1.70719227294
1.50250034053,1.62601067567
1.34792330342,1.48982247065
-3.89947312405,-2.24344400396
0.0,0.0111418838438
1.54056838136,1.71838158083
4.75077139369,2.94589011233
0.0692626624371,0.447332352374
1.64446351247,1.07088275223
-0.793549122533,0.0298022443572
0.0874628412503,-1.48973569285
-0.192645077942,-1.57879980006
2.04439411936,2.67513178638
0.784271308945,0.877081964989
0.695145418472,0.400095740813
0.925999418556,0.250956478525
0.65207669658,0.683971450791
-2.1747744011,-1.6275175509
-0.704544116474,-0.359653279752
0.234465253637,0.518785893111
-0.559427408614,-0.724795843107
0.0,0.430378573438
2.02974734339,1.53666889432
6.09085343045,4.68951329229
0.11547721742,-0.745963773006
-1.62449086491,-1.70756644847
4.55074678538,3.97534731363
0.584962500721,0.0307945246319
2.89239102591,2.14783882659
1.59903768593,0.667890723809
0.0430687218919,-0.723830564021
0.0,0.00157117255188
-0.211504105194,-0.0406735266054
