,DENV1_I,DENV1_II,DENV1_IV,DENV1_V,DENV2_ASIANAMERICAN,DENV2_ASIANI,DENV2_COSMOPOLITAN,DENV2_SYLVATIC,DENV3_I,DENV3_II,DENV3_III,DENV3_IV,DENV4_I,DENV4_II,DENV4_SYLVATIC
1970.0,0.1183,0.0,0.0124,0.0653,0.1355,0.0,0.0,0.0,0.0,0.0,0.0,0.0,0.0001,0.5093,0.0001
1970.0833,0.1183,0.0,0.0124,0.0653,0.1355,0.0,0.0,0.0,0.0,0.0,0.0,0.0,0.0001,0.5093,0.0001
1970.1667,0.1183,0.0,0.0124,0.0653,0.1355,0.0,0.0,0.0,0.0,0.0,0.0,0.0,0.0001,0.5093,0.0001
1970.25,0.1183,0.0,0.0124,0.0653,0.1355,0.0,0.0,0.0,0.0,0.0,0.0,0.0,0.0001,0.5093,0.0001
1970.3333,0.1183,0.0,0.0124,0.0653,0.1355,0.0,0.0,0.0,0.0,0.0,0.0,0.0,0.0001,0.5093,0.0001
1970.4167,0.1183,0.0,0.0124,0.0653,0.1355,0.0,0.0,0.0,0.0,0.0,0.0,0.0,0.0001,0.5093,0.0001
1970.5,0.1183,0.0,0.0124,0.0653,0.1355,0.0,0.0,0.0,0.0,0.0,0.0,0.0,0.0001,0.5093,0.0001
1970.5833,0.1183,0.0,0.0124,0.0653,0.1355,0.0,0.0,0.0,0.0,0.0,0.0,0.0,0.0001,0.5093,0.0001
1970.6667,0.1183,0.0,0.0124,0.0653,0.1355,0.0,0.0,0.0,0.0,0.0,0.0,0.0,0.0001,0.5093,0.0001
1970.75,0.1183,0.0,0.0124,0.0653,0.1355,0.0,0.0,0.0,0.0,0.0,0.0,0.0,0.0001,0.5093,0.0001
1970.8333,0.1183,0.0,0.0124,0.0653,0.1355,0.0,0.0,0.0,0.0,0.0,0.0,0.0,0.0001,0.5093,0.0001
1970.9167,0.1183,0.0,0.0124,0.0653,0.1355,0.0,0.0,0.0,0.0,0.0,0.0,0.0,0.0001,0.5093,0.0001
1971.0,0.1183,0.0,0.0124,0.0653,0.1355,0.0,0.0,0.0,0.0,0.0,0.0,0.0,0.0001,0.5093,0.0001
1971.0833,0.1183,0.0,0.0124,0.0653,0.1355,0.0,0.0,0.0,0.0,0.0,0.0,0.0,0.0001,0.5093,0.0001
1971.1667,0.1183,0.0,0.0124,0.0653,0.1355,0.0,0.0,0.0,0.0,0.0,0.0,0.0,0.0001,0.5093,0.0001
1971.25,0.1183,0.0,0.0124,0.0653,0.1355,0.0,0.0,0.0,0.0,0.0,0.0,0.0,0.0001,0.5093,0.0001
1971.3333,0.1183,0.0,0.0124,0.0653,0.1355,0.0,0.0,0.0,0.0,0.0,0.0,0.0,0.0001,0.5093,0.0001
1971.4167,0.1183,0.0,0.0124,0.0653,0.1355,0.0,0.0,0.0,0.0,0.0,0.0,0.0,0.0001,0.5093,0.0001
1971.5,0.1183,0.0,0.0124,0.0653,0.1355,0.0,0.0,0.0,0.0,0.0,0.0,0.0,0.0001,0.5093,0.0001
1971.5833,0.1183,0.0,0.0124,0.0653,0.1355,0.0,0.0,0.0,0.0,0.0,0.0,0.0,0.0001,0.5093,0.0001
1971.6667,0.1183,0.0,0.0124,0.0653,0.1355,0.0,0.0,0.0,0.0,0.0,0.0,0.0,0.0001,0.5093,0.0001
1971.75,0.1183,0.0,0.0124,0.0653,0.1355,0.0,0.0,0.0,0.0,0.0,0.0,0.0,0.0001,0.5093,0.0001
1971.8333,0.1183,0.0,0.0124,0.0653,0.1355,0.0,0.0,0.0,0.0,0.0,0.0,0.0,0.0001,0.5093,0.0001
1971.9167,0.1183,0.0,0.0124,0.0653,0.1355,0.0,0.0,0.0,0.0,0.0,0.0,0.0,0.0001,0.5093,0.0001
1972.0,0.1183,0.0,0.0124,0.0653,0.1355,0.0,0.0,0.0,0.0,0.0,0.0,0.0,0.0001,0.5093,0.0001
1972.0833,0.1183,0.0,0.0124,0.0653,0.1355,0.0,0.0,0.0,0.0,0.0,0.0,0.0,0.0001,0.5093,0.0001
1972.1667,0.1183,0.0,0.0124,0.0653,0.1355,0.0,0.0,0.0,0.0,0.0,0.0,0.0,0.0001,0.5093,0.0001
1972.25,0.1183,0.0,0.0124,0.0653,0.1355,0.0,0.0,0.0,0.0,0.0,0.0,0.0,0.0001,0.5093,0.0001
1972.3333,0.1183,0.0,0.0124,0.0653,0.1355,0.0,0.0,0.0,0.0,0.0,0.0,0.0,0.0001,0.5093,0.0001
1972.4167,0.1183,0.0,0.0124,0.0653,0.1355,0.0,0.0,0.0,0.0,0.0,0.0,0.0,0.0001,0.5093,0.0001
1972.5,0.1183,0.0,0.0124,0.0653,0.1355,0.0,0.0,0.0,0.0,0.0,0.0,0.0,0.0001,0.5093,0.0001
1972.5833,0.1183,0.0,0.0124,0.0653,0.1355,0.0,0.0,0.0,0.0,0.0,0.0,0.0,0.0001,0.5093,0.0001
1972.6667,0.1183,0.0,0.0124,0.0653,0.1355,0.0,0.0,0.0,0.0,0.0,0.0,0.0,0.0001,0.5093,0.0001
1972.75,0.1183,0.0,0.0124,0.0653,0.1355,0.0,0.0,0.0,0.0,0.0,0.0,0.0,0.0001,0.5093,0.0001
1972.8333,0.1183,0.0,0.0124,0.0653,0.1355,0.0,0.0,0.0,0.0,0.0,0.0,0.0,0.0001,0.5093,0.0001
1972.9167,0.1183,0.0,0.0124,0.0653,0.1355,0.0,0.0,0.0,0.0,0.0,0.0,0.0,0.0001,0.5093,0.0001
1973.0,0.1183,0.0,0.0124,0.0653,0.1355,0.0,0.0,0.0,0.0,0.0,0.0,0.0,0.0001,0.5093,0.0001
1973.0833,0.1183,0.0,0.0124,0.0653,0.1355,0.0,0.0,0.0,0.0,0.0,0.0,0.0,0.0001,0.5093,0.0001
1973.1667,0.1183,0.0,0.0124,0.0653,0.1355,0.0,0.0,0.0,0.0,0.0,0.0,0.0,0.0001,0.5093,0.0001
1973.25,0.1183,0.0,0.0124,0.0653,0.1355,0.0,0.0,0.0,0.0,0.0,0.0,0.0,0.0001,0.5093,0.0001
1973.3333,0.1183,0.0,0.0124,0.0653,0.1355,0.0,0.0,0.0,0.0,0.0,0.0,0.0,0.0001,0.5093,0.0001
1973.4167,0.1183,0.0,0.0124,0.0653,0.1355,0.0,0.0,0.0,0.0,0.0,0.0,0.0,0.0001,0.5093,0.0001
1973.5,0.1183,0.0,0.0124,0.0653,0.1355,0.0,0.0,0.0,0.0,0.0,0.0,0.0,0.0001,0.5093,0.0001
1973.5833,0.1183,0.0,0.0124,0.0653,0.1355,0.0,0.0,0.0,0.0,0.0,0.0,0.0,0.0001,0.5093,0.0001
1973.6667,0.1183,0.0,0.0124,0.0653,0.1355,0.0,0.0,0.0,0.0,0.0,0.0,0.0,0.0001,0.5093,0.0001
1973.75,0.1183,0.0,0.0124,0.0653,0.1355,0.0,0.0,0.0,0.0,0.0,0.0,0.0,0.0001,0.5093,0.0001
1973.8333,0.1183,0.0,0.0124,0.0653,0.1355,0.0,0.0,0.0,0.0,0.0,0.0,0.0,0.0001,0.5093,0.0001
1973.9167,0.1183,0.0,0.0124,0.0653,0.1355,0.0,0.0,0.0,0.0,0.0,0.0,0.0,0.0001,0.5093,0.0001
1974.0,0.1183,0.0,0.0124,0.0653,0.1355,0.0,0.0,0.0,0.0,0.0,0.0,0.0,0.0001,0.5093,0.0001
1974.0833,0.1183,0.0,0.0124,0.0653,0.1355,0.0,0.0,0.0,0.0,0.0,0.0,0.0,0.0001,0.5093,0.0001
1974.1667,0.1183,0.0,0.0124,0.0653,0.1355,0.0,0.0,0.0,0.0,0.0,0.0,0.0,0.0001,0.5093,0.0001
1974.25,0.1183,0.0,0.0124,0.0653,0.1355,0.0,0.0,0.0,0.0,0.0,0.0,0.0,0.0001,0.5093,0.0001
1974.3333,0.1183,0.0,0.0124,0.0653,0.1355,0.0,0.0,0.0,0.0,0.0,0.0,0.0,0.0001,0.5093,0.0001
1974.4167,0.1183,0.0,0.0124,0.0653,0.1355,0.0,0.0,0.0,0.0,0.0,0.0,0.0,0.0001,0.5093,0.0001
1974.5,0.1183,0.0,0.0124,0.0653,0.1355,0.0,0.0,0.0,0.0,0.0,0.0,0.0,0.0001,0.5093,0.0001
1974.5833,0.1183,0.0,0.0124,0.0653,0.1355,0.0,0.0,0.0,0.0,0.0,0.0,0.0,0.0001,0.5093,0.0001
1974.6667,0.1183,0.0,0.0124,0.0653,0.1355,0.0,0.0,0.0,0.0,0.0,0.0,0.0,0.0001,0.5093,0.0001
1974.75,0.1183,0.0,0.0124,0.0653,0.1355,0.0,0.0,0.0,0.0,0.0,0.0,0.0,0.0001,0.5093,0.0001
1974.8333,0.1183,0.0,0.0124,0.0653,0.1355,0.0,0.0,0.0,0.0,0.0,0.0,0.0,0.0001,0.5093,0.0001
1974.9167,0.1183,0.0,0.0124,0.0653,0.1355,0.0,0.0,0.0,0.0,0.0,0.0,0.0,0.0001,0.5093,0.0001
1975.0,0.1183,0.0,0.0124,0.0653,0.1355,0.0,0.0,0.0,0.0,0.0,0.0,0.0,0.0001,0.5093,0.0001
1975.0833,0.1183,0.0,0.0124,0.0653,0.1355,0.0,0.0,0.0,0.0,0.0,0.0,0.0,0.0001,0.5093,0.0001
1975.1667,0.1183,0.0,0.0124,0.0653,0.1355,0.0,0.0,0.0,0.0,0.0,0.0,0.0,0.0001,0.5093,0.0001
1975.25,0.1183,0.0,0.0124,0.0653,0.1355,0.0,0.0,0.0,0.0,0.0,0.0,0.0,0.0001,0.5093,0.0001
1975.3333,0.1183,0.0,0.0124,0.0653,0.1355,0.0,0.0,0.0,0.0,0.0,0.0,0.0,0.0001,0.5093,0.0001
1975.4167,0.1183,0.0,0.0124,0.0653,0.1355,0.0,0.0,0.0,0.0,0.0,0.0,0.0,0.0001,0.5093,0.0001
1975.5,0.1183,0.0,0.0124,0.0653,0.1355,0.0,0.0,0.0,0.0,0.0,0.0,0.0,0.0001,0.5093,0.0001
1975.5833,0.1183,0.0,0.0124,0.0653,0.1355,0.0,0.0,0.0,0.0,0.0,0.0,0.0,0.0001,0.5093,0.0001
1975.6667,0.1183,0.0,0.0124,0.0653,0.1355,0.0,0.0,0.0,0.0,0.0,0.0,0.0,0.0001,0.5093,0.0001
1975.75,0.1183,0.0,0.0124,0.0653,0.1355,0.0,0.0,0.0,0.0,0.0,0.0,0.0,0.0001,0.5093,0.0001
1975.8333,0.1183,0.0,0.0124,0.0653,0.1355,0.0,0.0,0.0,0.0,0.0,0.0,0.0,0.0001,0.5093,0.0001
1975.9167,0.1183,0.0,0.0124,0.0653,0.1355,0.0,0.0,0.0,0.0,0.0,0.0,0.0,0.0001,0.5093,0.0001
1976.0,0.1183,0.0,0.0124,0.0653,0.1355,0.0,0.0,0.0,0.0,0.0,0.0,0.0,0.0001,0.5093,0.0001
1976.0833,0.1183,0.0,0.0124,0.0653,0.1355,0.0,0.0,0.0,0.0,0.0,0.0,0.0,0.0001,0.5093,0.0001
1976.1667,0.1183,0.0,0.0124,0.0653,0.1355,0.0,0.0,0.0,0.0,0.0,0.0,0.0,0.0001,0.5093,0.0001
1976.25,0.1183,0.0,0.0124,0.0653,0.1355,0.0,0.0,0.0,0.0,0.0,0.0,0.0,0.0001,0.5093,0.0001
1976.3333,0.1183,0.0,0.0124,0.0653,0.1355,0.0,0.0,0.0,0.0,0.0,0.0,0.0,0.0001,0.5093,0.0001
1976.4167,0.1183,0.0,0.0124,0.0653,0.1355,0.0,0.0,0.0,0.0,0.0,0.0,0.0,0.0001,0.5093,0.0001
1976.5,0.1183,0.0,0.0124,0.0653,0.1355,0.0,0.0,0.0,0.0,0.0,0.0,0.0,0.0001,0.5093,0.0001
1976.5833,0.1183,0.0,0.0124,0.0653,0.1355,0.0,0.0,0.0,0.0,0.0,0.0,0.0,0.0001,0.5093,0.0001
1976.6667,0.1183,0.0,0.0124,0.0653,0.1355,0.0,0.0,0.0,0.0,0.0,0.0,0.0,0.0001,0.5093,0.0001
1976.75,0.1183,0.0,0.0124,0.0653,0.1355,0.0,0.0,0.0,0.0,0.0,0.0,0.0,0.0001,0.5093,0.0001
1976.8333,0.1183,0.0,0.0124,0.0653,0.1355,0.0,0.0,0.0,0.0,0.0,0.0,0.0,0.0001,0.5093,0.0001
1976.9167,0.1183,0.0,0.0124,0.0653,0.1355,0.0,0.0,0.0,0.0,0.0,0.0,0.0,0.0001,0.5093,0.0001
1977.0,0.1183,0.0,0.0124,0.0653,0.1355,0.0,0.0,0.0,0.0,0.0,0.0,0.0,0.0001,0.5093,0.0001
1977.0833,0.1183,0.0,0.0124,0.0653,0.1355,0.0,0.0,0.0,0.0,0.0,0.0,0.0,0.0001,0.5093,0.0001
1977.1667,0.1183,0.0,0.0124,0.0653,0.1355,0.0,0.0,0.0,0.0,0.0,0.0,0.0,0.0001,0.5093,0.0001
1977.25,0.1183,0.0,0.0124,0.0653,0.1355,0.0,0.0,0.0,0.0,0.0,0.0,0.0,0.0001,0.5093,0.0001
1977.3333,0.1183,0.0,0.0124,0.0653,0.1355,0.0,0.0,0.0,0.0,0.0,0.0,0.0,0.0001,0.5093,0.0001
1977.4167,0.1183,0.0,0.0124,0.0653,0.1355,0.0,0.0,0.0,0.0,0.0,0.0,0.0,0.0001,0.5093,0.0001
1977.5,0.1183,0.0,0.0124,0.0653,0.1355,0.0,0.0,0.0,0.0,0.0,0.0,0.0,0.0001,0.5093,0.0001
1977.5833,0.1183,0.0,0.0124,0.0653,0.1355,0.0,0.0,0.0,0.0,0.0,0.0,0.0,0.0001,0.5093,0.0001
1977.6667,0.1183,0.0,0.0124,0.0653,0.1355,0.0,0.0,0.0,0.0,0.0,0.0,0.0,0.0001,0.5093,0.0001
1977.75,0.1183,0.0,0.0124,0.0653,0.1355,0.0,0.0,0.0,0.0,0.0,0.0,0.0,0.0001,0.5093,0.0001
1977.8333,0.1183,0.0,0.0124,0.0653,0.1355,0.0,0.0,0.0,0.0,0.0,0.0,0.0,0.0001,0.5093,0.0001
1977.9167,0.1183,0.0,0.0124,0.0653,0.1355,0.0,0.0,0.0,0.0,0.0,0.0,0.0,0.0001,0.5093,0.0001
1978.0,0.1183,0.0,0.0124,0.0653,0.1355,0.0,0.0,0.0,0.0,0.0,0.0,0.0,0.0001,0.5093,0.0001
1978.0833,0.1183,0.0,0.0124,0.0653,0.1355,0.0,0.0,0.0,0.0,0.0,0.0,0.0,0.0001,0.5093,0.0001
1978.1667,0.1183,0.0,0.0124,0.0653,0.1355,0.0,0.0,0.0,0.0,0.0,0.0,0.0,0.0001,0.5093,0.0001
1978.25,0.1183,0.0,0.0124,0.0653,0.1355,0.0,0.0,0.0,0.0,0.0,0.0,0.0,0.0001,0.5093,0.0001
1978.3333,0.1183,0.0,0.0124,0.0653,0.1355,0.0,0.0,0.0,0.0,0.0,0.0,0.0,0.0001,0.5093,0.0001
1978.4167,0.1183,0.0,0.0124,0.0653,0.1355,0.0,0.0,0.0,0.0,0.0,0.0,0.0,0.0001,0.5093,0.0001
1978.5,0.1183,0.0,0.0124,0.0653,0.1355,0.0,0.0,0.0,0.0,0.0,0.0,0.0,0.0001,0.5093,0.0001
1978.5833,0.1183,0.0,0.0124,0.0653,0.1355,0.0,0.0,0.0,0.0,0.0,0.0,0.0,0.0001,0.5093,0.0001
1978.6667,0.1183,0.0,0.0124,0.0653,0.1355,0.0,0.0,0.0,0.0,0.0,0.0,0.0,0.0001,0.5093,0.0001
1978.75,0.1183,0.0,0.0124,0.0653,0.1355,0.0,0.0,0.0,0.0,0.0,0.0,0.0,0.0001,0.5093,0.0001
1978.8333,0.1183,0.0,0.0124,0.0653,0.1355,0.0,0.0,0.0,0.0,0.0,0.0,0.0,0.0001,0.5093,0.0001
1978.9167,0.1183,0.0,0.0124,0.0653,0.1355,0.0,0.0,0.0,0.0,0.0,0.0,0.0,0.0001,0.5093,0.0001
1979.0,0.1183,0.0,0.0124,0.0653,0.1355,0.0,0.0,0.0,0.0,0.0,0.0,0.0,0.0001,0.5093,0.0001
1979.0833,0.1183,0.0,0.0124,0.0653,0.1355,0.0,0.0,0.0,0.0,0.0,0.0,0.0,0.0001,0.5093,0.0001
1979.1667,0.1183,0.0,0.0124,0.0653,0.1355,0.0,0.0,0.0,0.0,0.0,0.0,0.0,0.0001,0.5093,0.0001
1979.25,0.1183,0.0,0.0124,0.0653,0.1355,0.0,0.0,0.0,0.0,0.0,0.0,0.0,0.0001,0.5093,0.0001
1979.3333,0.1183,0.0,0.0124,0.0653,0.1355,0.0,0.0,0.0,0.0,0.0,0.0,0.0,0.0001,0.5093,0.0001
1979.4167,0.1183,0.0,0.0124,0.0653,0.1355,0.0,0.0,0.0,0.0,0.0,0.0,0.0,0.0001,0.5093,0.0001
1979.5,0.1183,0.0,0.0124,0.0653,0.1355,0.0,0.0,0.0,0.0,0.0,0.0,0.0,0.0001,0.5093,0.0001
1979.5833,0.1183,0.0,0.0124,0.0653,0.1355,0.0,0.0,0.0,0.0,0.0,0.0,0.0,0.0001,0.5093,0.0001
1979.6667,0.1183,0.0,0.0124,0.0653,0.1355,0.0,0.0,0.0,0.0,0.0,0.0,0.0,0.0001,0.5093,0.0001
1979.75,0.1183,0.0,0.0124,0.0653,0.1355,0.0,0.0,0.0,0.0,0.0,0.0,0.0,0.0001,0.5093,0.0001
1979.8333,0.1183,0.0,0.0124,0.0653,0.1355,0.0,0.0,0.0,0.0,0.0,0.0,0.0,0.0001,0.5093,0.0001
1979.9167,0.1183,0.0,0.0124,0.0653,0.1355,0.0,0.0,0.0,0.0,0.0,0.0,0.0,0.0001,0.5093,0.0001
1980.0,0.1183,0.0,0.0124,0.0653,0.1355,0.0,0.0,0.0,0.0,0.0,0.0,0.0,0.0001,0.5093,0.0001
1980.0833,0.1183,0.0,0.0124,0.0653,0.1355,0.0,0.0,0.0,0.0,0.0,0.0,0.0,0.0001,0.5093,0.0001
1980.1667,0.1183,0.0,0.0124,0.0653,0.1355,0.0,0.0,0.0,0.0,0.0,0.0,0.0,0.0001,0.5093,0.0001
1980.25,0.1183,0.0,0.0124,0.0653,0.1355,0.0,0.0,0.0,0.0,0.0,0.0,0.0,0.0001,0.5093,0.0001
1980.3333,0.1183,0.0,0.0124,0.0653,0.1355,0.0,0.0,0.0,0.0,0.0,0.0,0.0,0.0001,0.5093,0.0001
1980.4167,0.1183,0.0,0.0124,0.0653,0.1355,0.0,0.0,0.0,0.0,0.0,0.0,0.0,0.0001,0.5093,0.0001
1980.5,0.1183,0.0,0.0124,0.0653,0.1355,0.0,0.0,0.0,0.0,0.0,0.0,0.0,0.0001,0.5093,0.0001
1980.5833,0.1183,0.0,0.0124,0.0653,0.1355,0.0,0.0,0.0,0.0,0.0,0.0,0.0,0.0001,0.5093,0.0001
1980.6667,0.1183,0.0,0.0124,0.0653,0.1355,0.0,0.0,0.0,0.0,0.0,0.0,0.0,0.0001,0.5093,0.0001
1980.75,0.1183,0.0,0.0124,0.0653,0.1355,0.0,0.0,0.0,0.0,0.0,0.0,0.0,0.0001,0.5093,0.0001
1980.8333,0.1183,0.0,0.0124,0.0653,0.1355,0.0,0.0,0.0,0.0,0.0,0.0,0.0,0.0001,0.5093,0.0001
1980.9167,0.1183,0.0,0.0124,0.0653,0.1355,0.0,0.0,0.0,0.0,0.0,0.0,0.0,0.0001,0.5093,0.0001
1981.0,0.1183,0.0,0.0124,0.0653,0.1355,0.0,0.0,0.0,0.0,0.0,0.0,0.0,0.0001,0.5093,0.0001
1981.0833,0.1183,0.0,0.0124,0.0653,0.1355,0.0,0.0,0.0,0.0,0.0,0.0,0.0,0.0001,0.5093,0.0001
1981.1667,0.1183,0.0,0.0124,0.0653,0.1355,0.0,0.0,0.0,0.0,0.0,0.0,0.0,0.0001,0.5093,0.0001
1981.25,0.1183,0.0,0.0124,0.0653,0.1355,0.0,0.0,0.0,0.0,0.0,0.0,0.0,0.0001,0.5093,0.0001
1981.3333,0.1183,0.0,0.0124,0.0653,0.1355,0.0,0.0,0.0,0.0,0.0,0.0,0.0,0.0001,0.5093,0.0001
1981.4167,0.1183,0.0,0.0124,0.0653,0.1355,0.0,0.0,0.0,0.0,0.0,0.0,0.0,0.0001,0.5093,0.0001
1981.5,0.1183,0.0,0.0124,0.0653,0.1355,0.0,0.0,0.0,0.0,0.0,0.0,0.0,0.0001,0.5093,0.0001
1981.5833,0.1183,0.0,0.0124,0.0653,0.1355,0.0,0.0,0.0,0.0,0.0,0.0,0.0,0.0001,0.5093,0.0001
1981.6667,0.1183,0.0,0.0124,0.0653,0.1355,0.0,0.0,0.0,0.0,0.0,0.0,0.0,0.0001,0.5093,0.0001
1981.75,0.1183,0.0,0.0124,0.0653,0.1354,0.0,0.0,0.0,0.0,0.0,0.0,0.0,0.0001,0.5095,0.0001
1981.8333,0.1184,0.0,0.0124,0.0653,0.1351,0.0,0.0,0.0,0.0,0.0,0.0,0.0,0.0001,0.5098,0.0001
1981.9167,0.1185,0.0,0.0124,0.0654,0.1347,0.0,0.0,0.0,0.0,0.0,0.0,0.0,0.0001,0.5103,0.0001
1982.0,0.1187,0.0,0.0124,0.0655,0.1342,0.0,0.0,0.0,0.0,0.0,0.0,0.0,0.0001,0.511,0.0001
1982.0833,0.1207,0.0,0.0126,0.0666,0.1369,0.0,0.0,0.0,0.0,0.0,0.0,0.0,0.0001,0.5018,0.0001
1982.1667,0.1228,0.0,0.0128,0.0678,0.1395,0.0,0.0,0.0,0.0,0.0,0.0,0.0,0.0,0.4928,0.0
1982.25,0.125,0.0,0.0131,0.069,0.1423,0.0,0.0,0.0,0.0,0.0,0.0,0.0,0.0,0.4832,0.0
1982.3333,0.1276,0.0,0.0133,0.0704,0.1459,0.0,0.0,0.0,0.0,0.0,0.0,0.0,0.0,0.4712,0.0
1982.4167,0.1302,0.0,0.0136,0.0719,0.1494,0.0,0.0,0.0,0.0,0.0,0.0,0.0,0.0,0.4594,0.0
1982.5,0.1328,0.0,0.0139,0.0733,0.1528,0.0,0.0,0.0,0.0,0.0,0.0,0.0,0.0,0.448,0.0
1982.5833,0.1353,0.0,0.0141,0.0747,0.1561,0.0,0.0,0.0,0.0,0.0,0.0,0.0,0.0,0.4367,0.0
1982.6667,0.1378,0.0,0.0144,0.076,0.1593,0.0,0.0,0.0,0.0,0.0,0.0,0.0,0.0,0.4258,0.0
1982.75,0.1402,0.0,0.0146,0.0774,0.1624,0.0,0.0,0.0,0.0,0.0,0.0,0.0,0.0,0.415,0.0
1982.8333,0.1427,0.0,0.0149,0.0788,0.1654,0.0,0.0,0.0,0.0,0.0,0.0,0.0,0.0,0.4045,0.0
1982.9167,0.1451,0.0,0.0152,0.0801,0.1682,0.0,0.0,0.0,0.0,0.0,0.0,0.0,0.0,0.3943,0.0
1983.0,0.1475,0.0,0.0154,0.0814,0.171,0.0,0.0,0.0,0.0,0.0,0.0,0.0,0.0,0.3843,0.0
1983.0833,0.1498,0.0,0.0156,0.0827,0.1737,0.0,0.0,0.0,0.0,0.0,0.0,0.0,0.0,0.3746,0.0
1983.1667,0.1521,0.0,0.0159,0.084,0.1763,0.0,0.0,0.0,0.0,0.0,0.0,0.0,0.0,0.3652,0.0
1983.25,0.1544,0.0,0.0161,0.0852,0.1788,0.0,0.0,0.0,0.0,0.0,0.0,0.0,0.0,0.3559,0.0
1983.3333,0.1566,0.0,0.0164,0.0864,0.1813,0.0,0.0,0.0,0.0,0.0,0.0,0.0,0.0,0.3468,0.0
1983.4167,0.1587,0.0,0.0166,0.0876,0.1838,0.0,0.0,0.0,0.0,0.0,0.0,0.0,0.0,0.3379,0.0
1983.5,0.1608,0.0,0.0168,0.0888,0.1863,0.0,0.0,0.0,0.0,0.0,0.0,0.0,0.0,0.329,0.0
1983.5833,0.1628,0.0,0.017,0.0899,0.1889,0.0,0.0,0.0,0.0,0.0,0.0,0.0,0.0,0.3202,0.0
1983.6667,0.1647,0.0,0.0172,0.0909,0.1914,0.0,0.0,0.0,0.0,0.0,0.0,0.0,0.0,0.3115,0.0
1983.75,0.1666,0.0,0.0174,0.092,0.194,0.0,0.0,0.0,0.0,0.0,0.0,0.0,0.0,0.303,0.0
1983.8333,0.1685,0.0,0.0176,0.093,0.1965,0.0,0.0,0.0,0.0,0.0,0.0,0.0,0.0,0.2946,0.0
1983.9167,0.1703,0.0,0.0178,0.094,0.1989,0.0,0.0,0.0,0.0,0.0,0.0,0.0,0.0,0.2864,0.0
1984.0,0.1721,0.0,0.018,0.095,0.2012,0.0,0.0,0.0,0.0,0.0,0.0,0.0,0.0,0.2784,0.0
1984.0833,0.1738,0.0,0.0182,0.096,0.2035,0.0,0.0,0.0,0.0,0.0,0.0,0.0,0.0,0.2706,0.0
1984.1667,0.1755,0.0,0.0183,0.0969,0.2058,0.0,0.0,0.0,0.0,0.0,0.0,0.0,0.0,0.2629,0.0
1984.25,0.1771,0.0,0.0185,0.0978,0.2082,0.0,0.0,0.0,0.0,0.0,0.0,0.0,0.0,0.2554,0.0
1984.3333,0.1786,0.0,0.0187,0.0986,0.2105,0.0,0.0,0.0,0.0,0.0,0.0,0.0,0.0,0.2479,0.0
1984.4167,0.18,0.0,0.0188,0.0994,0.2129,0.0,0.0,0.0,0.0,0.0,0.0,0.0,0.0,0.2406,0.0
1984.5,0.1813,0.0,0.0189,0.1001,0.2153,0.0,0.0,0.0,0.0,0.0,0.0,0.0,0.0,0.2334,0.0
1984.5833,0.1826,0.0,0.0191,0.1008,0.2177,0.0,0.0,0.0,0.0,0.0,0.0,0.0,0.0,0.2264,0.0
1984.6667,0.1839,0.0,0.0192,0.1015,0.22,0.0,0.0,0.0,0.0,0.0,0.0,0.0,0.0,0.2195,0.0
1984.75,0.1851,0.0,0.0193,0.1022,0.2221,0.0,0.0,0.0,0.0,0.0,0.0,0.0,0.0,0.2129,0.0
1984.8333,0.1864,0.0,0.0195,0.1029,0.2242,0.0,0.0,0.0,0.0,0.0,0.0,0.0,0.0,0.2065,0.0
1984.9167,0.1875,0.0,0.0196,0.1035,0.2263,0.0,0.0,0.0,0.0,0.0,0.0,0.0,0.0,0.2004,0.0
1985.0,0.1885,0.0,0.0197,0.1041,0.2282,0.0,0.0,0.0,0.0,0.0,0.0,0.0,0.0,0.1946,0.0
1985.0833,0.1894,0.0,0.0198,0.1045,0.2302,0.0,0.0,0.0,0.0,0.0,0.0,0.0,0.0,0.1893,0.0
1985.1667,0.19,0.0,0.0198,0.1049,0.2322,0.0,0.0,0.0,0.0,0.0,0.0,0.0,0.0,0.1842,0.0
1985.25,0.1906,0.0,0.0199,0.1052,0.2342,0.0,0.0,0.0,0.0,0.0,0.0,0.0,0.0,0.1793,0.0
1985.3333,0.1912,0.0,0.02,0.1055,0.2362,0.0,0.0,0.0,0.0,0.0,0.0,0.0,0.0,0.1743,0.0
1985.4167,0.1916,0.0,0.02,0.1058,0.2383,0.0,0.0,0.0,0.0,0.0,0.0,0.0,0.0,0.1695,0.0
1985.5,0.1919,0.0,0.02,0.1059,0.2404,0.0,0.0,0.0,0.0,0.0,0.0,0.0,0.0,0.1648,0.0
1985.5833,0.1922,0.0,0.0201,0.1061,0.2426,0.0,0.0,0.0,0.0,0.0,0.0,0.0,0.0,0.1602,0.0
1985.6667,0.1925,0.0,0.0201,0.1063,0.2448,0.0,0.0,0.0,0.0,0.0,0.0,0.0,0.0,0.1554,0.0
1985.75,0.1927,0.0,0.0201,0.1064,0.2471,0.0,0.0,0.0,0.0,0.0,0.0,0.0,0.0,0.1505,0.0
1985.8333,0.1929,0.0,0.0201,0.1065,0.2494,0.0,0.0,0.0,0.0,0.0,0.0,0.0,0.0,0.1458,0.0
1985.9167,0.1929,0.0,0.0202,0.1065,0.2518,0.0,0.0,0.0,0.0,0.0,0.0,0.0,0.0,0.1411,0.0
1986.0,0.1929,0.0,0.0202,0.1065,0.2542,0.0,0.0,0.0,0.0,0.0,0.0,0.0,0.0,0.1365,0.0
1986.0833,0.1924,0.0,0.0201,0.1062,0.2565,0.0,0.0,0.0,0.0,0.0,0.0,0.0,0.0,0.1332,0.0
1986.1667,0.1917,0.0,0.02,0.1058,0.2588,0.0,0.0,0.0,0.0,0.0,0.0,0.0,0.0,0.1302,0.0
1986.25,0.1909,0.0,0.0199,0.1054,0.2611,0.0,0.0,0.0,0.0,0.0,0.0,0.0,0.0,0.1274,0.0
1986.3333,0.19,0.0,0.0198,0.1049,0.2634,0.0,0.0,0.0001,0.0,0.0,0.0,0.0,0.0,0.1247,0.0
1986.4167,0.1898,0.0,0.0198,0.1048,0.2647,0.0,0.0,0.0001,0.0,0.0,0.0,0.0,0.0,0.1227,0.0
1986.5,0.1903,0.0,0.0199,0.1051,0.2649,0.0,0.0,0.0001,0.0,0.0,0.0,0.0,0.0,0.1213,0.0
1986.5833,0.1907,0.0,0.0199,0.1053,0.2652,0.0,0.0,0.0001,0.0,0.0,0.0,0.0,0.0,0.12,0.0
1986.6667,0.1911,0.0,0.02,0.1055,0.2656,0.0,0.0,0.0001,0.0,0.0,0.0,0.0,0.0,0.1186,0.0
1986.75,0.1913,0.0,0.02,0.1056,0.266,0.0,0.0,0.0001,0.0,0.0,0.0,0.0,0.0,0.1172,0.0
1986.8333,0.1916,0.0,0.02,0.1057,0.2666,0.0,0.0,0.0001,0.0,0.0,0.0,0.0,0.0,0.1157,0.0
1986.9167,0.1917,0.0,0.02,0.1058,0.2672,0.0,0.0,0.0001,0.0,0.0,0.0,0.0,0.0,0.1143,0.0
1987.0,0.192,0.0,0.02,0.106,0.2677,0.0,0.0,0.0001,0.0,0.0,0.0,0.0,0.0,0.1127,0.0
1987.0833,0.1938,0.0,0.0202,0.107,0.2683,0.0,0.0,0.0001,0.0,0.0,0.0,0.0,0.0,0.1121,0.0
1987.1667,0.1956,0.0,0.0204,0.108,0.2688,0.0,0.0,0.0001,0.0,0.0,0.0,0.0,0.0,0.1114,0.0
1987.25,0.1974,0.0,0.0206,0.109,0.2694,0.0,0.0,0.0001,0.0,0.0,0.0,0.0,0.0,0.1108,0.0
1987.3333,0.1996,0.0,0.0208,0.1102,0.27,0.0,0.0,0.0,0.0,0.0,0.0,0.0,0.0,0.1105,0.0
1987.4167,0.2029,0.0,0.0212,0.112,0.2705,0.0,0.0,0.0,0.0,0.0,0.0,0.0,0.0,0.111,0.0
1987.5,0.2061,0.0,0.0215,0.1138,0.271,0.0,0.0,0.0,0.0,0.0,0.0,0.0,0.0,0.1114,0.0
1987.5833,0.2093,0.0,0.0219,0.1155,0.2714,0.0,0.0,0.0,0.0,0.0,0.0,0.0,0.0,0.1118,0.0
1987.6667,0.2123,0.0,0.0222,0.1172,0.2719,0.0,0.0,0.0,0.0,0.0,0.0,0.0,0.0,0.1122,0.0
1987.75,0.2152,0.0,0.0225,0.1188,0.2725,0.0,0.0,0.0,0.0,0.0,0.0,0.0,0.0,0.1125,0.0
1987.8333,0.2181,0.0,0.0228,0.1204,0.2732,0.0,0.0,0.0,0.0,0.0,0.0,0.0,0.0,0.1127,0.0
1987.9167,0.2209,0.0,0.0231,0.122,0.2738,0.0,0.0,0.0,0.0,0.0,0.0,0.0,0.0,0.1128,0.0
1988.0,0.2237,0.0,0.0234,0.1235,0.2744,0.0,0.0,0.0,0.0,0.0,0.0,0.0,0.0,0.1129,0.0
1988.0833,0.2265,0.0,0.0237,0.125,0.2749,0.0,0.0,0.0,0.0,0.0,0.0,0.0,0.0,0.1129,0.0
1988.1667,0.2292,0.0,0.0239,0.1265,0.2754,0.0,0.0,0.0,0.0,0.0,0.0,0.0,0.0,0.1128,0.0
1988.25,0.2319,0.0,0.0242,0.128,0.2757,0.0,0.0,0.0,0.0,0.0,0.0,0.0,0.0,0.1129,0.0
1988.3333,0.2346,0.0,0.0245,0.1295,0.2759,0.0,0.0,0.0,0.0,0.0,0.0,0.0,0.0,0.113,0.0
1988.4167,0.2373,0.0,0.0248,0.131,0.2759,0.0,0.0,0.0,0.0,0.0,0.0,0.0,0.0,0.1131,0.0
1988.5,0.2401,0.0,0.0251,0.1326,0.2757,0.0,0.0,0.0,0.0,0.0,0.0,0.0,0.0,0.1131,0.0
1988.5833,0.243,0.0,0.0254,0.1341,0.2754,0.0,0.0,0.0,0.0,0.0,0.0,0.0,0.0,0.1132,0.0
1988.6667,0.2458,0.0,0.0257,0.1358,0.275,0.0,0.0,0.0,0.0,0.0,0.0,0.0,0.0,0.1132,0.0
1988.75,0.2486,0.0,0.026,0.1374,0.2745,0.0,0.0,0.0,0.0,0.0,0.0,0.0,0.0,0.1131,0.0
1988.8333,0.2514,0.0,0.0263,0.139,0.2741,0.0,0.0,0.0,0.0,0.0,0.0,0.0,0.0,0.113,0.0
1988.9167,0.2541,0.0,0.0265,0.1405,0.2738,0.0,0.0,0.0,0.0,0.0,0.0,0.0,0.0,0.1127,0.0
1989.0,0.2567,0.0,0.0268,0.142,0.2736,0.0,0.0,0.0,0.0,0.0,0.0,0.0,0.0,0.1123,0.0
1989.0833,0.2574,0.0,0.0269,0.1419,0.2759,0.0,0.0,0.0,0.0,0.0,0.0,0.0,0.0,0.1121,0.0
1989.1667,0.258,0.0,0.0269,0.1418,0.2784,0.0,0.0,0.0,0.0,0.0,0.0,0.0,0.0,0.1118,0.0
1989.25,0.2585,0.0,0.027,0.1416,0.2809,0.0,0.0,0.0,0.0,0.0,0.0,0.0,0.0,0.1115,0.0
1989.3333,0.2589,0.0,0.027,0.1413,0.2835,0.0,0.0,0.0,0.0,0.0,0.0,0.0,0.0,0.1114,0.0
1989.4167,0.2594,0.0,0.0271,0.141,0.2859,0.0,0.0,0.0,0.0,0.0,0.0,0.0,0.0,0.1113,0.0
1989.5,0.2598,0.0,0.0271,0.1408,0.2882,0.0,0.0,0.0,0.0,0.0,0.0,0.0,0.0,0.1112,0.0
1989.5833,0.2604,0.0,0.0272,0.1407,0.2903,0.0,0.0,0.0,0.0,0.0,0.0,0.0,0.0,0.1112,0.0
1989.6667,0.2605,0.0,0.0272,0.1407,0.2929,0.0,0.0,0.0,0.0,0.0,0.0,0.0,0.0,0.1114,0.0
1989.75,0.2594,0.0,0.0271,0.1408,0.2971,0.0,0.0,0.0,0.0,0.0,0.0,0.0,0.0,0.1119,0.0
1989.8333,0.2583,0.0,0.027,0.141,0.3013,0.0,0.0,0.0,0.0,0.0,0.0,0.0,0.0,0.1123,0.0
1989.9167,0.2572,0.0,0.0269,0.1412,0.3055,0.0,0.0,0.0,0.0,0.0,0.0,0.0,0.0,0.1127,0.0
1990.0,0.2561,0.0,0.0267,0.1413,0.3099,0.0,0.0,0.0,0.0,0.0,0.0,0.0,0.0,0.113,0.0
1990.0833,0.2531,0.0,0.0264,0.1399,0.3171,0.0,0.0,0.0,0.0,0.0,0.0,0.0,0.0,0.1134,0.0
1990.1667,0.2501,0.0,0.0261,0.1384,0.3246,0.0,0.0,0.0,0.0,0.0,0.0,0.0,0.0,0.1137,0.0
1990.25,0.2468,0.0,0.0258,0.1368,0.3326,0.0,0.0,0.0,0.0,0.0,0.0,0.0,0.0,0.1138,0.0
1990.3333,0.2434,0.0,0.0254,0.1352,0.3411,0.0,0.0,0.0,0.0,0.0,0.0,0.0,0.0,0.1138,0.0
1990.4167,0.2399,0.0,0.0251,0.1335,0.35,0.0,0.0,0.0,0.0,0.0,0.0,0.0,0.0,0.1136,0.0
1990.5,0.2363,0.0,0.0247,0.1317,0.3591,0.0,0.0,0.0,0.0,0.0,0.0,0.0,0.0,0.1134,0.0
1990.5833,0.2326,0.0,0.0243,0.1299,0.3683,0.0,0.0,0.0,0.0,0.0,0.0,0.0,0.0,0.1132,0.0
1990.6667,0.2289,0.0,0.0239,0.1281,0.3774,0.0,0.0,0.0,0.0,0.0,0.0,0.0,0.0,0.113,0.0
1990.75,0.2253,0.0,0.0235,0.1263,0.3863,0.0,0.0,0.0,0.0,0.0,0.0,0.0,0.0,0.1129,0.0
1990.8333,0.2219,0.0,0.0232,0.1246,0.395,0.0,0.0,0.0,0.0,0.0,0.0,0.0,0.0,0.1127,0.0
1990.9167,0.2185,0.0,0.0228,0.1229,0.4036,0.0,0.0,0.0,0.0,0.0,0.0,0.0,0.0,0.1125,0.0
1991.0,0.2151,0.0,0.0225,0.1213,0.4123,0.0,0.0,0.0,0.0,0.0,0.0,0.0,0.0,0.1124,0.0
1991.0833,0.2114,0.0,0.0221,0.12,0.419,0.0,0.0,0.0,0.0,0.0,0.0,0.0,0.0,0.1143,0.0
1991.1667,0.2076,0.0,0.0217,0.1186,0.4258,0.0,0.0,0.0,0.0,0.0,0.0,0.0,0.0,0.1161,0.0
1991.25,0.2038,0.0,0.0213,0.1172,0.4327,0.0,0.0,0.0,0.0,0.0,0.0,0.0,0.0,0.1178,0.0
1991.3333,0.1999,0.0,0.0209,0.1157,0.4399,0.0,0.0,0.0,0.0,0.0,0.0,0.0,0.0,0.1196,0.0
1991.4167,0.1959,0.0,0.0205,0.1141,0.4473,0.0,0.0,0.0,0.0,0.0,0.0,0.0,0.0,0.1212,0.0
1991.5,0.192,0.0,0.02,0.1125,0.4548,0.0,0.0,0.0,0.0,0.0,0.0,0.0,0.0,0.1228,0.0
1991.5833,0.188,0.0,0.0196,0.1109,0.4623,0.0,0.0,0.0001,0.0,0.0,0.0,0.0,0.0,0.1243,0.0
1991.6667,0.1841,0.0,0.0192,0.1093,0.4698,0.0,0.0,0.0001,0.0,0.0,0.0,0.0,0.0,0.1259,0.0
1991.75,0.181,0.0,0.0189,0.1081,0.4751,0.0,0.0,0.0001,0.0,0.0,0.0,0.0,0.0,0.1279,0.0
1991.8333,0.1787,0.0,0.0187,0.1074,0.4785,0.0,0.0,0.0001,0.0,0.0,0.0,0.0,0.0,0.1304,0.0
1991.9167,0.1763,0.0,0.0184,0.1066,0.4819,0.0,0.0,0.0001,0.0,0.0,0.0,0.0,0.0,0.1329,0.0
1992.0,0.1746,0.0,0.0182,0.1061,0.4835,0.0,0.0,0.0001,0.0,0.0,0.0,0.0,0.0,0.136,0.0
1992.0833,0.1734,0.0,0.0181,0.106,0.4833,0.0,0.0,0.0001,0.0,0.0,0.0,0.0,0.0,0.1396,0.0
1992.1667,0.1721,0.0,0.018,0.1058,0.4834,0.0,0.0,0.0001,0.0,0.0,0.0,0.0,0.0,0.1432,0.0
1992.25,0.1707,0.0,0.0178,0.1054,0.4837,0.0,0.0,0.0001,0.0,0.0,0.0,0.0,0.0,0.1467,0.0
1992.3333,0.1691,0.0,0.0177,0.105,0.4843,0.0,0.0,0.0001,0.0,0.0,0.0,0.0,0.0,0.1502,0.0
1992.4167,0.1674,0.0,0.0175,0.1045,0.4851,0.0,0.0,0.0001,0.0,0.0,0.0,0.0,0.0,0.1537,0.0
1992.5,0.1656,0.0,0.0173,0.1039,0.4862,0.0,0.0,0.0001,0.0,0.0,0.0,0.0,0.0,0.1572,0.0
1992.5833,0.1638,0.0,0.0171,0.1033,0.4873,0.0,0.0,0.0001,0.0,0.0,0.0,0.0,0.0,0.1605,0.0
1992.6667,0.1619,0.0,0.0169,0.1026,0.4885,0.0,0.0,0.0001,0.0,0.0,0.0,0.0,0.0,0.1639,0.0
1992.75,0.16,0.0,0.0167,0.1019,0.4899,0.0,0.0,0.0001,0.0,0.0,0.0,0.0,0.0,0.1671,0.0
1992.8333,0.158,0.0,0.0165,0.1011,0.4913,0.0,0.0,0.0001,0.0,0.0,0.0,0.0,0.0,0.1703,0.0
1992.9167,0.1561,0.0,0.0163,0.1003,0.4927,0.0,0.0,0.0001,0.0,0.0,0.0,0.0,0.0,0.1735,0.0
1993.0,0.1541,0.0,0.0161,0.0995,0.4942,0.0,0.0,0.0001,0.0,0.0,0.0,0.0,0.0,0.1767,0.0
1993.0833,0.1534,0.0,0.016,0.0995,0.4916,0.0,0.0,0.0001,0.0,0.0,0.0,0.0,0.0,0.1814,0.0
1993.1667,0.1538,0.0,0.0161,0.1002,0.485,0.0,0.0,0.0001,0.0,0.0,0.0,0.0,0.0,0.1879,0.0
1993.25,0.1542,0.0,0.0161,0.1009,0.4781,0.0,0.0,0.0001,0.0,0.0,0.0,0.0,0.0,0.1947,0.0
1993.3333,0.1545,0.0,0.0161,0.1016,0.4712,0.0,0.0,0.0,0.0,0.0,0.0,0.0,0.0,0.2016,0.0
1993.4167,0.1547,0.0,0.0162,0.1021,0.4643,0.0,0.0,0.0,0.0,0.0,0.0,0.0,0.0,0.2089,0.0
1993.5,0.1547,0.0,0.0162,0.1026,0.4574,0.0,0.0,0.0,0.0,0.0,0.0,0.0,0.0,0.2163,0.0
1993.5833,0.1547,0.0,0.0162,0.103,0.4506,0.0,0.0,0.0,0.0,0.0,0.0,0.0,0.0,0.2237,0.0
1993.6667,0.1544,0.0,0.0161,0.1033,0.4441,0.0,0.0,0.0,0.0,0.0,0.0,0.0,0.0,0.2312,0.0
1993.75,0.154,0.0,0.0161,0.1034,0.4378,0.0,0.0,0.0,0.0,0.0,0.0,0.0,0.0,0.2387,0.0
1993.8333,0.1534,0.0,0.016,0.1035,0.4319,0.0,0.0,0.0,0.0,0.0,0.0,0.0,0.0,0.2462,0.0
1993.9167,0.1526,0.0,0.0159,0.1034,0.4263,0.0,0.0,0.0,0.0,0.0,0.0,0.0,0.0,0.2537,0.0
1994.0,0.1517,0.0,0.0158,0.1033,0.4213,0.0,0.0,0.0,0.0,0.0,0.0,0.0,0.0,0.2608,0.0
1994.0833,0.1515,0.0,0.0158,0.1034,0.4142,0.0,0.0,0.0,0.0,0.0,0.0,0.0,0.0,0.2685,0.0
1994.1667,0.1511,0.0,0.0158,0.1034,0.4074,0.0,0.0,0.0,0.0,0.0,0.0,0.0,0.0,0.2762,0.0
1994.25,0.1506,0.0,0.0157,0.1033,0.4012,0.0,0.0,0.0,0.0,0.0,0.0,0.0,0.0,0.2835,0.0
1994.3333,0.1503,0.0,0.0157,0.1034,0.3981,0.0,0.0,0.0,0.0,0.0,0.0,0.0,0.0,0.2869,0.0
1994.4167,0.15,0.0,0.0157,0.1035,0.3953,0.0,0.0,0.0,0.0,0.0,0.0,0.0,0.0,0.2903,0.0
1994.5,0.15,0.0,0.0157,0.1038,0.3957,0.0,0.0,0.0,0.0,0.0,0.0,0.0,0.0,0.2897,0.0
1994.5833,0.15,0.0,0.0157,0.1041,0.3959,0.0,0.0,0.0,0.0,0.0,0.0,0.0,0.0,0.2892,0.0
1994.6667,0.15,0.0,0.0157,0.1044,0.3961,0.0,0.0,0.0,0.0,0.0,0.0,0.0,0.0,0.2886,0.0
1994.75,0.1505,0.0,0.0157,0.105,0.3994,0.0,0.0,0.0,0.0,0.0,0.0,0.0,0.0,0.2841,0.0
1994.8333,0.1509,0.0,0.0158,0.1056,0.4027,0.0,0.0,0.0,0.0,0.0,0.0,0.0,0.0,0.2796,0.0
1994.9167,0.1513,0.0,0.0158,0.1062,0.4058,0.0,0.0,0.0,0.0,0.0,0.0,0.0,0.0,0.2752,0.0
1995.0,0.1518,0.0,0.0159,0.1068,0.4089,0.0,0.0,0.0,0.0,0.0,0.0,0.0,0.0,0.2709,0.0
1995.0833,0.1522,0.0,0.0159,0.1074,0.4121,0.0,0.0,0.0,0.0,0.0,0.0,0.0,0.0,0.2665,0.0
1995.1667,0.1528,0.0,0.016,0.1081,0.4188,0.0,0.0,0.0,0.0,0.0,0.0,0.0,0.0,0.2579,0.0
1995.25,0.1532,0.0,0.016,0.1087,0.4259,0.0,0.0,0.0,0.0,0.0,0.0,0.0,0.0,0.2493,0.0
1995.3333,0.1557,0.0,0.0163,0.1107,0.4252,0.0,0.0,0.0,0.0,0.0,0.0,0.0,0.0,0.2443,0.0
1995.4167,0.1582,0.0,0.0165,0.1128,0.4245,0.0,0.0,0.0,0.0,0.0,0.0,0.0,0.0,0.2393,0.0
1995.5,0.1607,0.0,0.0168,0.1149,0.4278,0.0,0.0,0.0,0.0,0.0,0.0,0.0,0.0,0.23,0.0
1995.5833,0.163,0.0,0.017,0.1168,0.4315,0.0,0.0,0.0,0.0,0.0,0.0,0.0,0.0,0.2208,0.0
1995.6667,0.1651,0.0,0.0172,0.1186,0.4356,0.0,0.0,0.0,0.0,0.0,0.0,0.0,0.0,0.2116,0.0
1995.75,0.1673,0.0,0.0175,0.1205,0.4388,0.0,0.0,0.0,0.0,0.0,0.0,0.0,0.0,0.203,0.0
1995.8333,0.1706,0.0,0.0178,0.1232,0.4386,0.0,0.0,0.0,0.0,0.0,0.0,0.0,0.0,0.1956,0.0
1995.9167,0.1739,0.0,0.0182,0.1259,0.4385,0.0,0.0,0.0,0.0,0.0,0.0,0.0,0.0,0.1882,0.0
1996.0,0.1772,0.0,0.0185,0.1286,0.4383,0.0,0.0,0.0,0.0,0.0,0.0,0.0,0.0,0.1809,0.0
1996.0833,0.1784,0.0,0.0186,0.1296,0.4418,0.0,0.0,0.0,0.0,0.0,0.0,0.0,0.0,0.1739,0.0
1996.1667,0.1794,0.0,0.0187,0.1306,0.4453,0.0,0.0,0.0,0.0,0.0,0.0,0.0,0.0,0.167,0.0
1996.25,0.1804,0.0,0.0188,0.1315,0.4488,0.0,0.0,0.0,0.0,0.0,0.0,0.0,0.0,0.1603,0.0
1996.3333,0.1812,0.0,0.0189,0.1323,0.4524,0.0,0.0,0.0,0.0,0.0,0.0,0.0,0.0,0.1537,0.0
1996.4167,0.182,0.0,0.019,0.1331,0.456,0.0,0.0,0.0,0.0,0.0,0.0,0.0,0.0,0.1472,0.0
1996.5,0.1826,0.0,0.0191,0.1338,0.4598,0.0,0.0,0.0001,0.0,0.0,0.0,0.0,0.0,0.1407,0.0
1996.5833,0.1831,0.0,0.0191,0.1343,0.4637,0.0,0.0,0.0001,0.0,0.0,0.0,0.0,0.0,0.1344,0.0
1996.6667,0.1834,0.0,0.0192,0.1348,0.4677,0.0,0.0,0.0001,0.0,0.0,0.0,0.0,0.0,0.1281,0.0
1996.75,0.1836,0.0,0.0192,0.1351,0.4718,0.0,0.0,0.0001,0.0,0.0,0.0,0.0,0.0,0.1219,0.0
1996.8333,0.1844,0.0,0.0193,0.1359,0.4744,0.0,0.0,0.0001,0.0,0.0,0.0,0.0,0.0,0.1161,0.0
1996.9167,0.1858,0.0,0.0194,0.1371,0.475,0.0,0.0,0.0001,0.0,0.0,0.0,0.0,0.0,0.1109,0.0
1997.0,0.187,0.0,0.0195,0.1383,0.476,0.0,0.0,0.0001,0.0,0.0,0.0,0.0,0.0,0.1058,0.0
1997.0833,0.1896,0.0,0.0198,0.1404,0.4777,0.0,0.0,0.0001,0.0,0.0,0.0,0.0,0.0,0.1015,0.0
1997.1667,0.1921,0.0,0.0201,0.1424,0.4795,0.0,0.0,0.0001,0.0,0.0,0.0,0.0,0.0,0.0973,0.0
1997.25,0.1944,0.0,0.0203,0.1443,0.4815,0.0,0.0,0.0001,0.0,0.0,0.0,0.0,0.0,0.093,0.0
1997.3333,0.1967,0.0,0.0205,0.1462,0.4834,0.0,0.0,0.0001,0.0,0.0,0.0,0.0,0.0,0.0889,0.0
1997.4167,0.1989,0.0,0.0208,0.1481,0.485,0.0,0.0,0.0001,0.0,0.0,0.0,0.0,0.0,0.085,0.0
1997.5,0.2028,0.0,0.0212,0.1511,0.4828,0.0,0.0,0.0001,0.0,0.0,0.0,0.0,0.0,0.0817,0.0
1997.5833,0.2066,0.0,0.0216,0.1542,0.4806,0.0,0.0,0.0001,0.0,0.0,0.0,0.0,0.0,0.0785,0.0
1997.6667,0.2103,0.0,0.022,0.1572,0.4784,0.0,0.0,0.0001,0.0,0.0,0.0,0.0,0.0,0.0753,0.0
1997.75,0.214,0.0,0.0224,0.1602,0.4763,0.0,0.0,0.0001,0.0,0.0,0.0,0.0,0.0,0.072,0.0
1997.8333,0.2176,0.0,0.0227,0.1631,0.4744,0.0,0.0,0.0001,0.0,0.0,0.0,0.0,0.0,0.0687,0.0
1997.9167,0.2211,0.0,0.0231,0.1659,0.4726,0.0,0.0,0.0001,0.0,0.0,0.0,0.0,0.0,0.0654,0.0
1998.0,0.2243,0.0,0.0234,0.1685,0.4713,0.0,0.0,0.0,0.0,0.0,0.0,0.0,0.0,0.062,0.0
1998.0833,0.225,0.0,0.0235,0.1691,0.4731,0.0,0.0,0.0,0.0,0.0,0.0,0.0,0.0,0.0598,0.0
1998.1667,0.2276,0.0,0.0238,0.1711,0.471,0.0,0.0,0.0,0.0,0.0,0.0,0.0,0.0,0.0579,0.0
1998.25,0.2301,0.0,0.024,0.1731,0.4688,0.0,0.0,0.0,0.0,0.0,0.0,0.0,0.0,0.0561,0.0
1998.3333,0.2325,0.0,0.0243,0.175,0.4668,0.0,0.0,0.0,0.0,0.0,0.0,0.0,0.0,0.0542,0.0
1998.4167,0.2349,0.0,0.0245,0.1768,0.4648,0.0,0.0,0.0,0.0,0.0,0.0,0.0,0.0,0.0523,0.0
1998.5,0.2372,0.0,0.0248,0.1786,0.463,0.0,0.0,0.0,0.0,0.0,0.0,0.0,0.0,0.0505,0.0
1998.5833,0.2395,0.0,0.025,0.1805,0.4612,0.0,0.0,0.0,0.0,0.0,0.0,0.0,0.0,0.0486,0.0
1998.6667,0.2437,0.0,0.0255,0.1837,0.4553,0.0,0.0,0.0,0.0,0.0,0.0,0.0,0.0,0.0472,0.0
1998.75,0.2479,0.0,0.0259,0.1869,0.4494,0.0,0.0,0.0,0.0,0.0,0.0,0.0,0.0,0.0457,0.0
1998.8333,0.252,0.0,0.0263,0.1901,0.4435,0.0,0.0,0.0,0.0,0.0,0.0,0.0,0.0,0.0442,0.0
1998.9167,0.2562,0.0,0.0268,0.1934,0.4376,0.0,0.0,0.0,0.0,0.0,0.0,0.0,0.0,0.0427,0.0
1999.0,0.2603,0.0,0.0272,0.1966,0.4318,0.0,0.0,0.0,0.0,0.0,0.0,0.0,0.0,0.0411,0.0
1999.0833,0.2627,0.0,0.0274,0.1984,0.4286,0.0,0.0,0.0,0.0,0.0,0.0,0.0,0.0,0.0401,0.0
1999.1667,0.2651,0.0,0.0277,0.2002,0.4255,0.0,0.0,0.0,0.0,0.0,0.0,0.0,0.0,0.039,0.0
1999.25,0.2673,0.0,0.0279,0.2019,0.4227,0.0,0.0,0.0,0.0,0.0,0.0,0.0,0.0,0.0379,0.0
1999.3333,0.2693,0.0,0.0281,0.2035,0.4201,0.0,0.0,0.0,0.0,0.0,0.0,0.0,0.0,0.0368,0.0
1999.4167,0.2723,0.0,0.0284,0.2057,0.4156,0.0,0.0,0.0,0.0,0.0,0.0,0.0,0.0,0.036,0.0
1999.5,0.274,0.0,0.0286,0.207,0.4133,0.0,0.0,0.0,0.0,0.0,0.0,0.0,0.0,0.0352,0.0
1999.5833,0.2755,0.0,0.0288,0.2081,0.4114,0.0,0.0,0.0,0.0,0.0,0.0,0.0,0.0,0.0344,0.0
1999.6667,0.2769,0.0,0.0289,0.2091,0.4098,0.0,0.0,0.0,0.0,0.0,0.0,0.0,0.0,0.0336,0.0
1999.75,0.2784,0.0,0.0291,0.2101,0.408,0.0,0.0,0.0,0.0,0.0,0.0,0.0,0.0,0.0328,0.0
1999.8333,0.28,0.0,0.0292,0.2113,0.406,0.0,0.0,0.0,0.0,0.0,0.0,0.0,0.0,0.0321,0.0
1999.9167,0.2819,0.0,0.0294,0.2126,0.4035,0.0,0.0,0.0,0.0,0.0,0.0,0.0,0.0,0.0313,0.0
2000.0,0.2841,0.0,0.0297,0.2141,0.4005,0.0,0.0,0.0,0.0,0.0,0.0,0.0,0.0,0.0305,0.0
2000.0833,0.2851,0.0,0.0298,0.2147,0.399,0.0,0.0,0.0,0.0,0.0,0.0,0.0,0.0,0.0301,0.0
2000.1667,0.2864,0.0,0.0299,0.2155,0.3972,0.0,0.0,0.0,0.0,0.0,0.0,0.0,0.0,0.0297,0.0
2000.25,0.2877,0.0,0.0301,0.2163,0.3953,0.0,0.0,0.0,0.0,0.0,0.0,0.0,0.0,0.0292,0.0
2000.3333,0.2892,0.0,0.0302,0.2172,0.3933,0.0,0.0,0.0,0.0,0.0,0.0,0.0,0.0,0.0287,0.0
2000.4167,0.2906,0.0,0.0303,0.218,0.3913,0.0,0.0,0.0,0.0,0.0,0.0,0.0,0.0,0.0283,0.0
2000.5,0.292,0.0,0.0305,0.2189,0.3892,0.0,0.0,0.0,0.0,0.0,0.0,0.0,0.0,0.0278,0.0
2000.5833,0.2934,0.0,0.0306,0.2198,0.3871,0.0,0.0,0.0,0.0,0.0,0.0,0.0,0.0,0.0274,0.0
2000.6667,0.2947,0.0,0.0308,0.2206,0.3853,0.0,0.0,0.0,0.0,0.0,0.0,0.0,0.0,0.027,0.0
2000.75,0.2959,0.0,0.0309,0.2213,0.3837,0.0,0.0,0.0,0.0,0.0,0.0,0.0,0.0,0.0266,0.0
2000.8333,0.2969,0.0,0.031,0.2219,0.3824,0.0,0.0,0.0,0.0,0.0,0.0,0.0,0.0,0.0262,0.0
2000.9167,0.2977,0.0,0.0311,0.2224,0.3815,0.0,0.0,0.0,0.0,0.0,0.0,0.0,0.0,0.0259,0.0
2001.0,0.2984,0.0,0.0312,0.2228,0.3808,0.0,0.0,0.0,0.0,0.0,0.0,0.0,0.0,0.0255,0.0
2001.0833,0.299,0.0,0.0312,0.2231,0.3803,0.0,0.0,0.0,0.0,0.0,0.0,0.0,0.0,0.025,0.0
2001.1667,0.2996,0.0,0.0313,0.2235,0.3797,0.0,0.0,0.0,0.0,0.0,0.0,0.0,0.0,0.0247,0.0
2001.25,0.3003,0.0,0.0314,0.224,0.3789,0.0,0.0,0.0,0.0,0.0,0.0,0.0,0.0,0.0243,0.0
2001.3333,0.3012,0.0,0.0315,0.2246,0.3778,0.0,0.0,0.0,0.0,0.0,0.0,0.0,0.0,0.0239,0.0
2001.4167,0.3023,0.0,0.0316,0.2253,0.3765,0.0,0.0,0.0,0.0,0.0,0.0,0.0,0.0,0.0234,0.0
2001.5,0.3034,0.0,0.0317,0.226,0.375,0.0,0.0,0.0,0.0,0.0,0.0,0.0,0.0,0.023,0.0
2001.5833,0.3046,0.0,0.0319,0.2268,0.3735,0.0,0.0,0.0,0.0,0.0,0.0,0.0,0.0,0.0226,0.0
2001.6667,0.3057,0.0,0.032,0.2275,0.3722,0.0,0.0,0.0,0.0,0.0,0.0,0.0,0.0,0.0221,0.0
2001.75,0.3069,0.0,0.0321,0.2283,0.3709,0.0,0.0,0.0,0.0,0.0,0.0,0.0,0.0,0.0216,0.0
2001.8333,0.3079,0.0,0.0322,0.229,0.3698,0.0,0.0,0.0,0.0,0.0,0.0,0.0,0.0,0.0212,0.0
2001.9167,0.3089,0.0,0.0323,0.2297,0.3687,0.0,0.0,0.0,0.0,0.0,0.0,0.0,0.0,0.0207,0.0
2002.0,0.3093,0.0,0.0324,0.2298,0.3676,0.0,0.0,0.0,0.0,0.0,0.0,0.0,0.0,0.0202,0.0
2002.0833,0.3003,0.0,0.0323,0.2222,0.3702,0.0,0.0,0.0,0.0,0.0,0.0,0.0,0.0,0.0201,0.0
2002.1667,0.2932,0.0,0.0323,0.216,0.3682,0.0,0.0,0.0,0.0,0.0,0.0,0.0,0.0,0.0201,0.0
2002.25,0.2871,0.0,0.0325,0.2106,0.3632,0.0,0.0,0.0,0.0,0.0,0.0,0.0,0.0,0.0202,0.0
2002.3333,0.2823,0.0,0.0327,0.2062,0.3542,0.0,0.0,0.0,0.0,0.0,0.0,0.0,0.0,0.0205,0.0
2002.4167,0.2792,0.0,0.0331,0.203,0.3403,0.0,0.0,0.0,0.0,0.0,0.0,0.0,0.0,0.021,0.0
2002.5,0.2757,0.0,0.0335,0.1995,0.3265,0.0,0.0,0.0,0.0,0.0,0.0,0.0,0.0,0.0215,0.0
2002.5833,0.272,0.0,0.0338,0.196,0.313,0.0,0.0,0.0,0.0,0.0,0.0,0.0,0.0,0.022,0.0
2002.6667,0.2687,0.0,0.0341,0.1927,0.3012,0.0,0.0,0.0,0.0,0.0,0.0,0.0,0.0,0.0225,0.0
2002.75,0.2671,0.0,0.0345,0.1907,0.2936,0.0,0.0,0.0,0.0,0.0,0.0,0.0,0.0,0.0232,0.0
2002.8333,0.2655,0.0,0.035,0.1887,0.2863,0.0,0.0,0.0,0.0,0.0,0.0,0.0,0.0,0.0239,0.0
2002.9167,0.2638,0.0,0.0354,0.1866,0.2792,0.0,0.0,0.0,0.0,0.0,0.0,0.0,0.0,0.0245,0.0
2003.0,0.2616,0.0,0.0357,0.1844,0.2721,0.0,0.0,0.0,0.0,0.0,0.0,0.0,0.0,0.0252,0.0
2003.0833,0.2549,0.0,0.0338,0.18,0.2659,0.0,0.0,0.0,0.0,0.0,0.0,0.0,0.0,0.0264,0.0
2003.1667,0.2482,0.0,0.032,0.1757,0.2599,0.0,0.0,0.0,0.0,0.0,0.0,0.0,0.0,0.0277,0.0
2003.25,0.242,0.0,0.0303,0.1717,0.2555,0.0,0.0,0.0,0.0,0.0,0.0,0.0,0.0,0.0292,0.0
2003.3333,0.2357,0.0,0.0287,0.1677,0.2517,0.0,0.0,0.0,0.0,0.0,0.0,0.0,0.0,0.0308,0.0
2003.4167,0.2298,0.0,0.0271,0.1638,0.2491,0.0,0.0,0.0,0.0,0.0,0.0,0.0,0.0,0.0326,0.0
2003.5,0.2237,0.0,0.0256,0.1597,0.2467,0.0,0.0,0.0,0.0,0.0,0.0,0.0,0.0,0.0344,0.0
2003.5833,0.2174,0.0,0.0242,0.1555,0.2445,0.0,0.0,0.0,0.0,0.0,0.0,0.0,0.0,0.0362,0.0
2003.6667,0.2115,0.0,0.0228,0.1515,0.2433,0.0,0.0,0.0,0.0,0.0,0.0,0.0001,0.0,0.0381,0.0
2003.75,0.2064,0.0,0.0216,0.1481,0.2434,0.0,0.0,0.0,0.0,0.0,0.0,0.0001,0.0,0.0402,0.0
2003.8333,0.2014,0.0,0.0205,0.1447,0.2432,0.0,0.0,0.0,0.0,0.0,0.0,0.0001,0.0,0.0424,0.0
2003.9167,0.196,0.0,0.0193,0.1411,0.2424,0.0,0.0,0.0,0.0,0.0,0.0,0.0001,0.0,0.0445,0.0
2004.0,0.1907,0.0,0.0182,0.1375,0.241,0.0,0.0,0.0,0.0,0.0,0.0,0.0001,0.0,0.0468,0.0
2004.0833,0.1882,0.0,0.0173,0.136,0.2446,0.0,0.0,0.0,0.0,0.0,0.0,0.0001,0.0,0.0499,0.0
2004.1667,0.1858,0.0,0.0165,0.1344,0.2474,0.0,0.0,0.0,0.0,0.0,0.0,0.0001,0.0,0.0532,0.0
2004.25,0.1833,0.0,0.0157,0.1328,0.2498,0.0,0.0,0.0,0.0,0.0,0.0,0.0001,0.0,0.0565,0.0
2004.3333,0.1807,0.0,0.0149,0.1313,0.2518,0.0,0.0,0.0,0.0,0.0,0.0,0.0001,0.0,0.06,0.0
2004.4167,0.1783,0.0,0.0142,0.1297,0.254,0.0,0.0,0.0,0.0,0.0,0.0,0.0001,0.0,0.0637,0.0
2004.5,0.1758,0.0,0.0134,0.1282,0.2563,0.0,0.0,0.0,0.0,0.0,0.0,0.0,0.0,0.0673,0.0
2004.5833,0.1735,0.0,0.0126,0.1268,0.2589,0.0,0.0,0.0,0.0,0.0,0.0,0.0,0.0,0.0711,0.0
2004.6667,0.1711,0.0,0.0119,0.1254,0.2617,0.0,0.0,0.0,0.0,0.0,0.0,0.0,0.0,0.0748,0.0
2004.75,0.169,0.0,0.0113,0.1241,0.2658,0.0,0.0,0.0,0.0,0.0,0.0,0.0,0.0,0.0788,0.0
2004.8333,0.1672,0.0,0.0106,0.1231,0.271,0.0,0.0,0.0,0.0,0.0,0.0,0.0,0.0,0.083,0.0
2004.9167,0.1654,0.0,0.0101,0.1219,0.2815,0.0,0.0,0.0,0.0,0.0,0.0,0.0,0.0,0.0815,0.0
2005.0,0.1642,0.0,0.0096,0.1212,0.2934,0.0,0.0,0.0,0.0,0.0,0.0,0.0,0.0,0.0803,0.0
2005.0833,0.1651,0.0,0.0091,0.1221,0.3019,0.0,0.0,0.0,0.0,0.0,0.0,0.0,0.0,0.0802,0.0
2005.1667,0.1669,0.0,0.0088,0.1236,0.3123,0.0,0.0,0.0,0.0,0.0,0.0,0.0,0.0,0.0749,0.0
2005.25,0.1689,0.0,0.0084,0.1253,0.3222,0.0,0.0,0.0,0.0,0.0,0.0,0.0,0.0,0.0697,0.0
2005.3333,0.1714,0.0,0.0081,0.1273,0.3319,0.0,0.0,0.0,0.0,0.0,0.0,0.0,0.0,0.0648,0.0
2005.4167,0.1743,0.0,0.0078,0.1297,0.3427,0.0,0.0,0.0,0.0,0.0,0.0,0.0,0.0,0.0603,0.0
2005.5,0.1777,0.0,0.0076,0.1324,0.3549,0.0,0.0,0.0,0.0,0.0,0.0,0.0,0.0,0.0561,0.0
2005.5833,0.181,0.0,0.0073,0.135,0.3671,0.0,0.0,0.0,0.0,0.0,0.0,0.0,0.0,0.0521,0.0
2005.6667,0.1855,0.0,0.0071,0.1385,0.3745,0.0,0.0,0.0,0.0,0.0,0.0,0.0,0.0,0.0487,0.0
2005.75,0.1898,0.0,0.0069,0.1418,0.3824,0.0,0.0,0.0,0.0,0.0,0.0,0.0,0.0,0.0454,0.0
2005.8333,0.1947,0.0,0.0066,0.1456,0.3952,0.0,0.0,0.0,0.0,0.0,0.0,0.0,0.0,0.0425,0.0
2005.9167,0.2024,0.0,0.0065,0.1516,0.4,0.0,0.0,0.0,0.0,0.0,0.0,0.0,0.0,0.0403,0.0
2006.0,0.2099,0.0,0.0063,0.1573,0.4048,0.0,0.0,0.0,0.0,0.0,0.0,0.0,0.0,0.0386,0.0
2006.0833,0.213,0.0,0.006,0.1611,0.4128,0.0,0.0,0.0,0.0,0.0,0.0,0.0,0.0,0.0374,0.0
2006.1667,0.2165,0.0,0.0058,0.1651,0.4243,0.0,0.0,0.0,0.0,0.0,0.0,0.0,0.0,0.0367,0.0
2006.25,0.222,0.0,0.0056,0.1707,0.433,0.0,0.0,0.0,0.0,0.0,0.0,0.0,0.0,0.0364,0.0
2006.3333,0.2313,0.0,0.0055,0.1793,0.4319,0.0,0.0,0.0,0.0,0.0,0.0,0.0,0.0,0.0366,0.0
2006.4167,0.242,0.0,0.0054,0.189,0.4279,0.0,0.0,0.0,0.0,0.0,0.0,0.0,0.0,0.037,0.0
2006.5,0.2563,0.0,0.0054,0.2017,0.4158,0.0,0.0,0.0,0.0,0.0,0.0,0.0,0.0,0.0378,0.0
2006.5833,0.2718,0.0,0.0053,0.2155,0.4033,0.0,0.0,0.0,0.0,0.0,0.0,0.0,0.0,0.0387,0.0
2006.6667,0.2878,0.0,0.0053,0.2297,0.3905,0.0,0.0,0.0,0.0,0.0,0.0,0.0,0.0,0.0397,0.0
2006.75,0.3034,0.0,0.0053,0.2437,0.3778,0.0,0.0,0.0,0.0,0.0,0.0,0.0,0.0,0.0407,0.0
2006.8333,0.319,0.0,0.0052,0.2578,0.3654,0.0,0.0,0.0,0.0,0.0,0.0,0.0,0.0,0.0419,0.0
2006.9167,0.3348,0.0,0.0052,0.2721,0.3535,0.0,0.0,0.0,0.0,0.0,0.0,0.0,0.0,0.0432,0.0
2007.0,0.3501,0.0,0.0051,0.2861,0.3422,0.0,0.0,0.0,0.0,0.0,0.0,0.0,0.0,0.0443,0.0
2007.0833,0.3534,0.0,0.005,0.2896,0.3366,0.0,0.0,0.0,0.0,0.0,0.0,0.0,0.0,0.0465,0.0
2007.1667,0.3585,0.0,0.0049,0.2947,0.3371,0.0,0.0,0.0,0.0,0.0,0.0,0.0,0.0,0.0485,0.0
2007.25,0.3644,0.0,0.0048,0.3003,0.3371,0.0,0.0,0.0,0.0,0.0,0.0,0.0,0.0,0.0506,0.0
2007.3333,0.373,0.0,0.0048,0.3082,0.3327,0.0,0.0,0.0,0.0,0.0,0.0,0.0,0.0,0.0525,0.0
2007.4167,0.3814,0.0,0.0049,0.3159,0.3285,0.0,0.0,0.0,0.0,0.0,0.0,0.0,0.0,0.0545,0.0
2007.5,0.3897,0.0,0.0049,0.3236,0.3245,0.0,0.0,0.0,0.0,0.0,0.0,0.0,0.0,0.0564,0.0
2007.5833,0.3977,0.0,0.0048,0.331,0.3207,0.0,0.0,0.0,0.0,0.0,0.0,0.0,0.0,0.0583,0.0
2007.6667,0.4056,0.0,0.0048,0.3383,0.3168,0.0,0.0,0.0,0.0,0.0,0.0,0.0,0.0,0.0603,0.0
2007.75,0.4135,0.0,0.0048,0.3457,0.3128,0.0,0.0,0.0,0.0,0.0,0.0,0.0,0.0,0.0623,0.0
2007.8333,0.4202,0.0,0.0047,0.3521,0.3086,0.0,0.0,0.0,0.0,0.0,0.0,0.0,0.0,0.0644,0.0
2007.9167,0.4273,0.0,0.0046,0.3588,0.3045,0.0,0.0,0.0,0.0,0.0,0.0,0.0,0.0,0.066,0.0
2008.0,0.4342,0.0,0.0045,0.3654,0.3007,0.0,0.0,0.0,0.0,0.0,0.0,0.0,0.0,0.0674,0.0
2008.0833,0.439,0.0,0.0044,0.3701,0.3026,0.0,0.0,0.0,0.0,0.0,0.0,0.0,0.0,0.0692,0.0
2008.1667,0.4423,0.0,0.0043,0.3735,0.3052,0.0,0.0,0.0,0.0,0.0,0.0,0.0,0.0,0.0709,0.0
2008.25,0.4453,0.0,0.0042,0.3767,0.3094,0.0,0.0,0.0,0.0,0.0,0.0,0.0,0.0,0.0726,0.0
2008.3333,0.4489,0.0,0.0041,0.3803,0.3161,0.0,0.0,0.0,0.0,0.0,0.0,0.0,0.0,0.0744,0.0
2008.4167,0.4517,0.0,0.004,0.3833,0.3232,0.0,0.0,0.0,0.0,0.0,0.0,0.0,0.0,0.0762,0.0
2008.5,0.4577,0.0,0.0039,0.389,0.3252,0.0,0.0,0.0,0.0,0.0,0.0,0.0,0.0,0.0785,0.0
2008.5833,0.4676,0.0,0.0038,0.398,0.3214,0.0,0.0,0.0,0.0,0.0,0.0,0.0,0.0,0.0813,0.0
2008.6667,0.4791,0.0,0.0037,0.4084,0.315,0.0,0.0,0.0,0.0,0.0,0.0,0.0,0.0,0.0844,0.0
2008.75,0.4907,0.0,0.0036,0.4189,0.3083,0.0,0.0,0.0,0.0,0.0,0.0,0.0,0.0,0.0875,0.0
2008.8333,0.5022,0.0,0.0034,0.4293,0.3013,0.0,0.0,0.0,0.0,0.0,0.0,0.0,0.0,0.0908,0.0
2008.9167,0.5136,0.0001,0.0032,0.4397,0.2943,0.0,0.0,0.0,0.0,0.0,0.0,0.0,0.0,0.0942,0.0
2009.0,0.5248,0.0001,0.0029,0.4491,0.2872,0.0,0.0,0.0,0.0,0.0,0.0,0.0,0.0,0.0976,0.0
2009.0833,0.5384,0.0001,0.0027,0.4606,0.2827,0.0,0.0,0.0,0.0,0.0,0.0,0.0,0.0,0.0954,0.0
2009.1667,0.5502,0.0001,0.0025,0.4699,0.2779,0.0,0.0,0.0,0.0,0.0,0.0,0.0,0.0,0.0943,0.0
2009.25,0.5538,0.0001,0.0023,0.4701,0.2772,0.0,0.0,0.0,0.0,0.0,0.0,0.0,0.0,0.0948,0.0
2009.3333,0.5493,0.0001,0.0021,0.4619,0.2823,0.0,0.0,0.0,0.0,0.0,0.0,0.0,0.0,0.0964,0.0
2009.4167,0.5439,0.0001,0.0019,0.4528,0.2837,0.0,0.0,0.0,0.0,0.0,0.0,0.0,0.0,0.1009,0.0
2009.5,0.5338,0.0001,0.0018,0.4408,0.2887,0.0,0.0,0.0,0.0,0.0,0.0,0.0,0.0,0.106,0.0
2009.5833,0.5234,0.0001,0.0017,0.4287,0.2941,0.0,0.0,0.0,0.0,0.0,0.0,0.0,0.0,0.111,0.0
2009.6667,0.5125,0.0001,0.0016,0.4167,0.3003,0.0,0.0,0.0,0.0,0.0,0.0,0.0,0.0,0.1159,0.0
2009.75,0.5013,0.0,0.0015,0.4043,0.3072,0.0,0.0,0.0,0.0,0.0,0.0,0.0,0.0,0.1206,0.0
2009.8333,0.4896,0.0,0.0014,0.3913,0.3148,0.0,0.0,0.0,0.0,0.0,0.0,0.0,0.0,0.1252,0.0
2009.9167,0.4776,0.0,0.0012,0.3783,0.3231,0.0,0.0,0.0,0.0,0.0,0.0,0.0,0.0,0.1297,0.0
2010.0,0.4654,0.0,0.0011,0.3653,0.332,0.0,0.0,0.0,0.0,0.0,0.0,0.0,0.0,0.1342,0.0
2010.0833,0.4486,0.0,0.0011,0.3473,0.3517,0.0,0.0,0.0,0.0,0.0,0.0,0.0,0.0,0.1405,0.0
2010.1667,0.4278,0.0,0.001,0.3279,0.3738,0.0,0.0,0.0,0.0,0.0,0.0,0.0,0.0,0.1472,0.0
2010.25,0.4107,0.0,0.0009,0.3119,0.3885,0.0,0.0,0.0,0.0,0.0,0.0,0.0,0.0,0.1561,0.0
2010.3333,0.4027,0.0,0.0009,0.3035,0.3884,0.0,0.0,0.0,0.0,0.0,0.0,0.0,0.0,0.1692,0.0
2010.4167,0.386,0.0,0.0008,0.2888,0.3937,0.0,0.0,0.0,0.0,0.0,0.0,0.0,0.0,0.1848,0.0
2010.5,0.3659,0.0,0.0008,0.2709,0.4017,0.0,0.0,0.0,0.0,0.0,0.0,0.0,0.0,0.2009,0.0
2010.5833,0.3469,0.0,0.0007,0.254,0.4142,0.0,0.0,0.0,0.0,0.0,0.0,0.0,0.0,0.2109,0.0
2010.6667,0.3299,0.0,0.0007,0.2388,0.4344,0.0,0.0,0.0,0.0,0.0,0.0,0.0,0.0,0.2108,0.0
2010.75,0.3143,0.0,0.0007,0.2252,0.4621,0.0,0.0,0.0,0.0,0.0,0.0,0.0,0.0,0.2015,0.0
2010.8333,0.2983,0.0,0.0006,0.2124,0.4896,0.0,0.0,0.0,0.0,0.0,0.0,0.0,0.0,0.1925,0.0
2010.9167,0.2867,0.0,0.0006,0.2037,0.5085,0.0,0.0001,0.0001,0.0,0.0,0.0,0.0,0.0,0.1872,0.0
2011.0,0.2736,0.0,0.0006,0.1933,0.5311,0.0,0.0001,0.0001,0.0,0.0,0.0,0.0,0.0,0.1795,0.0
2011.0833,0.264,0.0,0.0006,0.185,0.5452,0.0,0.0001,0.0001,0.0,0.0,0.0,0.0,0.0,0.1763,0.0
2011.1667,0.2663,0.0,0.0006,0.1851,0.539,0.0,0.0001,0.0001,0.0,0.0,0.0,0.0,0.0,0.1811,0.0
2011.25,0.2741,0.0,0.0006,0.189,0.5266,0.0,0.0001,0.0001,0.0,0.0,0.0,0.0,0.0,0.1863,0.0
2011.3333,0.2865,0.0,0.0006,0.1959,0.5069,0.0,0.0001,0.0001,0.0,0.0,0.0,0.0,0.0,0.1941,0.0
2011.4167,0.2995,0.0,0.0006,0.202,0.4829,0.0,0.0,0.0,0.0,0.0,0.0,0.0,0.0,0.2054,0.0
2011.5,0.3057,0.0,0.0006,0.2013,0.4637,0.0,0.0,0.0,0.0,0.0,0.0,0.0,0.0,0.2188,0.0
2011.5833,0.3169,0.0,0.0007,0.2037,0.435,0.0,0.0,0.0,0.0,0.0,0.0,0.0,0.0,0.2366,0.0
2011.6667,0.3246,0.0,0.0007,0.2028,0.4088,0.0,0.0,0.0,0.0,0.0,0.0,0.0,0.0,0.2555,0.0
2011.75,0.3275,0.0,0.0007,0.1982,0.3858,0.0,0.0,0.0,0.0,0.0,0.0,0.0,0.0,0.2759,0.0
2011.8333,0.3208,0.0,0.0007,0.1855,0.3699,0.0,0.0,0.0,0.0,0.0,0.0,0.0,0.0,0.299,0.0
2011.9167,0.3117,0.0,0.0007,0.1712,0.3553,0.0,0.0,0.0,0.0,0.0,0.0,0.0,0.0,0.3233,0.0
2012.0,0.3049,0.0,0.0006,0.1586,0.3335,0.0,0.0,0.0,0.0,0.0,0.0,0.0,0.0,0.3523,0.0
2012.0833,0.2986,0.0,0.0006,0.1463,0.3157,0.0,0.0,0.0,0.0,0.0,0.0,0.0,0.0,0.3768,0.0
2012.1667,0.2922,0.0,0.0006,0.1351,0.3065,0.0,0.0,0.0,0.0,0.0,0.0,0.0,0.0,0.3927,0.0
2012.25,0.2824,0.0,0.0006,0.1238,0.3022,0.0,0.0,0.0,0.0,0.0,0.0,0.0,0.0,0.4072,0.0
2012.3333,0.2759,0.0,0.0006,0.1142,0.3092,0.0,0.0,0.0,0.0,0.0,0.0,0.0,0.0,0.4069,0.0
2012.4167,0.2691,0.0,0.0006,0.1057,0.3172,0.0,0.0,0.0,0.0,0.0,0.0,0.0,0.0,0.4059,0.0
2012.5,0.2637,0.0,0.0006,0.0982,0.3198,0.0,0.0,0.0,0.0,0.0,0.0,0.0,0.0,0.4089,0.0
2012.5833,0.2558,0.0,0.0005,0.0907,0.3264,0.0,0.0,0.0,0.0,0.0,0.0,0.0,0.0,0.4103,0.0
2012.6667,0.2487,0.0,0.0005,0.0835,0.3339,0.0,0.0,0.0,0.0,0.0,0.0,0.0,0.0,0.4101,0.0
2012.75,0.2418,0.0,0.0005,0.0766,0.3414,0.0,0.0,0.0,0.0,0.0,0.0,0.0,0.0,0.4097,0.0
2012.8333,0.2334,0.0,0.0005,0.0696,0.3535,0.0,0.0,0.0,0.0,0.0,0.0,0.0,0.0,0.4061,0.0
2012.9167,0.231,0.0,0.0005,0.0647,0.3494,0.0,0.0,0.0,0.0,0.0,0.0,0.0,0.0,0.4127,0.0
2013.0,0.2368,0.0,0.0005,0.0622,0.3255,0.0,0.0,0.0,0.0,0.0,0.0,0.0,0.0,0.4308,0.0
2013.0833,0.2418,0.0,0.0005,0.0598,0.3066,0.0,0.0,0.0,0.0,0.0,0.0,0.0,0.0,0.4445,0.0
2013.1667,0.2432,0.0,0.0005,0.057,0.2868,0.0,0.0,0.0,0.0,0.0,0.0,0.0,0.0001,0.463,0.0001
2013.25,0.2428,0.0,0.0005,0.0544,0.2728,0.0,0.0,0.0,0.0,0.0,0.0,0.0,0.0001,0.4773,0.0001
2013.3333,0.2451,0.0,0.0005,0.0523,0.2633,0.0,0.0,0.0,0.0,0.0,0.0,0.0,0.0002,0.4842,0.0002
2013.4167,0.2532,0.0,0.0005,0.0513,0.2635,0.0,0.0,0.0,0.0,0.0,0.0,0.0,0.0002,0.4758,0.0002
2013.5,0.2653,0.0,0.0006,0.0509,0.2699,0.0,0.0,0.0,0.0,0.0,0.0,0.0,0.0002,0.457,0.0002
2013.5833,0.278,0.0,0.0006,0.0504,0.2775,0.0,0.0,0.0,0.0,0.0,0.0,0.0,0.0002,0.4363,0.0002
2013.6667,0.2906,0.0,0.0006,0.0504,0.2853,0.0,0.0,0.0,0.0,0.0,0.0,0.0,0.0002,0.4155,0.0002
2013.75,0.303,0.0,0.0006,0.0502,0.2934,0.0,0.0,0.0,0.0,0.0,0.0,0.0,0.0002,0.3947,0.0002
2013.8333,0.314,0.0,0.0007,0.0494,0.3025,0.0,0.0,0.0,0.0,0.0,0.0,0.0,0.0002,0.3743,0.0002
2013.9167,0.3214,0.0,0.0007,0.0483,0.3139,0.0,0.0,0.0,0.0,0.0,0.0,0.0,0.0002,0.3554,0.0002
2014.0,0.3284,0.0,0.0007,0.047,0.3256,0.0,0.0,0.0,0.0,0.0,0.0,0.0,0.0001,0.3365,0.0001
2014.0833,0.3363,0.0,0.0007,0.0461,0.3292,0.0,0.0,0.0,0.0,0.0,0.0,0.0,0.0001,0.3248,0.0001
2014.1667,0.3386,0.0001,0.0007,0.0457,0.3368,0.0,0.0,0.0,0.0,0.0,0.0,0.0,0.0001,0.3149,0.0001
2014.25,0.3381,0.0001,0.0007,0.0451,0.3461,0.0,0.0,0.0,0.0,0.0,0.0,0.0,0.0001,0.306,0.0001
2014.3333,0.3431,0.0001,0.0007,0.045,0.3449,0.0,0.0,0.0,0.0,0.0,0.0,0.0,0.0001,0.302,0.0001
2014.4167,0.3483,0.0001,0.0007,0.0448,0.3433,0.0,0.0,0.0,0.0,0.0,0.0,0.0,0.0001,0.2982,0.0001
2014.5,0.3535,0.0002,0.0007,0.0447,0.3416,0.0,0.0,0.0,0.0,0.0,0.0,0.0,0.0001,0.2944,0.0001
2014.5833,0.3589,0.0002,0.0008,0.0446,0.3398,0.0,0.0,0.0,0.0,0.0,0.0,0.0,0.0001,0.2907,0.0001
2014.6667,0.3645,0.0003,0.0008,0.0446,0.3376,0.0,0.0,0.0,0.0,0.0,0.0,0.0,0.0001,0.2871,0.0001
2014.75,0.3702,0.0003,0.0008,0.0446,0.3352,0.0,0.0,0.0,0.0,0.0,0.0,0.0,0.0001,0.2835,0.0001
2014.8333,0.3762,0.0004,0.0008,0.0445,0.3325,0.0,0.0,0.0,0.0,0.0,0.0,0.0,0.0001,0.28,0.0001
2014.9167,0.3823,0.0004,0.0008,0.0443,0.3295,0.0,0.0,0.0,0.0,0.0,0.0,0.0,0.0001,0.2765,0.0001
2015.0,0.389,0.0004,0.0008,0.0443,0.3264,0.0,0.0,0.0,0.0,0.0,0.0,0.0,0.0001,0.273,0.0001
2015.0833,0.3958,0.0003,0.0008,0.0443,0.323,0.0,0.0,0.0,0.0,0.0,0.0,0.0,0.0001,0.2696,0.0001
2015.1667,0.4027,0.0003,0.0008,0.0441,0.3195,0.0,0.0,0.0,0.0,0.0,0.0,0.0,0.0001,0.266,0.0001
2015.25,0.4097,0.0003,0.0009,0.044,0.316,0.0,0.0,0.0,0.0,0.0,0.0,0.0,0.0001,0.2624,0.0001
2015.3333,0.4168,0.0003,0.0009,0.0439,0.3124,0.0,0.0,0.0,0.0,0.0,0.0,0.0,0.0001,0.2587,0.0001
2015.4167,0.4241,0.0003,0.0009,0.0438,0.3088,0.0,0.0,0.0,0.0,0.0,0.0,0.0,0.0001,0.2549,0.0001
2015.5,0.4314,0.0003,0.0009,0.0437,0.3051,0.0,0.0,0.0,0.0,0.0,0.0,0.0,0.0001,0.251,0.0001
2015.5833,0.4388,0.0003,0.0009,0.0436,0.3013,0.0,0.0,0.0,0.0,0.0,0.0,0.0,0.0001,0.2471,0.0001
2015.6667,0.4465,0.0004,0.0009,0.0436,0.2975,0.0,0.0,0.0,0.0,0.0,0.0,0.0,0.0001,0.2431,0.0001
2015.75,0.4542,0.0004,0.001,0.0435,0.2936,0.0,0.0,0.0,0.0,0.0,0.0,0.0,0.0001,0.2391,0.0001
2015.8333,0.4622,0.0004,0.001,0.0434,0.2895,0.0,0.0,0.0,0.0,0.0,0.0,0.0,0.0001,0.235,0.0001
2015.9167,0.4702,0.0004,0.001,0.0432,0.2853,0.0,0.0,0.0,0.0,0.0,0.0,0.0,0.0001,0.231,0.0001
2016.0,0.4785,0.0004,0.001,0.043,0.2809,0.0,0.0,0.0,0.0,0.0,0.0,0.0,0.0001,0.2269,0.0001
2016.0833,0.4828,0.0004,0.001,0.0429,0.2792,0.0,0.0,0.0,0.0,0.0,0.0,0.0,0.0001,0.2242,0.0001
2016.1667,0.4845,0.0004,0.001,0.0427,0.2791,0.0,0.0,0.0,0.0,0.0,0.0,0.0,0.0001,0.2226,0.0001
2016.25,0.4865,0.0004,0.001,0.0425,0.2788,0.0,0.0,0.0,0.0,0.0,0.0,0.0,0.0001,0.2209,0.0001
2016.3333,0.4886,0.0004,0.001,0.0424,0.2782,0.0,0.0,0.0,0.0,0.0,0.0,0.0,0.0001,0.2193,0.0001
2016.4167,0.4893,0.0004,0.001,0.0422,0.2785,0.0,0.0,0.0,0.0,0.0,0.0,0.0,0.0001,0.2184,0.0001
2016.5,0.4884,0.0004,0.001,0.042,0.2797,0.0,0.0,0.0,0.0,0.0,0.0,0.0,0.0001,0.218,0.0001
2016.5833,0.4876,0.0004,0.001,0.0419,0.2807,0.0,0.0,0.0,0.0,0.0,0.0,0.0,0.0001,0.2178,0.0001
2016.6667,0.4871,0.0004,0.001,0.0418,0.2815,0.0,0.0,0.0,0.0,0.0,0.0,0.0,0.0001,0.2176,0.0001
2016.75,0.4868,0.0004,0.001,0.0418,0.282,0.0,0.0,0.0,0.0,0.0,0.0,0.0,0.0001,0.2174,0.0001
2016.8333,0.4866,0.0004,0.001,0.0417,0.2822,0.0,0.0,0.0,0.0,0.0,0.0,0.0,0.0001,0.2174,0.0001
2016.9167,0.4864,0.0004,0.001,0.0417,0.2825,0.0,0.0,0.0,0.0,0.0,0.0,0.0,0.0001,0.2173,0.0001
2017.0,0.4864,0.0004,0.001,0.0417,0.2825,0.0,0.0,0.0,0.0,0.0,0.0,0.0,0.0001,0.2173,0.0001
2017.0833,0.4864,0.0004,0.001,0.0417,0.2825,0.0,0.0,0.0,0.0,0.0,0.0,0.0,0.0001,0.2173,0.0001
2017.1667,0.4864,0.0004,0.001,0.0417,0.2825,0.0,0.0,0.0,0.0,0.0,0.0,0.0,0.0001,0.2173,0.0001
2017.25,0.4864,0.0004,0.001,0.0417,0.2825,0.0,0.0,0.0,0.0,0.0,0.0,0.0,0.0001,0.2173,0.0001
2017.3333,0.4864,0.0004,0.001,0.0417,0.2825,0.0,0.0,0.0,0.0,0.0,0.0,0.0,0.0001,0.2173,0.0001
2017.4167,0.4864,0.0004,0.001,0.0417,0.2825,0.0,0.0,0.0,0.0,0.0,0.0,0.0,0.0001,0.2173,0.0001
2017.5,0.4864,0.0004,0.001,0.0417,0.2825,0.0,0.0,0.0,0.0,0.0,0.0,0.0,0.0001,0.2173,0.0001
2017.5833,0.4864,0.0004,0.001,0.0417,0.2825,0.0,0.0,0.0,0.0,0.0,0.0,0.0,0.0001,0.2173,0.0001
2017.6667,0.4864,0.0004,0.001,0.0417,0.2825,0.0,0.0,0.0,0.0,0.0,0.0,0.0,0.0001,0.2173,0.0001
