,DENV1_I,DENV1_II,DENV1_V,DENV2_ASIANAMERICAN,DENV2_ASIANI,DENV2_COSMOPOLITAN,DENV3_II,DENV3_III,DENV4_I,DENV4_II,DENV4_III
1970.0,0.0998,0.0142,0.0341,0.0656,0.4195,0.0454,0.2178,0.0003,0.0468,0.0125,0.0094
1970.0833,0.0992,0.0139,0.034,0.0654,0.4179,0.0452,0.2204,0.0003,0.0468,0.0125,0.0094
1970.1667,0.0987,0.0137,0.0339,0.0651,0.4163,0.045,0.223,0.0003,0.0468,0.0125,0.0094
1970.25,0.0981,0.0134,0.0337,0.0649,0.4146,0.0448,0.2257,0.0003,0.0468,0.0125,0.0094
1970.3333,0.0975,0.0131,0.0336,0.0646,0.413,0.0447,0.2284,0.0003,0.0468,0.0125,0.0094
1970.4167,0.0968,0.0129,0.0334,0.0644,0.4113,0.0445,0.2312,0.0003,0.0468,0.0125,0.0094
1970.5,0.0962,0.0126,0.0332,0.0641,0.4097,0.0443,0.2339,0.0003,0.0468,0.0125,0.0094
1970.5833,0.0955,0.0124,0.033,0.0639,0.408,0.0441,0.2368,0.0003,0.0468,0.0125,0.0094
1970.6667,0.0948,0.0122,0.0328,0.0636,0.4064,0.044,0.2396,0.0003,0.0468,0.0125,0.0094
1970.75,0.094,0.0119,0.0326,0.0633,0.4047,0.0438,0.2425,0.0003,0.0468,0.0125,0.0094
1970.8333,0.0933,0.0117,0.0324,0.0631,0.4031,0.0436,0.2453,0.0003,0.0468,0.0125,0.0094
1970.9167,0.0925,0.0114,0.0322,0.0628,0.4015,0.0434,0.2482,0.0003,0.0468,0.0125,0.0094
1971.0,0.0917,0.0112,0.0319,0.0626,0.3999,0.0433,0.2512,0.0003,0.0468,0.0125,0.0094
1971.0833,0.0908,0.0109,0.0317,0.0623,0.3983,0.0431,0.2541,0.0004,0.0468,0.0125,0.0094
1971.1667,0.09,0.0107,0.0314,0.0621,0.3967,0.0429,0.2571,0.0004,0.0468,0.0125,0.0094
1971.25,0.0891,0.0105,0.0311,0.0618,0.3951,0.0427,0.2602,0.0004,0.0468,0.0125,0.0094
1971.3333,0.0882,0.0102,0.0308,0.0616,0.3935,0.0426,0.2632,0.0004,0.0468,0.0125,0.0094
1971.4167,0.0873,0.01,0.0305,0.0613,0.3919,0.0424,0.2663,0.0004,0.0468,0.0125,0.0094
1971.5,0.0863,0.0097,0.0302,0.0611,0.3903,0.0422,0.2694,0.0004,0.0468,0.0125,0.0094
1971.5833,0.0854,0.0095,0.0299,0.0608,0.3887,0.042,0.2725,0.0004,0.0468,0.0125,0.0094
1971.6667,0.0845,0.0092,0.0296,0.0606,0.3871,0.0419,0.2756,0.0004,0.0468,0.0125,0.0094
1971.75,0.0835,0.009,0.0293,0.0603,0.3855,0.0417,0.2787,0.0004,0.0468,0.0125,0.0094
1971.8333,0.0825,0.0088,0.0289,0.0601,0.3839,0.0415,0.2819,0.0004,0.0468,0.0125,0.0094
1971.9167,0.0815,0.0085,0.0286,0.0598,0.3823,0.0413,0.285,0.0004,0.0468,0.0125,0.0094
1972.0,0.0805,0.0083,0.0283,0.0596,0.3807,0.0412,0.2882,0.0004,0.0468,0.0125,0.0094
1972.0833,0.0795,0.0081,0.028,0.0593,0.3791,0.041,0.2914,0.0004,0.0468,0.0125,0.0094
1972.1667,0.0784,0.0078,0.0276,0.0591,0.3775,0.0408,0.2946,0.0004,0.0468,0.0125,0.0094
1972.25,0.0773,0.0076,0.0273,0.0588,0.376,0.0407,0.2978,0.0004,0.0468,0.0125,0.0094
1972.3333,0.0762,0.0074,0.0269,0.0586,0.3744,0.0405,0.3011,0.0004,0.0468,0.0125,0.0094
1972.4167,0.075,0.0072,0.0266,0.0584,0.3729,0.0403,0.3043,0.0004,0.0468,0.0125,0.0094
1972.5,0.0739,0.007,0.0262,0.0581,0.3714,0.0402,0.3075,0.0004,0.0468,0.0125,0.0094
1972.5833,0.0728,0.0067,0.0258,0.0579,0.3699,0.04,0.3107,0.0004,0.0468,0.0125,0.0094
1972.6667,0.0716,0.0065,0.0254,0.0577,0.3684,0.0398,0.3139,0.0004,0.0468,0.0125,0.0094
1972.75,0.0704,0.0063,0.0251,0.0574,0.3669,0.0397,0.3171,0.0004,0.0468,0.0125,0.0094
1972.8333,0.0693,0.0061,0.0247,0.0572,0.3653,0.0395,0.3204,0.0004,0.0468,0.0125,0.0094
1972.9167,0.0681,0.006,0.0244,0.0569,0.3638,0.0393,0.3237,0.0004,0.0468,0.0125,0.0094
1973.0,0.067,0.0058,0.024,0.0567,0.3622,0.0392,0.3269,0.0005,0.0468,0.0125,0.0094
1973.0833,0.066,0.0056,0.0237,0.0574,0.3666,0.0396,0.3235,0.0004,0.0468,0.0125,0.0094
1973.1667,0.065,0.0054,0.0234,0.0581,0.371,0.0401,0.32,0.0004,0.0468,0.0125,0.0094
1973.25,0.0641,0.0053,0.0232,0.0587,0.3753,0.0406,0.3165,0.0004,0.0468,0.0125,0.0094
1973.3333,0.0631,0.0051,0.0229,0.0594,0.3796,0.0411,0.3131,0.0004,0.0468,0.0125,0.0094
1973.4167,0.0622,0.0049,0.0227,0.0601,0.3838,0.0415,0.3097,0.0004,0.0468,0.0125,0.0094
1973.5,0.0613,0.0048,0.0225,0.0607,0.388,0.042,0.3063,0.0004,0.0468,0.0125,0.0094
1973.5833,0.0604,0.0046,0.0223,0.0614,0.3922,0.0424,0.303,0.0004,0.0468,0.0125,0.0094
1973.6667,0.0595,0.0044,0.022,0.062,0.3963,0.0429,0.2996,0.0004,0.0468,0.0125,0.0094
1973.75,0.0586,0.0043,0.0218,0.0627,0.4005,0.0433,0.2962,0.0004,0.0468,0.0125,0.0094
1973.8333,0.0578,0.0041,0.0216,0.0633,0.4046,0.0438,0.2928,0.0004,0.0468,0.0125,0.0094
1973.9167,0.057,0.004,0.0214,0.064,0.4087,0.0442,0.2895,0.0004,0.0468,0.0125,0.0094
1974.0,0.0562,0.0038,0.0212,0.0646,0.4129,0.0447,0.2859,0.0004,0.0468,0.0125,0.0094
1974.0833,0.0551,0.0036,0.021,0.0663,0.4238,0.0458,0.2754,0.0004,0.0468,0.0125,0.0094
1974.1667,0.0541,0.0035,0.0207,0.068,0.4347,0.047,0.265,0.0004,0.0468,0.0125,0.0094
1974.25,0.053,0.0033,0.0203,0.0697,0.4454,0.0482,0.2547,0.0003,0.0468,0.0125,0.0094
1974.3333,0.0518,0.0032,0.02,0.0714,0.4562,0.0493,0.2445,0.0003,0.0468,0.0125,0.0094
1974.4167,0.0506,0.003,0.0196,0.0731,0.4669,0.0505,0.2344,0.0003,0.0468,0.0125,0.0094
1974.5,0.0496,0.0029,0.0193,0.0745,0.4761,0.0515,0.2257,0.0003,0.0468,0.0125,0.0094
1974.5833,0.0488,0.0027,0.0191,0.0758,0.4843,0.0524,0.2178,0.0003,0.0468,0.0125,0.0094
1974.6667,0.0479,0.0026,0.0188,0.0771,0.4925,0.0533,0.2101,0.0003,0.0468,0.0125,0.0094
1974.75,0.047,0.0025,0.0186,0.0783,0.5006,0.0541,0.2025,0.0003,0.0468,0.0125,0.0094
1974.8333,0.0461,0.0024,0.0183,0.0796,0.5086,0.055,0.195,0.0003,0.0468,0.0125,0.0094
1974.9167,0.0451,0.0023,0.018,0.0808,0.5165,0.0559,0.1876,0.0002,0.0468,0.0125,0.0094
1975.0,0.0442,0.0022,0.0178,0.082,0.524,0.0567,0.1805,0.0002,0.0468,0.0125,0.0094
1975.0833,0.0443,0.0021,0.018,0.0823,0.5262,0.0569,0.178,0.0002,0.0468,0.0125,0.0094
1975.1667,0.0445,0.0021,0.0182,0.0827,0.5283,0.0571,0.1754,0.0002,0.0468,0.0125,0.0094
1975.25,0.0446,0.002,0.0184,0.083,0.5305,0.0574,0.1727,0.0002,0.0468,0.0125,0.0094
1975.3333,0.0447,0.002,0.0185,0.0834,0.5328,0.0576,0.17,0.0002,0.0468,0.0125,0.0094
1975.4167,0.0448,0.002,0.0187,0.0837,0.535,0.0579,0.1674,0.0002,0.0468,0.0125,0.0094
1975.5,0.0449,0.0019,0.0189,0.0841,0.5372,0.0581,0.1648,0.0002,0.0468,0.0125,0.0094
1975.5833,0.0449,0.0019,0.0191,0.0844,0.5395,0.0583,0.1622,0.0002,0.0468,0.0125,0.0094
1975.6667,0.0449,0.0018,0.0192,0.0848,0.5417,0.0586,0.1596,0.0002,0.0468,0.0125,0.0094
1975.75,0.0449,0.0018,0.0194,0.0851,0.5439,0.0588,0.1571,0.0002,0.0468,0.0125,0.0094
1975.8333,0.0449,0.0018,0.0196,0.0855,0.5461,0.0591,0.1546,0.0002,0.0468,0.0125,0.0094
1975.9167,0.0448,0.0017,0.0197,0.0858,0.5484,0.0593,0.1521,0.0002,0.0468,0.0125,0.0094
1976.0,0.0447,0.0017,0.0199,0.0862,0.5506,0.0596,0.1497,0.0002,0.0468,0.0125,0.0094
1976.0833,0.0446,0.0017,0.02,0.0865,0.5528,0.0598,0.1474,0.0002,0.0468,0.0125,0.0094
1976.1667,0.0444,0.0016,0.0201,0.0869,0.5551,0.06,0.145,0.0002,0.0468,0.0125,0.0094
1976.25,0.0442,0.0016,0.0202,0.0872,0.5573,0.0603,0.1427,0.0002,0.0468,0.0125,0.0094
1976.3333,0.044,0.0016,0.0202,0.0876,0.5596,0.0605,0.1404,0.0002,0.0468,0.0125,0.0094
1976.4167,0.0438,0.0016,0.0203,0.0879,0.5618,0.0608,0.1382,0.0002,0.0468,0.0125,0.0094
1976.5,0.0435,0.0015,0.0204,0.0883,0.564,0.061,0.136,0.0001,0.0468,0.0125,0.0094
1976.5833,0.0433,0.0015,0.0204,0.0886,0.5661,0.0612,0.1338,0.0001,0.0469,0.0125,0.0094
1976.6667,0.043,0.0015,0.0205,0.0889,0.5683,0.0615,0.1317,0.0001,0.0469,0.0125,0.0094
1976.75,0.0428,0.0014,0.0205,0.0893,0.5706,0.0617,0.1295,0.0001,0.0467,0.0125,0.0094
1976.8333,0.0427,0.0014,0.0207,0.0895,0.5718,0.0619,0.128,0.0001,0.0468,0.0125,0.0094
1976.9167,0.0428,0.0014,0.0209,0.0896,0.5724,0.0619,0.1269,0.0001,0.047,0.0125,0.0094
1977.0,0.0429,0.0014,0.0211,0.0897,0.5729,0.062,0.1259,0.0001,0.0472,0.0125,0.0094
1977.0833,0.044,0.0014,0.0219,0.0889,0.5683,0.0615,0.1278,0.0001,0.0485,0.0125,0.0094
1977.1667,0.0451,0.0014,0.0226,0.0882,0.5637,0.061,0.1298,0.0001,0.0498,0.0125,0.0094
1977.25,0.0463,0.0014,0.0233,0.0875,0.559,0.0605,0.1317,0.0001,0.051,0.0125,0.0094
1977.3333,0.0474,0.0014,0.0241,0.0868,0.5544,0.06,0.1337,0.0001,0.0524,0.0125,0.0094
1977.4167,0.0485,0.0014,0.0248,0.086,0.5497,0.0594,0.1356,0.0001,0.0537,0.0125,0.0094
1977.5,0.0497,0.0014,0.0256,0.0853,0.5449,0.0589,0.1375,0.0001,0.0551,0.0125,0.0094
1977.5833,0.0508,0.0014,0.0264,0.0845,0.54,0.0584,0.1395,0.0001,0.0566,0.0125,0.0094
1977.6667,0.0519,0.0014,0.0272,0.0838,0.5352,0.0579,0.1414,0.0001,0.058,0.0125,0.0094
1977.75,0.0531,0.0014,0.028,0.083,0.5303,0.0574,0.1435,0.0001,0.0594,0.0125,0.0094
1977.8333,0.0543,0.0015,0.0288,0.0822,0.5253,0.0568,0.1456,0.0001,0.0607,0.0125,0.0094
1977.9167,0.0555,0.0015,0.0296,0.0814,0.5203,0.0563,0.1477,0.0001,0.0621,0.0125,0.0094
1978.0,0.0566,0.0015,0.0305,0.0807,0.5155,0.0558,0.1497,0.0001,0.0633,0.0125,0.0094
1978.0833,0.058,0.0015,0.0314,0.0808,0.5164,0.0559,0.1505,0.0001,0.0599,0.0125,0.0094
1978.1667,0.0594,0.0015,0.0324,0.081,0.5173,0.0559,0.1512,0.0001,0.0564,0.0125,0.0094
1978.25,0.0608,0.0015,0.0334,0.0811,0.5181,0.056,0.1518,0.0001,0.0531,0.0125,0.0094
1978.3333,0.0622,0.0015,0.0344,0.0812,0.5187,0.0561,0.1524,0.0001,0.0499,0.0125,0.0094
1978.4167,0.0636,0.0015,0.0354,0.0813,0.5192,0.0562,0.1529,0.0001,0.0468,0.0125,0.0094
1978.5,0.0651,0.0015,0.0365,0.0813,0.5196,0.0562,0.1534,0.0001,0.0439,0.0125,0.0094
1978.5833,0.0665,0.0015,0.0375,0.0814,0.5198,0.0562,0.1539,0.0001,0.0412,0.0125,0.0094
1978.6667,0.068,0.0015,0.0386,0.0814,0.5199,0.0562,0.1542,0.0001,0.0386,0.0125,0.0094
1978.75,0.0695,0.0015,0.0397,0.0814,0.5199,0.0562,0.1546,0.0001,0.0362,0.0125,0.0094
1978.8333,0.0711,0.0014,0.0408,0.0813,0.5197,0.0562,0.155,0.0001,0.0338,0.0125,0.0094
1978.9167,0.0726,0.0014,0.042,0.0813,0.5195,0.0562,0.1554,0.0001,0.0315,0.0125,0.0094
1979.0,0.0741,0.0014,0.0431,0.0812,0.5191,0.0561,0.1559,0.0001,0.0293,0.0125,0.0094
1979.0833,0.0768,0.0014,0.045,0.0805,0.5143,0.0556,0.1587,0.0001,0.0276,0.0125,0.0094
1979.1667,0.0796,0.0015,0.0469,0.0797,0.5095,0.0551,0.1616,0.0001,0.0258,0.0125,0.0094
1979.25,0.0825,0.0015,0.0488,0.079,0.5046,0.0546,0.1644,0.0001,0.0241,0.0125,0.0094
1979.3333,0.0854,0.0015,0.0508,0.0782,0.4997,0.054,0.1672,0.0001,0.0225,0.0125,0.0094
1979.4167,0.0888,0.0015,0.0531,0.0772,0.4931,0.0533,0.1707,0.0001,0.0209,0.0125,0.0094
1979.5,0.0926,0.0015,0.0556,0.076,0.4857,0.0525,0.1748,0.0002,0.0195,0.0125,0.0094
1979.5833,0.0964,0.0015,0.0581,0.0748,0.4781,0.0517,0.1788,0.0002,0.0181,0.0125,0.0094
1979.6667,0.1004,0.0015,0.0608,0.0736,0.4704,0.0509,0.1827,0.0002,0.0166,0.0125,0.0094
1979.75,0.1046,0.0015,0.0635,0.0724,0.4626,0.05,0.1866,0.0002,0.0151,0.0125,0.0094
1979.8333,0.1088,0.0015,0.0662,0.0712,0.4548,0.0492,0.1903,0.0002,0.0137,0.0125,0.0094
1979.9167,0.1132,0.0015,0.0691,0.0699,0.4469,0.0483,0.1938,0.0002,0.0123,0.0125,0.0094
1980.0,0.1178,0.0016,0.072,0.0687,0.4389,0.0475,0.1973,0.0002,0.0109,0.0125,0.0094
1980.0833,0.1243,0.0016,0.0743,0.0673,0.43,0.0465,0.1994,0.0002,0.0103,0.0125,0.0094
1980.1667,0.1311,0.0016,0.0767,0.0659,0.4211,0.0455,0.2013,0.0002,0.0098,0.0125,0.0094
1980.25,0.1381,0.0016,0.0789,0.0645,0.412,0.0446,0.2032,0.0002,0.0092,0.0125,0.0094
1980.3333,0.1454,0.0017,0.0812,0.063,0.4027,0.0436,0.2051,0.0002,0.0087,0.0125,0.0094
1980.4167,0.1541,0.0017,0.084,0.0611,0.3903,0.0422,0.2084,0.0002,0.0084,0.0125,0.0094
1980.5,0.163,0.0017,0.0868,0.0591,0.3778,0.0409,0.2115,0.0002,0.0081,0.0125,0.0094
1980.5833,0.1722,0.0018,0.0895,0.0572,0.3653,0.0395,0.2145,0.0002,0.0078,0.0125,0.0094
1980.6667,0.1816,0.0018,0.0922,0.0552,0.3527,0.0381,0.2173,0.0002,0.0075,0.0125,0.0094
1980.75,0.1913,0.0019,0.0948,0.0532,0.3401,0.0368,0.22,0.0002,0.0072,0.0125,0.0094
1980.8333,0.2012,0.0019,0.0973,0.0513,0.3276,0.0354,0.2224,0.0002,0.0069,0.0125,0.0094
1980.9167,0.2115,0.0019,0.0998,0.0493,0.315,0.0341,0.2247,0.0002,0.0066,0.0125,0.0094
1981.0,0.2196,0.0019,0.1019,0.0476,0.3042,0.0329,0.2272,0.0002,0.0064,0.0125,0.0094
1981.0833,0.2255,0.0019,0.0988,0.0478,0.3055,0.033,0.2229,0.0002,0.0065,0.0125,0.0094
1981.1667,0.2284,0.0019,0.0955,0.0483,0.3089,0.0334,0.2191,0.0002,0.0066,0.0125,0.0094
1981.25,0.2306,0.0019,0.0922,0.049,0.3128,0.0338,0.2156,0.0002,0.0067,0.0125,0.0094
1981.3333,0.2293,0.0019,0.0887,0.05,0.3192,0.0345,0.2127,0.0002,0.0068,0.0125,0.0094
1981.4167,0.2279,0.0018,0.0854,0.051,0.3258,0.0352,0.2097,0.0002,0.0069,0.0125,0.0094
1981.5,0.2265,0.0018,0.0821,0.052,0.3323,0.0359,0.2067,0.0002,0.0069,0.0125,0.0094
1981.5833,0.225,0.0018,0.0789,0.053,0.3389,0.0367,0.2037,0.0002,0.0069,0.0125,0.0094
1981.6667,0.2235,0.0018,0.0758,0.0541,0.3454,0.0374,0.2007,0.0002,0.0069,0.0125,0.0094
1981.75,0.2219,0.0017,0.0728,0.0551,0.352,0.0381,0.1977,0.0002,0.0069,0.0125,0.0094
1981.8333,0.2203,0.0017,0.07,0.0561,0.3586,0.0388,0.1946,0.0002,0.0068,0.0125,0.0094
1981.9167,0.2186,0.0017,0.0671,0.0572,0.3652,0.0395,0.1915,0.0002,0.0066,0.0125,0.0094
1982.0,0.2169,0.0016,0.0644,0.0582,0.3717,0.0402,0.1887,0.0002,0.0065,0.0125,0.0094
1982.0833,0.2138,0.0016,0.0627,0.059,0.377,0.0408,0.1871,0.0002,0.0066,0.0125,0.0094
1982.1667,0.2107,0.0016,0.061,0.0598,0.3824,0.0414,0.1856,0.0001,0.0067,0.0125,0.0094
1982.25,0.2076,0.0016,0.0593,0.0607,0.3878,0.0419,0.1841,0.0001,0.0067,0.0125,0.0094
1982.3333,0.2045,0.0015,0.0576,0.0615,0.3931,0.0425,0.1827,0.0001,0.0067,0.0125,0.0094
1982.4167,0.2013,0.0015,0.0559,0.0624,0.3985,0.0431,0.1813,0.0001,0.0067,0.0125,0.0094
1982.5,0.1981,0.0015,0.0543,0.0632,0.404,0.0437,0.1799,0.0001,0.0066,0.0125,0.0094
1982.5833,0.195,0.0014,0.0527,0.064,0.4095,0.0443,0.1784,0.0001,0.0065,0.0125,0.0094
1982.6667,0.1918,0.0014,0.0511,0.0649,0.415,0.0449,0.1769,0.0001,0.0064,0.0125,0.0094
1982.75,0.1888,0.0014,0.0496,0.0657,0.4204,0.0455,0.1753,0.0001,0.0063,0.0125,0.0094
1982.8333,0.1856,0.0013,0.0481,0.0666,0.4258,0.0461,0.1737,0.0001,0.0063,0.0125,0.0094
1982.9167,0.1826,0.0013,0.0467,0.0675,0.4311,0.0466,0.172,0.0001,0.0063,0.0125,0.0094
1983.0,0.1808,0.0013,0.0456,0.0683,0.4332,0.0469,0.1717,0.0001,0.0063,0.0125,0.0094
1983.0833,0.1796,0.0013,0.0436,0.0675,0.4289,0.0464,0.1789,0.0001,0.0069,0.0125,0.0094
1983.1667,0.1781,0.0013,0.0416,0.0666,0.4245,0.0459,0.1862,0.0001,0.0075,0.0125,0.0094
1983.25,0.1765,0.0013,0.0397,0.0657,0.4201,0.0454,0.1937,0.0001,0.0081,0.0125,0.0094
1983.3333,0.1748,0.0012,0.0377,0.0648,0.4156,0.0449,0.2014,0.0001,0.0088,0.0125,0.0094
1983.4167,0.1729,0.0012,0.0359,0.0639,0.4109,0.0444,0.2092,0.0001,0.0095,0.0125,0.0094
1983.5,0.1709,0.0012,0.0341,0.063,0.4065,0.0439,0.217,0.0001,0.0102,0.0125,0.0094
1983.5833,0.1686,0.0012,0.0323,0.0625,0.4051,0.0437,0.2216,0.0001,0.011,0.0125,0.0094
1983.6667,0.1661,0.0012,0.0305,0.0621,0.4037,0.0436,0.2262,0.0001,0.0118,0.0125,0.0094
1983.75,0.1636,0.0012,0.0288,0.0617,0.4024,0.0434,0.2309,0.0001,0.0126,0.0125,0.0094
1983.8333,0.1611,0.0012,0.0272,0.0612,0.401,0.0432,0.2356,0.0001,0.0133,0.0125,0.0094
1983.9167,0.1585,0.0012,0.0256,0.0608,0.3996,0.0431,0.2403,0.0001,0.014,0.0125,0.0094
1984.0,0.1559,0.0012,0.0241,0.0603,0.3983,0.0429,0.2449,0.0001,0.0148,0.0125,0.0094
1984.0833,0.1594,0.0012,0.0236,0.0573,0.3898,0.0418,0.2512,0.0001,0.0164,0.0125,0.0094
1984.1667,0.164,0.0012,0.0231,0.0547,0.3803,0.0407,0.2567,0.0001,0.0181,0.0125,0.0094
1984.25,0.1689,0.0013,0.0227,0.0521,0.3699,0.0395,0.2627,0.0002,0.0199,0.0125,0.0094
1984.3333,0.1741,0.0013,0.0223,0.0499,0.3614,0.0385,0.2662,0.0002,0.0218,0.0125,0.0094
1984.4167,0.1794,0.0014,0.0218,0.0478,0.3537,0.0376,0.2686,0.0002,0.0237,0.0125,0.0094
1984.5,0.1849,0.0014,0.0213,0.0458,0.346,0.0366,0.2709,0.0002,0.0257,0.0125,0.0094
1984.5833,0.1904,0.0015,0.0207,0.0438,0.3382,0.0357,0.2731,0.0002,0.0278,0.0125,0.0094
1984.6667,0.1959,0.0015,0.0202,0.0419,0.3304,0.0348,0.2752,0.0002,0.0299,0.0125,0.0094
1984.75,0.2015,0.0016,0.0195,0.04,0.3225,0.0339,0.2773,0.0002,0.0321,0.0125,0.0094
1984.8333,0.2071,0.0016,0.0189,0.0381,0.3147,0.033,0.2793,0.0002,0.0342,0.0125,0.0094
1984.9167,0.2127,0.0017,0.0182,0.0363,0.3069,0.0321,0.2813,0.0002,0.0364,0.0125,0.0094
1985.0,0.2184,0.0017,0.0176,0.0345,0.2991,0.0312,0.283,0.0002,0.0386,0.0125,0.0094
1985.0833,0.222,0.0018,0.017,0.0337,0.2958,0.0308,0.2872,0.0002,0.0356,0.0125,0.0094
1985.1667,0.2249,0.0019,0.0164,0.0332,0.2956,0.0307,0.2881,0.0002,0.0333,0.0125,0.0094
1985.25,0.2279,0.0019,0.0158,0.0327,0.2954,0.0307,0.289,0.0002,0.0309,0.0125,0.0094
1985.3333,0.2312,0.002,0.0153,0.0321,0.2941,0.0305,0.2905,0.0002,0.0287,0.0125,0.0094
1985.4167,0.2361,0.0021,0.0148,0.0314,0.2894,0.03,0.2936,0.0002,0.0266,0.0125,0.0094
1985.5,0.241,0.0022,0.0143,0.0307,0.2846,0.0295,0.2967,0.0002,0.0247,0.0125,0.0094
1985.5833,0.2459,0.0023,0.0138,0.03,0.2797,0.029,0.2998,0.0002,0.0227,0.0125,0.0094
1985.6667,0.2508,0.0024,0.0132,0.0294,0.2748,0.0285,0.3029,0.0002,0.0209,0.0125,0.0094
1985.75,0.2557,0.0025,0.0126,0.0287,0.27,0.0279,0.306,0.0002,0.019,0.0125,0.0094
1985.8333,0.2605,0.0026,0.012,0.028,0.2651,0.0274,0.3091,0.0002,0.0172,0.0125,0.0094
1985.9167,0.2655,0.0027,0.0115,0.0273,0.2602,0.0269,0.312,0.0002,0.0155,0.0125,0.0094
1986.0,0.2714,0.0028,0.011,0.0268,0.2572,0.0266,0.3117,0.0002,0.014,0.0125,0.0094
1986.0833,0.2802,0.0029,0.0106,0.0264,0.2508,0.0259,0.3108,0.0002,0.0132,0.0125,0.0094
1986.1667,0.289,0.0031,0.0103,0.0261,0.2445,0.0253,0.3098,0.0002,0.0124,0.0125,0.0094
1986.25,0.2979,0.0033,0.01,0.0257,0.2382,0.0247,0.3087,0.0002,0.0115,0.0125,0.0094
1986.3333,0.307,0.0035,0.0096,0.0253,0.232,0.0241,0.3075,0.0002,0.0107,0.0125,0.0094
1986.4167,0.3163,0.0037,0.0093,0.0249,0.2257,0.0234,0.3062,0.0002,0.0098,0.0125,0.0094
1986.5,0.3257,0.0039,0.0089,0.0245,0.2195,0.0228,0.3047,0.0002,0.009,0.0125,0.0094
1986.5833,0.3352,0.0041,0.0085,0.0241,0.2134,0.0222,0.3029,0.0002,0.0082,0.0125,0.0094
1986.6667,0.3447,0.0043,0.0081,0.0236,0.2073,0.0216,0.3011,0.0002,0.0075,0.0125,0.0094
1986.75,0.3544,0.0045,0.0078,0.0231,0.2012,0.021,0.2991,0.0002,0.0068,0.0125,0.0094
1986.8333,0.364,0.0047,0.0074,0.0227,0.1952,0.0204,0.297,0.0002,0.0061,0.0125,0.0094
1986.9167,0.3738,0.005,0.007,0.0222,0.1892,0.0198,0.2947,0.0002,0.0055,0.0125,0.0094
1987.0,0.3763,0.0052,0.0066,0.0221,0.1863,0.0195,0.2957,0.0002,0.0051,0.0125,0.0094
1987.0833,0.389,0.0056,0.0065,0.0225,0.1851,0.0194,0.2843,0.0002,0.0051,0.0125,0.0094
1987.1667,0.4013,0.0061,0.0064,0.0228,0.1825,0.0192,0.2746,0.0002,0.0051,0.0125,0.0094
1987.25,0.4095,0.0066,0.0062,0.0233,0.1816,0.0192,0.2668,0.0001,0.0052,0.0125,0.0094
1987.3333,0.4115,0.0071,0.0061,0.0243,0.184,0.0195,0.2613,0.0001,0.0054,0.0125,0.0094
1987.4167,0.4154,0.0077,0.0061,0.0254,0.1875,0.0199,0.2527,0.0001,0.0055,0.0125,0.0094
1987.5,0.4191,0.0082,0.006,0.0266,0.191,0.0204,0.2442,0.0001,0.0056,0.0125,0.0094
1987.5833,0.4226,0.0088,0.006,0.0278,0.1946,0.0208,0.2358,0.0001,0.0058,0.0125,0.0094
1987.6667,0.4259,0.0094,0.0059,0.029,0.1982,0.0212,0.2276,0.0001,0.0058,0.0125,0.0094
1987.75,0.429,0.0101,0.0059,0.0303,0.2018,0.0217,0.2195,0.0001,0.0059,0.0125,0.0094
1987.8333,0.4319,0.0107,0.0059,0.0317,0.2054,0.0222,0.2116,0.0001,0.0059,0.0125,0.0094
1987.9167,0.4347,0.0114,0.0059,0.033,0.2089,0.0226,0.2039,0.0001,0.0059,0.0125,0.0094
1988.0,0.4373,0.0121,0.0058,0.0344,0.2122,0.0231,0.1964,0.0001,0.0058,0.0125,0.0094
1988.0833,0.4373,0.0131,0.0059,0.0337,0.2131,0.0231,0.1952,0.0001,0.006,0.0125,0.0094
1988.1667,0.4363,0.0142,0.0059,0.0331,0.2145,0.0231,0.1943,0.0001,0.0061,0.0125,0.0094
1988.25,0.4304,0.0153,0.006,0.0329,0.2186,0.0235,0.195,0.0001,0.0063,0.0125,0.0094
1988.3333,0.4237,0.0164,0.006,0.0327,0.2232,0.0239,0.1959,0.0001,0.0064,0.0125,0.0094
1988.4167,0.417,0.0176,0.006,0.0325,0.2279,0.0244,0.1968,0.0001,0.0065,0.0125,0.0094
1988.5,0.4102,0.0188,0.0059,0.0324,0.2326,0.0248,0.1979,0.0001,0.0066,0.0125,0.0094
1988.5833,0.4038,0.02,0.0059,0.0323,0.2378,0.0253,0.1982,0.0001,0.0066,0.0125,0.0094
1988.6667,0.3988,0.0212,0.0058,0.0323,0.2446,0.0259,0.1953,0.0001,0.0066,0.0125,0.0094
1988.75,0.394,0.0225,0.0057,0.0323,0.2515,0.0265,0.1923,0.0001,0.0066,0.0125,0.0094
1988.8333,0.3892,0.0237,0.0056,0.0323,0.2585,0.0272,0.1893,0.0001,0.0066,0.0125,0.0094
1988.9167,0.3854,0.0251,0.0055,0.0323,0.2644,0.0277,0.1863,0.0001,0.0067,0.0125,0.0094
1989.0,0.3854,0.0267,0.0055,0.0322,0.2687,0.0281,0.1808,0.0001,0.0068,0.0125,0.0094
1989.0833,0.3851,0.0249,0.0055,0.0324,0.2727,0.0285,0.1783,0.0001,0.0071,0.0125,0.0094
1989.1667,0.3847,0.0232,0.0054,0.0326,0.2766,0.0289,0.1759,0.0001,0.0074,0.0125,0.0094
1989.25,0.3843,0.0215,0.0054,0.0327,0.2805,0.0293,0.1736,0.0001,0.0078,0.0125,0.0094
1989.3333,0.3839,0.0199,0.0053,0.0329,0.2843,0.0297,0.1713,0.0001,0.0081,0.0125,0.0094
1989.4167,0.3836,0.0183,0.0053,0.033,0.2881,0.03,0.1689,0.0001,0.0085,0.0125,0.0094
1989.5,0.3834,0.0168,0.0052,0.0331,0.2919,0.0304,0.1665,0.0001,0.0088,0.0125,0.0094
1989.5833,0.3832,0.0154,0.005,0.0332,0.2956,0.0307,0.1641,0.0001,0.0092,0.0125,0.0094
1989.6667,0.3829,0.0141,0.0049,0.0333,0.2992,0.0311,0.1617,0.0001,0.0095,0.0125,0.0094
1989.75,0.3827,0.0128,0.0047,0.0333,0.3028,0.0314,0.1593,0.0001,0.0099,0.0125,0.0094
1989.8333,0.3823,0.0116,0.0046,0.0333,0.3064,0.0318,0.157,0.0001,0.0103,0.0125,0.0094
1989.9167,0.382,0.0104,0.0044,0.0334,0.31,0.0321,0.1547,0.0001,0.0106,0.0125,0.0094
1990.0,0.3813,0.0093,0.0042,0.0334,0.3139,0.0325,0.1525,0.0001,0.0109,0.0125,0.0094
1990.0833,0.3817,0.0087,0.0043,0.0315,0.3181,0.0327,0.1493,0.0001,0.012,0.0125,0.0094
1990.1667,0.3819,0.0081,0.0043,0.0295,0.3223,0.0329,0.1461,0.0001,0.0132,0.0125,0.0094
1990.25,0.3821,0.0074,0.0044,0.0276,0.3266,0.0331,0.1429,0.0001,0.0144,0.0125,0.0094
1990.3333,0.3842,0.0069,0.0044,0.0257,0.3278,0.0331,0.1406,0.0001,0.0156,0.0125,0.0094
1990.4167,0.3874,0.0064,0.0045,0.0238,0.3275,0.0328,0.1387,0.0001,0.0169,0.0125,0.0094
1990.5,0.3907,0.0059,0.0045,0.022,0.3269,0.0326,0.1367,0.0001,0.0182,0.0125,0.0094
1990.5833,0.3919,0.0055,0.0045,0.0203,0.328,0.0326,0.135,0.0001,0.0196,0.0125,0.0094
1990.6667,0.392,0.005,0.0045,0.0188,0.3299,0.0326,0.1334,0.0001,0.0211,0.0125,0.0094
1990.75,0.3899,0.0046,0.0045,0.0174,0.3334,0.0328,0.1321,0.0001,0.0227,0.0125,0.0094
1990.8333,0.3873,0.0042,0.0045,0.0161,0.3367,0.033,0.1311,0.0001,0.0244,0.0125,0.0094
1990.9167,0.3845,0.0038,0.0044,0.0148,0.3385,0.033,0.1312,0.0001,0.0266,0.0125,0.0094
1991.0,0.3806,0.0035,0.0044,0.0137,0.3412,0.0332,0.1312,0.0001,0.0288,0.0125,0.0094
1991.0833,0.3837,0.0034,0.0044,0.013,0.3425,0.0333,0.1298,0.0001,0.027,0.0125,0.0094
1991.1667,0.3869,0.0032,0.0045,0.0124,0.3438,0.0333,0.1283,0.0001,0.0252,0.0125,0.0094
1991.25,0.39,0.0031,0.0045,0.0118,0.345,0.0334,0.1269,0.0001,0.0234,0.0125,0.0094
1991.3333,0.3931,0.0029,0.0045,0.0112,0.3461,0.0334,0.1255,0.0001,0.0217,0.0125,0.0094
1991.4167,0.3961,0.0028,0.0046,0.0106,0.3471,0.0335,0.1241,0.0001,0.02,0.0125,0.0094
1991.5,0.3992,0.0026,0.0046,0.01,0.3481,0.0335,0.1227,0.0001,0.0184,0.0125,0.0094
1991.5833,0.4021,0.0025,0.0046,0.0094,0.3491,0.0335,0.1214,0.0001,0.0169,0.0125,0.0094
1991.6667,0.405,0.0023,0.0047,0.0089,0.3501,0.0336,0.1199,0.0001,0.0154,0.0125,0.0094
1991.75,0.4078,0.0022,0.0047,0.0083,0.3512,0.0336,0.1185,0.0,0.014,0.0125,0.0094
1991.8333,0.4106,0.002,0.0047,0.0078,0.3522,0.0337,0.117,0.0,0.0126,0.0125,0.0094
1991.9167,0.4132,0.0019,0.0047,0.0073,0.3531,0.0337,0.1156,0.0,0.0114,0.0125,0.0094
1992.0,0.4155,0.0017,0.0048,0.0068,0.3543,0.0338,0.1142,0.0,0.0102,0.0125,0.0094
1992.0833,0.399,0.0016,0.0046,0.0067,0.3739,0.0356,0.1118,0.0,0.01,0.0125,0.0094
1992.1667,0.3825,0.0015,0.0044,0.0065,0.3937,0.0374,0.1095,0.0,0.0097,0.0125,0.0094
1992.25,0.366,0.0014,0.0042,0.0064,0.4136,0.0393,0.107,0.0,0.0093,0.0125,0.0094
1992.3333,0.3497,0.0013,0.004,0.0062,0.4335,0.0411,0.1044,0.0,0.0089,0.0125,0.0094
1992.4167,0.3334,0.0012,0.0038,0.0059,0.4535,0.043,0.1017,0.0,0.0085,0.0125,0.0094
1992.5,0.3174,0.0011,0.0036,0.0057,0.4737,0.0448,0.0988,0.0,0.0081,0.0125,0.0094
1992.5833,0.3016,0.0011,0.0035,0.0054,0.4939,0.0467,0.0956,0.0,0.0075,0.0125,0.0094
1992.6667,0.2859,0.001,0.0033,0.0051,0.5142,0.0486,0.0923,0.0,0.007,0.0125,0.0094
1992.75,0.2705,0.0009,0.0031,0.0048,0.5344,0.0504,0.0889,0.0,0.0065,0.0125,0.0094
1992.8333,0.2552,0.0009,0.0029,0.0044,0.5546,0.0523,0.0853,0.0,0.0059,0.0125,0.0094
1992.9167,0.2401,0.0008,0.0028,0.0041,0.5746,0.0541,0.0817,0.0,0.0055,0.0125,0.0094
1993.0,0.2271,0.0007,0.0026,0.0038,0.5918,0.0557,0.0786,0.0,0.0051,0.0125,0.0094
1993.0833,0.2229,0.0007,0.0026,0.0037,0.5942,0.0559,0.0802,0.0,0.0052,0.0125,0.0094
1993.1667,0.2199,0.0007,0.0025,0.0036,0.5948,0.056,0.0823,0.0,0.0055,0.0125,0.0094
1993.25,0.2173,0.0007,0.0025,0.0035,0.5947,0.0559,0.0847,0.0,0.0057,0.0125,0.0094
1993.3333,0.2146,0.0007,0.0025,0.0035,0.5947,0.0559,0.0872,0.0,0.0059,0.0125,0.0094
1993.4167,0.2141,0.0007,0.0025,0.0034,0.5911,0.0556,0.0908,0.0,0.0062,0.0125,0.0094
1993.5,0.2131,0.0007,0.0024,0.0034,0.5906,0.0555,0.092,0.0,0.0065,0.0125,0.0094
1993.5833,0.212,0.0007,0.0024,0.0034,0.5901,0.0555,0.093,0.0,0.0069,0.0125,0.0094
1993.6667,0.2109,0.0007,0.0024,0.0034,0.5897,0.0555,0.0941,0.0,0.0072,0.0125,0.0094
1993.75,0.2099,0.0007,0.0024,0.0034,0.5892,0.0554,0.0951,0.0,0.0075,0.0125,0.0094
1993.8333,0.2088,0.0007,0.0024,0.0034,0.5888,0.0554,0.0962,0.0,0.0078,0.0125,0.0094
1993.9167,0.2114,0.0007,0.0024,0.0033,0.5827,0.0548,0.099,0.0,0.0083,0.0125,0.0094
1994.0,0.2156,0.0007,0.0025,0.0033,0.574,0.054,0.1025,0.0,0.009,0.0125,0.0094
1994.0833,0.2169,0.0007,0.0025,0.0033,0.5701,0.0536,0.1034,0.0,0.0104,0.0125,0.0094
1994.1667,0.2182,0.0007,0.0025,0.0033,0.5659,0.0532,0.1043,0.0,0.012,0.0125,0.0094
1994.25,0.2196,0.0007,0.0025,0.0032,0.5617,0.0528,0.1052,0.0,0.0137,0.0125,0.0094
1994.3333,0.2209,0.0007,0.0025,0.0032,0.5573,0.0524,0.1061,0.0,0.0155,0.0125,0.0094
1994.4167,0.2223,0.0007,0.0025,0.0032,0.5528,0.052,0.1071,0.0,0.0173,0.0125,0.0094
1994.5,0.2235,0.0007,0.0026,0.0032,0.5481,0.0516,0.1082,0.0,0.0193,0.0125,0.0094
1994.5833,0.2247,0.0007,0.0026,0.0031,0.5434,0.0511,0.1092,0.0,0.0214,0.0125,0.0094
1994.6667,0.2259,0.0007,0.0026,0.0031,0.5386,0.0507,0.1102,0.0,0.0236,0.0125,0.0094
1994.75,0.2274,0.0007,0.0026,0.0031,0.5331,0.0501,0.1114,0.0,0.0261,0.0125,0.0094
1994.8333,0.2303,0.0007,0.0026,0.003,0.5251,0.0494,0.1132,0.0,0.0288,0.0125,0.0094
1994.9167,0.2331,0.0008,0.0027,0.003,0.517,0.0486,0.115,0.0,0.0316,0.0125,0.0094
1995.0,0.2375,0.0008,0.0027,0.0029,0.5061,0.0476,0.1176,0.0,0.0348,0.0125,0.0094
1995.0833,0.2477,0.0008,0.0028,0.0028,0.4926,0.0463,0.1204,0.0,0.0351,0.0125,0.0094
1995.1667,0.2548,0.0008,0.0029,0.0028,0.4823,0.0454,0.1228,0.0,0.0356,0.0125,0.0094
1995.25,0.2621,0.0009,0.003,0.0027,0.4712,0.0443,0.1255,0.0,0.0364,0.0125,0.0094
1995.3333,0.2698,0.0009,0.0031,0.0026,0.459,0.0432,0.1287,0.0,0.0374,0.0125,0.0094
1995.4167,0.2744,0.0009,0.0031,0.0026,0.4497,0.0423,0.1317,0.0,0.0387,0.0125,0.0094
1995.5,0.2792,0.0009,0.0032,0.0025,0.4405,0.0414,0.1346,0.0,0.0399,0.0125,0.0094
1995.5833,0.2817,0.0009,0.0032,0.0025,0.4335,0.0408,0.1374,0.0,0.0412,0.0125,0.0094
1995.6667,0.2828,0.0009,0.0032,0.0025,0.4279,0.0402,0.14,0.0,0.0427,0.0125,0.0094
1995.75,0.2839,0.0009,0.0033,0.0024,0.4222,0.0397,0.1427,0.0,0.0443,0.0125,0.0093
1995.8333,0.2848,0.0009,0.0033,0.0024,0.4166,0.0392,0.1454,0.0,0.046,0.0125,0.0093
1995.9167,0.2854,0.0009,0.0033,0.0024,0.4142,0.039,0.1446,0.0,0.0481,0.0124,0.0093
1996.0,0.2862,0.0009,0.0033,0.0024,0.4121,0.0388,0.1439,0.0,0.0499,0.0124,0.0093
1996.0833,0.285,0.0009,0.0033,0.0024,0.4187,0.0394,0.1412,0.0,0.0475,0.0126,0.0095
1996.1667,0.2848,0.0009,0.0033,0.0024,0.4234,0.0398,0.139,0.0,0.0455,0.0128,0.0096
1996.25,0.2851,0.0009,0.0033,0.0025,0.4271,0.0402,0.1372,0.0,0.0435,0.013,0.0098
1996.3333,0.287,0.0009,0.0033,0.0025,0.4278,0.0402,0.1364,0.0,0.0418,0.0132,0.0099
1996.4167,0.291,0.0009,0.0033,0.0024,0.4249,0.04,0.1366,0.0,0.0405,0.0134,0.0101
1996.5,0.295,0.001,0.0034,0.0024,0.4221,0.0397,0.1367,0.0,0.0391,0.0136,0.0102
1996.5833,0.2991,0.001,0.0034,0.0024,0.4192,0.0394,0.1368,0.0,0.0379,0.0139,0.0104
1996.6667,0.3033,0.001,0.0035,0.0024,0.4162,0.0391,0.1369,0.0,0.0367,0.0141,0.0106
1996.75,0.3091,0.001,0.0035,0.0024,0.4104,0.0386,0.1377,0.0,0.0357,0.0143,0.0107
1996.8333,0.3175,0.001,0.0036,0.0023,0.4002,0.0376,0.1396,0.0,0.0353,0.0145,0.0109
1996.9167,0.3266,0.0011,0.0037,0.0022,0.3889,0.0366,0.1419,0.0,0.0349,0.0147,0.011
1997.0,0.3378,0.0011,0.0039,0.0022,0.3744,0.0352,0.145,0.0,0.0347,0.0149,0.0112
1997.0833,0.3495,0.0011,0.004,0.002,0.3556,0.0334,0.1467,0.0,0.0388,0.0151,0.0113
1997.1667,0.3624,0.0012,0.0042,0.0019,0.3343,0.0314,0.1491,0.0,0.0434,0.0153,0.0115
1997.25,0.3687,0.0012,0.0042,0.0018,0.3175,0.0299,0.1523,0.0,0.0489,0.0155,0.0117
1997.3333,0.3746,0.0012,0.0043,0.0017,0.3009,0.0283,0.1553,0.0,0.0548,0.0157,0.0118
1997.4167,0.3799,0.0012,0.0044,0.0016,0.2844,0.0268,0.158,0.0,0.0611,0.016,0.012
1997.5,0.3849,0.0012,0.0044,0.0015,0.2681,0.0252,0.1605,0.0,0.0677,0.0162,0.0121
1997.5833,0.3894,0.0013,0.0045,0.0014,0.2522,0.0237,0.163,0.0,0.0743,0.0164,0.0123
1997.6667,0.3935,0.0013,0.0045,0.0014,0.2365,0.0222,0.1653,0.0,0.0812,0.0166,0.0124
1997.75,0.3969,0.0013,0.0046,0.0013,0.2211,0.0208,0.1674,0.0,0.0885,0.0168,0.0126
1997.8333,0.3997,0.0013,0.0046,0.0012,0.206,0.0194,0.1694,0.0,0.096,0.017,0.0127
1997.9167,0.4017,0.0013,0.0046,0.0011,0.1913,0.018,0.1712,0.0,0.104,0.0172,0.0129
1998.0,0.4046,0.0013,0.0046,0.001,0.1788,0.0168,0.1742,0.0,0.1092,0.0171,0.0128
1998.0833,0.3956,0.0013,0.0045,0.001,0.1751,0.0165,0.1807,0.0,0.115,0.0166,0.0125
1998.1667,0.3871,0.0013,0.0044,0.001,0.1733,0.0163,0.1858,0.0,0.1202,0.0162,0.0121
1998.25,0.3806,0.0012,0.0044,0.001,0.1725,0.0162,0.1919,0.0,0.1219,0.0159,0.0119
1998.3333,0.3741,0.0012,0.0043,0.001,0.1717,0.0162,0.1981,0.0,0.1234,0.0155,0.0116
1998.4167,0.3699,0.0012,0.0042,0.001,0.1724,0.0162,0.2059,0.0,0.1203,0.0153,0.0115
1998.5,0.3641,0.0012,0.0042,0.001,0.1749,0.0165,0.2128,0.0001,0.1175,0.0151,0.0113
1998.5833,0.3591,0.0012,0.0041,0.001,0.1779,0.0167,0.218,0.0001,0.1153,0.0149,0.0112
1998.6667,0.3541,0.0011,0.0041,0.001,0.1808,0.017,0.223,0.0001,0.1132,0.0147,0.011
1998.75,0.35,0.0011,0.004,0.0011,0.1844,0.0173,0.2259,0.0001,0.1116,0.0145,0.0109
1998.8333,0.3498,0.0011,0.004,0.0011,0.1907,0.0179,0.2249,0.0001,0.1085,0.014,0.0105
1998.9167,0.3518,0.0011,0.004,0.0011,0.1985,0.0187,0.2252,0.0001,0.1012,0.0135,0.0101
1999.0,0.3554,0.0012,0.0041,0.0012,0.2075,0.0195,0.2264,0.0001,0.0903,0.013,0.0098
1999.0833,0.3482,0.0011,0.004,0.0012,0.2113,0.0199,0.2259,0.0001,0.0947,0.0126,0.0094
1999.1667,0.3424,0.0011,0.0039,0.0012,0.2122,0.02,0.2263,0.0001,0.0996,0.0121,0.0091
1999.25,0.3376,0.0011,0.0039,0.0012,0.2108,0.0198,0.2273,0.0001,0.1049,0.0117,0.0088
1999.3333,0.3328,0.0011,0.0038,0.0012,0.2095,0.0197,0.2283,0.0001,0.1105,0.0113,0.0085
1999.4167,0.3278,0.0011,0.0038,0.0012,0.2081,0.0196,0.2292,0.0001,0.1163,0.0108,0.0081
1999.5,0.323,0.001,0.0037,0.0012,0.2071,0.0195,0.2292,0.0001,0.1227,0.0104,0.0078
1999.5833,0.3191,0.001,0.0037,0.0012,0.2072,0.0195,0.2266,0.0001,0.1297,0.01,0.0075
1999.6667,0.3121,0.001,0.0036,0.0012,0.2087,0.0196,0.2248,0.0001,0.1376,0.0096,0.0072
1999.75,0.3049,0.001,0.0035,0.0012,0.2101,0.0198,0.2231,0.0001,0.1459,0.0092,0.0069
1999.8333,0.2979,0.001,0.0034,0.0012,0.2115,0.0199,0.2213,0.0001,0.1541,0.0088,0.0066
1999.9167,0.2925,0.0009,0.0034,0.0012,0.2089,0.0197,0.2207,0.0001,0.1634,0.0084,0.0063
2000.0,0.2876,0.0009,0.0033,0.0012,0.2051,0.0193,0.2206,0.0001,0.173,0.008,0.006
2000.0833,0.2859,0.0009,0.0033,0.0012,0.206,0.0194,0.2166,0.0001,0.1783,0.0079,0.0059
2000.1667,0.2843,0.0009,0.0033,0.0012,0.2073,0.0195,0.2121,0.0001,0.1838,0.0077,0.0058
2000.25,0.2831,0.0009,0.0032,0.0012,0.2095,0.0197,0.205,0.0001,0.1905,0.0076,0.0057
2000.3333,0.2831,0.0009,0.0032,0.0012,0.2126,0.02,0.1989,0.0001,0.1941,0.0074,0.0056
2000.4167,0.2864,0.0009,0.0033,0.0013,0.2184,0.0205,0.1952,0.0001,0.1894,0.0074,0.0056
2000.5,0.2895,0.0009,0.0033,0.0013,0.2241,0.0211,0.1913,0.0001,0.1848,0.0074,0.0055
2000.5833,0.2903,0.0009,0.0033,0.0013,0.2309,0.0217,0.1873,0.0001,0.1818,0.0074,0.0055
2000.6667,0.287,0.0009,0.0033,0.0014,0.2408,0.0226,0.1809,0.0001,0.182,0.0073,0.0055
2000.75,0.2853,0.0009,0.0033,0.0015,0.2532,0.0238,0.1761,0.0001,0.1764,0.0074,0.0055
2000.8333,0.283,0.0009,0.0032,0.0015,0.2693,0.0253,0.173,0.0001,0.166,0.0075,0.0056
2000.9167,0.2804,0.0009,0.0032,0.0016,0.2858,0.0269,0.1698,0.0001,0.1556,0.0076,0.0057
2001.0,0.2775,0.0009,0.0032,0.0017,0.3028,0.0285,0.1664,0.0001,0.1453,0.0077,0.0058
2001.0833,0.27,0.0009,0.0031,0.0019,0.3287,0.0309,0.1611,0.0001,0.1339,0.0074,0.0055
2001.1667,0.264,0.0009,0.003,0.002,0.3504,0.033,0.1567,0.0001,0.124,0.007,0.0053
2001.25,0.2598,0.0008,0.003,0.0021,0.367,0.0345,0.1535,0.0001,0.116,0.0067,0.0051
2001.3333,0.2563,0.0008,0.0029,0.0022,0.3817,0.0359,0.1506,0.0001,0.1086,0.0064,0.0048
2001.4167,0.2529,0.0008,0.0029,0.0023,0.3958,0.0372,0.1479,0.0001,0.1016,0.0062,0.0046
2001.5,0.2527,0.0008,0.0029,0.0023,0.4013,0.0377,0.1478,0.0001,0.0971,0.0059,0.0044
2001.5833,0.2523,0.0008,0.0029,0.0023,0.4037,0.038,0.1489,0.0001,0.0944,0.0056,0.0042
2001.6667,0.257,0.0008,0.0029,0.0023,0.393,0.037,0.1542,0.0001,0.0952,0.0053,0.004
2001.75,0.2603,0.0008,0.003,0.0022,0.3832,0.036,0.1598,0.0002,0.0964,0.005,0.0038
2001.8333,0.2681,0.0009,0.0031,0.0021,0.3639,0.0342,0.1682,0.0002,0.0993,0.0047,0.0036
2001.9167,0.2769,0.0009,0.0032,0.002,0.3421,0.0322,0.1775,0.0002,0.103,0.0045,0.0034
2002.0,0.287,0.0009,0.0033,0.0018,0.317,0.0298,0.188,0.0002,0.1075,0.0043,0.0032
2002.0833,0.2914,0.0009,0.0033,0.0017,0.2934,0.0276,0.1974,0.0002,0.1175,0.004,0.003
2002.1667,0.2953,0.001,0.0034,0.0016,0.2717,0.0256,0.2043,0.0002,0.1287,0.0038,0.0028
2002.25,0.2999,0.001,0.0034,0.0015,0.2536,0.0239,0.2052,0.0002,0.1423,0.0035,0.0027
2002.3333,0.3041,0.001,0.0035,0.0014,0.2366,0.0223,0.2044,0.0002,0.1569,0.0033,0.0025
2002.4167,0.3097,0.001,0.0036,0.0013,0.2214,0.0208,0.2045,0.0002,0.1674,0.0031,0.0023
2002.5,0.3132,0.001,0.0036,0.0012,0.2089,0.0196,0.2037,0.0002,0.1782,0.0029,0.0022
2002.5833,0.3159,0.001,0.0036,0.0011,0.1979,0.0186,0.2011,0.0002,0.1904,0.0027,0.002
2002.6667,0.3137,0.001,0.0036,0.0011,0.1889,0.0178,0.1991,0.0002,0.2051,0.0025,0.0019
2002.75,0.3098,0.001,0.0036,0.001,0.1806,0.017,0.197,0.0002,0.221,0.0024,0.0018
2002.8333,0.3056,0.001,0.0035,0.001,0.1725,0.0162,0.1947,0.0002,0.2374,0.0022,0.0016
2002.9167,0.2996,0.001,0.0034,0.001,0.1657,0.0156,0.19,0.0002,0.2569,0.002,0.0015
2003.0,0.2922,0.0009,0.0034,0.0009,0.1599,0.015,0.1845,0.0002,0.2779,0.0018,0.0014
2003.0833,0.2873,0.0009,0.0033,0.0009,0.1613,0.0152,0.1832,0.0002,0.2835,0.0018,0.0013
2003.1667,0.2831,0.0009,0.0032,0.0009,0.163,0.0153,0.1823,0.0003,0.2875,0.0017,0.0013
2003.25,0.281,0.0009,0.0032,0.001,0.166,0.0156,0.1827,0.0003,0.2864,0.0016,0.0012
2003.3333,0.2781,0.0009,0.0032,0.001,0.1694,0.0159,0.1834,0.0003,0.2854,0.0016,0.0012
2003.4167,0.2739,0.0009,0.0031,0.001,0.1738,0.0163,0.185,0.0003,0.2836,0.0016,0.0012
2003.5,0.2689,0.0009,0.0031,0.001,0.1796,0.0169,0.1875,0.0003,0.2801,0.0015,0.0011
2003.5833,0.2628,0.0009,0.003,0.0011,0.1859,0.0175,0.1902,0.0003,0.277,0.0015,0.0011
2003.6667,0.2566,0.0008,0.0029,0.0011,0.1922,0.0181,0.1927,0.0003,0.2742,0.0015,0.0011
2003.75,0.2522,0.0008,0.0029,0.0011,0.2,0.0188,0.1964,0.0004,0.2665,0.0015,0.0011
2003.8333,0.2479,0.0008,0.0028,0.0012,0.208,0.0196,0.2003,0.0004,0.2582,0.0014,0.0011
2003.9167,0.2445,0.0008,0.0028,0.0012,0.2117,0.0199,0.2053,0.0004,0.2523,0.0014,0.0011
2004.0,0.2408,0.0008,0.0028,0.0012,0.2151,0.0202,0.2106,0.0004,0.2466,0.0014,0.0011
2004.0833,0.2388,0.0008,0.0027,0.0013,0.2176,0.0205,0.2134,0.0004,0.2428,0.0014,0.0011
2004.1667,0.2383,0.0008,0.0027,0.0013,0.2187,0.0206,0.2119,0.0005,0.2438,0.0015,0.0011
2004.25,0.2381,0.0008,0.0027,0.0013,0.2207,0.0208,0.2082,0.0005,0.246,0.0015,0.0011
2004.3333,0.2373,0.0008,0.0027,0.0013,0.224,0.0211,0.2054,0.0005,0.2464,0.0015,0.0011
2004.4167,0.2357,0.0008,0.0027,0.0013,0.229,0.0215,0.2036,0.0005,0.2447,0.0015,0.0011
2004.5,0.2342,0.0008,0.0027,0.0013,0.234,0.022,0.2019,0.0006,0.2428,0.0015,0.0012
2004.5833,0.2327,0.0008,0.0027,0.0014,0.2391,0.0225,0.2002,0.0006,0.2408,0.0016,0.0012
2004.6667,0.2301,0.0007,0.0026,0.0014,0.2447,0.023,0.1984,0.0006,0.2395,0.0016,0.0012
2004.75,0.2251,0.0007,0.0026,0.0014,0.2513,0.0236,0.1968,0.0006,0.2396,0.0016,0.0012
2004.8333,0.2199,0.0007,0.0025,0.0015,0.256,0.0241,0.1949,0.0007,0.2422,0.0016,0.0012
2004.9167,0.2138,0.0007,0.0025,0.0015,0.2586,0.0243,0.1919,0.0007,0.2492,0.0017,0.0012
2005.0,0.2091,0.0007,0.0024,0.0015,0.2575,0.0242,0.1873,0.0007,0.2602,0.0017,0.0013
2005.0833,0.2109,0.0007,0.0024,0.0014,0.2426,0.0228,0.1845,0.0007,0.2768,0.0017,0.0013
2005.1667,0.2128,0.0007,0.0024,0.0013,0.2287,0.0215,0.1818,0.0008,0.2921,0.0017,0.0013
2005.25,0.2156,0.0007,0.0025,0.0012,0.2164,0.0204,0.1799,0.0008,0.3037,0.0018,0.0013
2005.3333,0.2198,0.0007,0.0025,0.0012,0.2061,0.0194,0.1794,0.0009,0.31,0.0018,0.0014
2005.4167,0.2219,0.0007,0.0025,0.0011,0.1968,0.0185,0.1788,0.0009,0.3176,0.0019,0.0014
2005.5,0.2243,0.0007,0.0026,0.0011,0.1894,0.0178,0.1794,0.001,0.3213,0.002,0.0015
2005.5833,0.2254,0.0007,0.0026,0.001,0.1826,0.0172,0.1802,0.001,0.3256,0.0021,0.0015
2005.6667,0.2264,0.0007,0.0026,0.001,0.1779,0.0167,0.1825,0.0011,0.326,0.0022,0.0016
2005.75,0.229,0.0007,0.0026,0.001,0.1747,0.0164,0.1863,0.0012,0.3211,0.0023,0.0017
2005.8333,0.2317,0.0008,0.0027,0.001,0.1715,0.0161,0.1902,0.0013,0.316,0.0024,0.0018
2005.9167,0.2359,0.0008,0.0027,0.0009,0.165,0.0155,0.1954,0.0014,0.3114,0.0025,0.0019
2006.0,0.2399,0.0008,0.0028,0.0009,0.1591,0.015,0.2024,0.0015,0.3041,0.0027,0.002
2006.0833,0.2459,0.0008,0.0028,0.0009,0.1538,0.0145,0.2059,0.0017,0.2989,0.0029,0.0022
2006.1667,0.2525,0.0008,0.0029,0.0009,0.1489,0.014,0.2099,0.0018,0.292,0.0031,0.0023
2006.25,0.2599,0.0008,0.003,0.0008,0.1446,0.0136,0.2104,0.0019,0.2874,0.0034,0.0025
2006.3333,0.2674,0.0009,0.0031,0.0008,0.1403,0.0132,0.2107,0.002,0.283,0.0036,0.0027
2006.4167,0.276,0.0009,0.0032,0.0008,0.1367,0.0129,0.2089,0.0021,0.2794,0.0038,0.0028
2006.5,0.2869,0.0009,0.0033,0.0008,0.1342,0.0126,0.2071,0.0021,0.2738,0.0036,0.0027
2006.5833,0.2989,0.001,0.0034,0.0008,0.1327,0.0125,0.1995,0.0021,0.272,0.0034,0.0025
2006.6667,0.3115,0.001,0.0036,0.0008,0.1316,0.0124,0.1897,0.0021,0.2715,0.0032,0.0024
2006.75,0.3261,0.0011,0.0037,0.0008,0.1313,0.0124,0.1778,0.0021,0.27,0.003,0.0023
2006.8333,0.3425,0.0011,0.0039,0.0008,0.1318,0.0124,0.1655,0.0021,0.2662,0.0029,0.0022
2006.9167,0.359,0.0012,0.0041,0.0008,0.1323,0.0124,0.1533,0.002,0.2624,0.0027,0.002
2007.0,0.3758,0.0012,0.0043,0.0008,0.1332,0.0125,0.1413,0.002,0.2573,0.0026,0.0019
2007.0833,0.3904,0.0013,0.0045,0.0008,0.1369,0.0129,0.1379,0.002,0.2412,0.0026,0.0019
2007.1667,0.4053,0.0013,0.0046,0.0008,0.1407,0.0132,0.1342,0.002,0.2251,0.0026,0.0019
2007.25,0.4201,0.0014,0.0048,0.0008,0.1443,0.0136,0.1301,0.0021,0.2097,0.0025,0.0019
2007.3333,0.4349,0.0014,0.005,0.0009,0.1479,0.0139,0.1259,0.0021,0.1944,0.0025,0.0019
2007.4167,0.4463,0.0014,0.0051,0.0009,0.1526,0.0144,0.1222,0.0021,0.1811,0.0025,0.0019
2007.5,0.4549,0.0015,0.0052,0.0009,0.1582,0.0149,0.1188,0.0021,0.1695,0.0025,0.0019
2007.5833,0.462,0.0015,0.0053,0.0009,0.1644,0.0155,0.1155,0.0022,0.1586,0.0025,0.0019
2007.6667,0.4629,0.0015,0.0053,0.001,0.1727,0.0162,0.1133,0.0022,0.151,0.0024,0.0018
2007.75,0.4604,0.0015,0.0053,0.001,0.1823,0.0171,0.1115,0.0022,0.1449,0.0024,0.0018
2007.8333,0.4563,0.0015,0.0052,0.0011,0.1928,0.0181,0.1098,0.0023,0.1395,0.0024,0.0018
2007.9167,0.452,0.0015,0.0052,0.0012,0.2035,0.0191,0.108,0.0024,0.1343,0.0024,0.0018
2008.0,0.448,0.0015,0.0051,0.0012,0.2137,0.0201,0.1065,0.0024,0.129,0.0023,0.0018
2008.0833,0.4538,0.0015,0.0052,0.0012,0.2167,0.0204,0.1029,0.0024,0.1251,0.0024,0.0018
2008.1667,0.4596,0.0015,0.0053,0.0013,0.2196,0.0207,0.0992,0.0024,0.1213,0.0024,0.0018
2008.25,0.4653,0.0015,0.0053,0.0013,0.2224,0.0209,0.0954,0.0024,0.1176,0.0024,0.0018
2008.3333,0.4691,0.0015,0.0054,0.0013,0.2263,0.0213,0.092,0.0024,0.1144,0.0024,0.0018
2008.4167,0.4751,0.0015,0.0055,0.0013,0.2291,0.0215,0.0894,0.0024,0.109,0.0024,0.0018
2008.5,0.4854,0.0016,0.0056,0.0013,0.2305,0.0217,0.0874,0.0024,0.0996,0.0024,0.0018
2008.5833,0.4956,0.0016,0.0057,0.0013,0.2318,0.0218,0.0853,0.0024,0.0906,0.0025,0.0018
2008.6667,0.5057,0.0016,0.0058,0.0013,0.2329,0.0219,0.083,0.0024,0.0821,0.0025,0.0019
2008.75,0.5156,0.0017,0.0059,0.0013,0.2338,0.022,0.0806,0.0024,0.074,0.0025,0.0019
2008.8333,0.5256,0.0017,0.006,0.0013,0.2345,0.0221,0.0781,0.0024,0.0661,0.0025,0.0019
2008.9167,0.5353,0.0017,0.0061,0.0014,0.2351,0.0221,0.0756,0.0024,0.0585,0.0026,0.0019
2009.0,0.5431,0.0018,0.0062,0.0014,0.2368,0.0223,0.0732,0.0024,0.0517,0.0026,0.0019
2009.0833,0.5257,0.0017,0.006,0.0015,0.2525,0.0238,0.0732,0.0025,0.054,0.0026,0.002
2009.1667,0.5081,0.0016,0.0058,0.0015,0.2686,0.0253,0.073,0.0026,0.0563,0.0027,0.002
2009.25,0.4905,0.0016,0.0056,0.0016,0.2844,0.0268,0.0728,0.0026,0.0589,0.0027,0.002
2009.3333,0.4761,0.0015,0.0055,0.0017,0.2959,0.0281,0.0729,0.0027,0.0618,0.0027,0.0021
2009.4167,0.4617,0.0015,0.0053,0.0018,0.3075,0.0295,0.0729,0.0028,0.0649,0.0028,0.0021
2009.5,0.4471,0.0015,0.0051,0.0018,0.3191,0.0309,0.0728,0.0029,0.0684,0.0028,0.0021
2009.5833,0.4351,0.0014,0.005,0.0019,0.3269,0.0321,0.073,0.0031,0.0724,0.0028,0.0021
2009.6667,0.4238,0.0014,0.0049,0.0019,0.3338,0.0334,0.0733,0.0032,0.0765,0.0029,0.0022
2009.75,0.4129,0.0013,0.0047,0.002,0.34,0.0347,0.0735,0.0033,0.0809,0.0029,0.0022
2009.8333,0.403,0.0013,0.0046,0.002,0.3436,0.036,0.0743,0.0034,0.086,0.0029,0.0022
2009.9167,0.3856,0.0013,0.0044,0.002,0.3531,0.0379,0.0751,0.0036,0.0928,0.003,0.0022
2010.0,0.3646,0.0012,0.0042,0.0021,0.3652,0.0401,0.0757,0.0038,0.1007,0.003,0.0023
2010.0833,0.3518,0.0011,0.004,0.0021,0.3639,0.0399,0.0806,0.0042,0.1106,0.0031,0.0023
2010.1667,0.3395,0.0011,0.0039,0.0021,0.3616,0.0396,0.0856,0.0046,0.1211,0.0032,0.0024
2010.25,0.3312,0.0011,0.0038,0.002,0.3514,0.0391,0.0917,0.005,0.1337,0.0033,0.0025
2010.3333,0.3234,0.001,0.0037,0.002,0.3397,0.0385,0.098,0.0056,0.1473,0.0034,0.0025
2010.4167,0.3164,0.001,0.0036,0.0019,0.3251,0.0377,0.1047,0.0062,0.1625,0.0034,0.0026
2010.5,0.3091,0.001,0.0035,0.0018,0.3108,0.0369,0.1115,0.0068,0.1777,0.0035,0.0026
2010.5833,0.3013,0.001,0.0035,0.0017,0.2975,0.0362,0.1162,0.0073,0.1944,0.0036,0.0027
2010.6667,0.2937,0.001,0.0034,0.0016,0.2859,0.0356,0.1195,0.0078,0.2105,0.0037,0.0027
2010.75,0.2873,0.0009,0.0033,0.0016,0.2758,0.0351,0.1232,0.0084,0.2233,0.0038,0.0028
2010.8333,0.281,0.0009,0.0032,0.0015,0.2663,0.0347,0.127,0.009,0.2352,0.0039,0.0029
2010.9167,0.2764,0.0009,0.0032,0.0015,0.2586,0.0345,0.1316,0.0096,0.2425,0.004,0.003
2011.0,0.2717,0.0009,0.0031,0.0014,0.2519,0.0344,0.1335,0.0102,0.2515,0.0042,0.0031
2011.0833,0.2731,0.0009,0.0031,0.0014,0.2458,0.0349,0.1357,0.0107,0.2523,0.0044,0.0033
2011.1667,0.2744,0.0009,0.0031,0.0014,0.2397,0.0354,0.1379,0.0111,0.253,0.0046,0.0035
2011.25,0.2757,0.0009,0.0032,0.0013,0.2335,0.0359,0.1402,0.0116,0.254,0.0049,0.0037
2011.3333,0.2768,0.0009,0.0032,0.0013,0.2272,0.0363,0.1424,0.0121,0.2552,0.0051,0.0039
2011.4167,0.2779,0.0009,0.0032,0.0013,0.221,0.0367,0.1445,0.0126,0.2564,0.0054,0.004
2011.5,0.2808,0.0009,0.0032,0.0012,0.2162,0.0373,0.1474,0.0132,0.2534,0.0057,0.0043
2011.5833,0.2846,0.0009,0.0033,0.0012,0.2119,0.0379,0.1506,0.0139,0.2486,0.006,0.0045
2011.6667,0.2884,0.0009,0.0033,0.0012,0.2078,0.0386,0.154,0.0146,0.2436,0.0063,0.0047
2011.75,0.2923,0.0009,0.0034,0.0012,0.2036,0.0392,0.1573,0.0153,0.2385,0.0066,0.005
2011.8333,0.2967,0.001,0.0034,0.0011,0.1998,0.0398,0.1611,0.0161,0.2322,0.007,0.0052
2011.9167,0.303,0.001,0.0035,0.0011,0.1971,0.0407,0.1661,0.017,0.2217,0.0073,0.0055
2012.0,0.3093,0.001,0.0035,0.0011,0.1943,0.0416,0.1711,0.018,0.2114,0.0077,0.0058
2012.0833,0.3179,0.001,0.0036,0.0011,0.1882,0.0421,0.1733,0.0188,0.2046,0.0082,0.0061
2012.1667,0.3264,0.0011,0.0037,0.001,0.1818,0.0425,0.1755,0.0197,0.1982,0.0086,0.0064
2012.25,0.3349,0.0011,0.0038,0.001,0.1755,0.0428,0.1776,0.0206,0.192,0.009,0.0067
2012.3333,0.3439,0.0011,0.0039,0.001,0.1692,0.0431,0.1795,0.0215,0.1856,0.0094,0.0071
2012.4167,0.3528,0.0011,0.004,0.0009,0.1629,0.0433,0.1812,0.0223,0.1797,0.0099,0.0074
2012.5,0.3619,0.0012,0.0042,0.0009,0.1566,0.0434,0.1828,0.0232,0.1737,0.0103,0.0077
2012.5833,0.3713,0.0012,0.0043,0.0009,0.1505,0.0434,0.1844,0.0241,0.1673,0.0107,0.0081
2012.6667,0.3805,0.0012,0.0044,0.0008,0.1444,0.0434,0.1859,0.025,0.1615,0.0112,0.0084
2012.75,0.3893,0.0013,0.0045,0.0008,0.1385,0.0433,0.1876,0.026,0.1557,0.0117,0.0087
2012.8333,0.3948,0.0013,0.0045,0.0008,0.1334,0.0434,0.1897,0.027,0.1515,0.0121,0.0091
2012.9167,0.4,0.0013,0.0046,0.0007,0.1282,0.0434,0.192,0.0281,0.1476,0.0126,0.0095
2013.0,0.4052,0.0013,0.0047,0.0007,0.1231,0.0434,0.1942,0.0292,0.1437,0.0131,0.0098
2013.0833,0.396,0.0013,0.0045,0.0007,0.1257,0.0446,0.1993,0.0303,0.1445,0.0133,0.01
2013.1667,0.3867,0.0013,0.0044,0.0007,0.1283,0.0458,0.2045,0.0314,0.1451,0.0136,0.0102
2013.25,0.3774,0.0012,0.0043,0.0008,0.1308,0.0471,0.2094,0.0325,0.146,0.0138,0.0103
2013.3333,0.3696,0.0012,0.0042,0.0008,0.1342,0.0487,0.2104,0.0327,0.1477,0.014,0.0105
2013.4167,0.3632,0.0012,0.0041,0.0008,0.1383,0.0505,0.212,0.033,0.1469,0.0143,0.0107
2013.5,0.3583,0.0012,0.0041,0.0008,0.143,0.0526,0.2145,0.0335,0.1431,0.0147,0.011
2013.5833,0.3532,0.0011,0.004,0.0008,0.1478,0.0548,0.217,0.0339,0.1394,0.015,0.0113
2013.6667,0.348,0.0011,0.004,0.0009,0.1527,0.057,0.2194,0.0344,0.1358,0.0154,0.0115
2013.75,0.3428,0.0011,0.0039,0.0009,0.1576,0.0592,0.2212,0.0347,0.1327,0.0157,0.0118
2013.8333,0.3381,0.0011,0.0038,0.0009,0.1627,0.0616,0.2227,0.035,0.1292,0.0161,0.0121
2013.9167,0.3333,0.0011,0.0038,0.001,0.168,0.064,0.2239,0.0353,0.1258,0.0164,0.0123
2014.0,0.3286,0.0011,0.0037,0.001,0.1734,0.0666,0.2252,0.0355,0.1222,0.0168,0.0126
2014.0833,0.3305,0.0011,0.0037,0.001,0.1716,0.0659,0.2295,0.036,0.1196,0.0168,0.0126
2014.1667,0.3327,0.0011,0.0038,0.001,0.1698,0.0652,0.2337,0.0364,0.1168,0.0168,0.0126
2014.25,0.3347,0.0011,0.0038,0.001,0.1679,0.0644,0.238,0.0369,0.1141,0.0168,0.0126
2014.3333,0.3368,0.0011,0.0038,0.001,0.166,0.0637,0.2422,0.0373,0.1115,0.0168,0.0126
2014.4167,0.3387,0.0011,0.0038,0.0009,0.164,0.063,0.2463,0.0377,0.1092,0.0168,0.0126
2014.5,0.3408,0.0011,0.0038,0.0009,0.162,0.0622,0.2502,0.0381,0.1069,0.0168,0.0126
2014.5833,0.3429,0.0011,0.0039,0.0009,0.1599,0.0614,0.2541,0.0385,0.1047,0.0168,0.0126
2014.6667,0.3455,0.0011,0.0039,0.0009,0.158,0.0607,0.2571,0.0387,0.1025,0.0168,0.0126
2014.75,0.3495,0.0011,0.0039,0.0009,0.157,0.0603,0.2563,0.0385,0.1012,0.0168,0.0126
2014.8333,0.3536,0.0011,0.004,0.0009,0.156,0.0599,0.2553,0.0384,0.0999,0.0168,0.0126
2014.9167,0.3578,0.0011,0.004,0.0009,0.155,0.0595,0.2543,0.0382,0.0985,0.0168,0.0126
2015.0,0.3622,0.0012,0.0041,0.0009,0.154,0.0591,0.2531,0.038,0.0972,0.0168,0.0126
2015.0833,0.3627,0.0012,0.0041,0.0009,0.154,0.0591,0.253,0.038,0.0968,0.0168,0.0126
2015.1667,0.3631,0.0012,0.0041,0.0009,0.154,0.0591,0.2528,0.0379,0.0966,0.0168,0.0126
2015.25,0.3635,0.0012,0.0041,0.0009,0.154,0.0591,0.2526,0.0379,0.0965,0.0168,0.0126
2015.3333,0.3637,0.0012,0.0041,0.0009,0.154,0.0591,0.2525,0.0379,0.0964,0.0168,0.0126
2015.4167,0.364,0.0012,0.0041,0.0009,0.1541,0.0592,0.2524,0.0379,0.0962,0.0168,0.0126
2015.5,0.3643,0.0012,0.0041,0.0009,0.1542,0.0592,0.2524,0.0379,0.0958,0.0168,0.0126
2015.5833,0.3643,0.0012,0.0041,0.0009,0.1542,0.0592,0.2524,0.0379,0.0958,0.0168,0.0126
2015.6667,0.3643,0.0012,0.0041,0.0009,0.1542,0.0592,0.2524,0.0379,0.0958,0.0168,0.0126
2015.75,0.3643,0.0012,0.0041,0.0009,0.1542,0.0592,0.2524,0.0379,0.0958,0.0168,0.0126
2015.8333,0.3643,0.0012,0.0041,0.0009,0.1542,0.0592,0.2524,0.0379,0.0958,0.0168,0.0126
2015.9167,0.3643,0.0012,0.0041,0.0009,0.1542,0.0592,0.2524,0.0379,0.0958,0.0168,0.0126
2016.0,0.3643,0.0012,0.0041,0.0009,0.1542,0.0592,0.2524,0.0379,0.0958,0.0168,0.0126
2016.0833,0.3643,0.0012,0.0041,0.0009,0.1542,0.0592,0.2524,0.0379,0.0958,0.0168,0.0126
2016.1667,0.3643,0.0012,0.0041,0.0009,0.1542,0.0592,0.2524,0.0379,0.0958,0.0168,0.0126
2016.25,0.3643,0.0012,0.0041,0.0009,0.1542,0.0592,0.2524,0.0379,0.0958,0.0168,0.0126
2016.3333,0.3643,0.0012,0.0041,0.0009,0.1542,0.0592,0.2524,0.0379,0.0958,0.0168,0.0126
2016.4167,0.3643,0.0012,0.0041,0.0009,0.1542,0.0592,0.2524,0.0379,0.0958,0.0168,0.0126
2016.5,0.3643,0.0012,0.0041,0.0009,0.1542,0.0592,0.2524,0.0379,0.0958,0.0168,0.0126
2016.5833,0.3643,0.0012,0.0041,0.0009,0.1542,0.0592,0.2524,0.0379,0.0958,0.0168,0.0126
2016.6667,0.3643,0.0012,0.0041,0.0009,0.1542,0.0592,0.2524,0.0379,0.0958,0.0168,0.0126
2016.75,0.3643,0.0012,0.0041,0.0009,0.1542,0.0592,0.2524,0.0379,0.0958,0.0168,0.0126
2016.8333,0.3643,0.0012,0.0041,0.0009,0.1542,0.0592,0.2524,0.0379,0.0958,0.0168,0.0126
2016.9167,0.3643,0.0012,0.0041,0.0009,0.1542,0.0592,0.2524,0.0379,0.0958,0.0168,0.0126
2017.0,0.3643,0.0012,0.0041,0.0009,0.1542,0.0592,0.2524,0.0379,0.0958,0.0168,0.0126
2017.0833,0.3643,0.0012,0.0041,0.0009,0.1542,0.0592,0.2524,0.0379,0.0958,0.0168,0.0126
2017.1667,0.3643,0.0012,0.0041,0.0009,0.1542,0.0592,0.2524,0.0379,0.0958,0.0168,0.0126
2017.25,0.3643,0.0012,0.0041,0.0009,0.1542,0.0592,0.2524,0.0379,0.0958,0.0168,0.0126
2017.3333,0.3643,0.0012,0.0041,0.0009,0.1542,0.0592,0.2524,0.0379,0.0958,0.0168,0.0126
2017.4167,0.3643,0.0012,0.0041,0.0009,0.1542,0.0592,0.2524,0.0379,0.0958,0.0168,0.0126
2017.5,0.3643,0.0012,0.0041,0.0009,0.1542,0.0592,0.2524,0.0379,0.0958,0.0168,0.0126
2017.5833,0.3643,0.0012,0.0041,0.0009,0.1542,0.0592,0.2524,0.0379,0.0958,0.0168,0.0126
2017.6667,0.3643,0.0012,0.0041,0.0009,0.1542,0.0592,0.2524,0.0379,0.0958,0.0168,0.0126
